label,objective,population_size,generations,processes,generation,best_value
convergence_grid,rastrigin,50,100,4,0,286.99533168
convergence_grid,rastrigin,50,100,4,1,198.245657743
convergence_grid,rastrigin,50,100,4,2,197.272126188
convergence_grid,rastrigin,50,100,4,3,180.332190577
convergence_grid,rastrigin,50,100,4,4,152.400404714
convergence_grid,rastrigin,50,100,4,5,146.084599111
convergence_grid,rastrigin,50,100,4,6,145.89042833
convergence_grid,rastrigin,50,100,4,7,137.681366766
convergence_grid,rastrigin,50,100,4,8,131.28788189
convergence_grid,rastrigin,50,100,4,9,131.28788189
convergence_grid,rastrigin,50,100,4,10,131.28788189
convergence_grid,rastrigin,50,100,4,11,123.935082102
convergence_grid,rastrigin,50,100,4,12,123.744538784
convergence_grid,rastrigin,50,100,4,13,123.744538784
convergence_grid,rastrigin,50,100,4,14,112.556689802
convergence_grid,rastrigin,50,100,4,15,109.481837327
convergence_grid,rastrigin,50,100,4,16,109.481837327
convergence_grid,rastrigin,50,100,4,17,93.0323354362
convergence_grid,rastrigin,50,100,4,18,77.4329696068
convergence_grid,rastrigin,50,100,4,19,77.4329696068
convergence_grid,rastrigin,50,100,4,20,76.6655208642
convergence_grid,rastrigin,50,100,4,21,71.3634815264
convergence_grid,rastrigin,50,100,4,22,55.5081651105
convergence_grid,rastrigin,50,100,4,23,55.5081651105
convergence_grid,rastrigin,50,100,4,24,49.6158713118
convergence_grid,rastrigin,50,100,4,25,49.6158713118
convergence_grid,rastrigin,50,100,4,26,49.6158713118
convergence_grid,rastrigin,50,100,4,27,45.9585176576
convergence_grid,rastrigin,50,100,4,28,45.9585176576
convergence_grid,rastrigin,50,100,4,29,45.0055547401
convergence_grid,rastrigin,50,100,4,30,40.8989326002
convergence_grid,rastrigin,50,100,4,31,40.8989326002
convergence_grid,rastrigin,50,100,4,32,40.8989326002
convergence_grid,rastrigin,50,100,4,33,40.8989326002
convergence_grid,rastrigin,50,100,4,34,36.4609230603
convergence_grid,rastrigin,50,100,4,35,36.2063356931
convergence_grid,rastrigin,50,100,4,36,36.2063356931
convergence_grid,rastrigin,50,100,4,37,36.2063356931
convergence_grid,rastrigin,50,100,4,38,33.8097080593
convergence_grid,rastrigin,50,100,4,39,33.8097080593
convergence_grid,rastrigin,50,100,4,40,33.4296178452
convergence_grid,rastrigin,50,100,4,41,33.4296178452
convergence_grid,rastrigin,50,100,4,42,31.8342913506
convergence_grid,rastrigin,50,100,4,43,31.8342913506
convergence_grid,rastrigin,50,100,4,44,31.8342913506
convergence_grid,rastrigin,50,100,4,45,31.3947923875
convergence_grid,rastrigin,50,100,4,46,29.8942342841
convergence_grid,rastrigin,50,100,4,47,29.8942342841
convergence_grid,rastrigin,50,100,4,48,29.1049953528
convergence_grid,rastrigin,50,100,4,49,29.1049953528
convergence_grid,rastrigin,50,100,4,50,28.3441967218
convergence_grid,rastrigin,50,100,4,51,25.3891578102
convergence_grid,rastrigin,50,100,4,52,25.3891578102
convergence_grid,rastrigin,50,100,4,53,20.7542303952
convergence_grid,rastrigin,50,100,4,54,20.7542303952
convergence_grid,rastrigin,50,100,4,55,20.7542303952
convergence_grid,rastrigin,50,100,4,56,20.7542303952
convergence_grid,rastrigin,50,100,4,57,20.7542303952
convergence_grid,rastrigin,50,100,4,58,20.7542303952
convergence_grid,rastrigin,50,100,4,59,20.7542303952
convergence_grid,rastrigin,50,100,4,60,20.7542303952
convergence_grid,rastrigin,50,100,4,61,20.7542303952
convergence_grid,rastrigin,50,100,4,62,20.7542303952
convergence_grid,rastrigin,50,100,4,63,20.7542303952
convergence_grid,rastrigin,50,100,4,64,20.7542303952
convergence_grid,rastrigin,50,100,4,65,19.6607560326
convergence_grid,rastrigin,50,100,4,66,19.5467829004
convergence_grid,rastrigin,50,100,4,67,19.5467829004
convergence_grid,rastrigin,50,100,4,68,19.5467829004
convergence_grid,rastrigin,50,100,4,69,19.5467829004
convergence_grid,rastrigin,50,100,4,70,16.4090234519
convergence_grid,rastrigin,50,100,4,71,16.4090234519
convergence_grid,rastrigin,50,100,4,72,16.4090234519
convergence_grid,rastrigin,50,100,4,73,16.4090234519
convergence_grid,rastrigin,50,100,4,74,16.4090234519
convergence_grid,rastrigin,50,100,4,75,16.4090234519
convergence_grid,rastrigin,50,100,4,76,16.4090234519
convergence_grid,rastrigin,50,100,4,77,16.4090234519
convergence_grid,rastrigin,50,100,4,78,16.4090234519
convergence_grid,rastrigin,50,100,4,79,16.0436270052
convergence_grid,rastrigin,50,100,4,80,16.0436270052
convergence_grid,rastrigin,50,100,4,81,16.0436270052
convergence_grid,rastrigin,50,100,4,82,16.0436270052
convergence_grid,rastrigin,50,100,4,83,16.0436270052
convergence_grid,rastrigin,50,100,4,84,16.0436270052
convergence_grid,rastrigin,50,100,4,85,16.0436270052
convergence_grid,rastrigin,50,100,4,86,16.0436270052
convergence_grid,rastrigin,50,100,4,87,15.5940416558
convergence_grid,rastrigin,50,100,4,88,15.4976333933
convergence_grid,rastrigin,50,100,4,89,15.213775878
convergence_grid,rastrigin,50,100,4,90,15.213775878
convergence_grid,rastrigin,50,100,4,91,15.213775878
convergence_grid,rastrigin,50,100,4,92,15.213775878
convergence_grid,rastrigin,50,100,4,93,15.213775878
convergence_grid,rastrigin,50,100,4,94,15.213775878
convergence_grid,rastrigin,50,100,4,95,15.213775878
convergence_grid,rastrigin,50,100,4,96,15.213775878
convergence_grid,rastrigin,50,100,4,97,15.213775878
convergence_grid,rastrigin,50,100,4,98,15.213775878
convergence_grid,rastrigin,50,100,4,99,15.213775878
convergence_grid,rastrigin,50,100,4,100,14.857247782
convergence_grid,rastrigin,50,500,4,0,286.511257066
convergence_grid,rastrigin,50,500,4,1,214.488777734
convergence_grid,rastrigin,50,500,4,2,200.500696339
convergence_grid,rastrigin,50,500,4,3,154.026862376
convergence_grid,rastrigin,50,500,4,4,154.026862376
convergence_grid,rastrigin,50,500,4,5,130.438326487
convergence_grid,rastrigin,50,500,4,6,130.438326487
convergence_grid,rastrigin,50,500,4,7,130.438326487
convergence_grid,rastrigin,50,500,4,8,123.012436492
convergence_grid,rastrigin,50,500,4,9,122.65497613
convergence_grid,rastrigin,50,500,4,10,122.65497613
convergence_grid,rastrigin,50,500,4,11,110.943446156
convergence_grid,rastrigin,50,500,4,12,103.585862738
convergence_grid,rastrigin,50,500,4,13,103.585862738
convergence_grid,rastrigin,50,500,4,14,99.5651290273
convergence_grid,rastrigin,50,500,4,15,99.5651290273
convergence_grid,rastrigin,50,500,4,16,99.5651290273
convergence_grid,rastrigin,50,500,4,17,78.9724113616
convergence_grid,rastrigin,50,500,4,18,78.9724113616
convergence_grid,rastrigin,50,500,4,19,75.557994126
convergence_grid,rastrigin,50,500,4,20,69.1060890225
convergence_grid,rastrigin,50,500,4,21,61.7059414197
convergence_grid,rastrigin,50,500,4,22,61.7059414197
convergence_grid,rastrigin,50,500,4,23,61.4280808001
convergence_grid,rastrigin,50,500,4,24,59.79370315
convergence_grid,rastrigin,50,500,4,25,56.635780239
convergence_grid,rastrigin,50,500,4,26,56.635780239
convergence_grid,rastrigin,50,500,4,27,56.0260807575
convergence_grid,rastrigin,50,500,4,28,56.0260807575
convergence_grid,rastrigin,50,500,4,29,52.2330660698
convergence_grid,rastrigin,50,500,4,30,47.2369404998
convergence_grid,rastrigin,50,500,4,31,45.1180956438
convergence_grid,rastrigin,50,500,4,32,43.8044998207
convergence_grid,rastrigin,50,500,4,33,43.8044998207
convergence_grid,rastrigin,50,500,4,34,42.2436143253
convergence_grid,rastrigin,50,500,4,35,42.2436143253
convergence_grid,rastrigin,50,500,4,36,38.8379811293
convergence_grid,rastrigin,50,500,4,37,38.8379811293
convergence_grid,rastrigin,50,500,4,38,38.8379811293
convergence_grid,rastrigin,50,500,4,39,38.8379811293
convergence_grid,rastrigin,50,500,4,40,37.4101815229
convergence_grid,rastrigin,50,500,4,41,31.7445552978
convergence_grid,rastrigin,50,500,4,42,29.9151513863
convergence_grid,rastrigin,50,500,4,43,29.9151513863
convergence_grid,rastrigin,50,500,4,44,29.9151513863
convergence_grid,rastrigin,50,500,4,45,28.4013905564
convergence_grid,rastrigin,50,500,4,46,28.4013905564
convergence_grid,rastrigin,50,500,4,47,28.4013905564
convergence_grid,rastrigin,50,500,4,48,28.4013905564
convergence_grid,rastrigin,50,500,4,49,27.9892215709
convergence_grid,rastrigin,50,500,4,50,27.9892215709
convergence_grid,rastrigin,50,500,4,51,24.6146368437
convergence_grid,rastrigin,50,500,4,52,24.6146368437
convergence_grid,rastrigin,50,500,4,53,21.8867484273
convergence_grid,rastrigin,50,500,4,54,21.8867484273
convergence_grid,rastrigin,50,500,4,55,21.8867484273
convergence_grid,rastrigin,50,500,4,56,21.8867484273
convergence_grid,rastrigin,50,500,4,57,21.8867484273
convergence_grid,rastrigin,50,500,4,58,21.8867484273
convergence_grid,rastrigin,50,500,4,59,21.8867484273
convergence_grid,rastrigin,50,500,4,60,21.8867484273
convergence_grid,rastrigin,50,500,4,61,21.8867484273
convergence_grid,rastrigin,50,500,4,62,19.3551006929
convergence_grid,rastrigin,50,500,4,63,19.3551006929
convergence_grid,rastrigin,50,500,4,64,19.3551006929
convergence_grid,rastrigin,50,500,4,65,19.3551006929
convergence_grid,rastrigin,50,500,4,66,19.3551006929
convergence_grid,rastrigin,50,500,4,67,18.7797754766
convergence_grid,rastrigin,50,500,4,68,18.7797754766
convergence_grid,rastrigin,50,500,4,69,18.7797754766
convergence_grid,rastrigin,50,500,4,70,18.6750030443
convergence_grid,rastrigin,50,500,4,71,18.6750030443
convergence_grid,rastrigin,50,500,4,72,18.5256300325
convergence_grid,rastrigin,50,500,4,73,15.9313210378
convergence_grid,rastrigin,50,500,4,74,15.9313210378
convergence_grid,rastrigin,50,500,4,75,15.9313210378
convergence_grid,rastrigin,50,500,4,76,15.5793927259
convergence_grid,rastrigin,50,500,4,77,15.5793927259
convergence_grid,rastrigin,50,500,4,78,14.4003152803
convergence_grid,rastrigin,50,500,4,79,14.4003152803
convergence_grid,rastrigin,50,500,4,80,14.4003152803
convergence_grid,rastrigin,50,500,4,81,14.4003152803
convergence_grid,rastrigin,50,500,4,82,14.4003152803
convergence_grid,rastrigin,50,500,4,83,14.4003152803
convergence_grid,rastrigin,50,500,4,84,14.4003152803
convergence_grid,rastrigin,50,500,4,85,14.4003152803
convergence_grid,rastrigin,50,500,4,86,14.4003152803
convergence_grid,rastrigin,50,500,4,87,14.1015367059
convergence_grid,rastrigin,50,500,4,88,14.1015367059
convergence_grid,rastrigin,50,500,4,89,14.1015367059
convergence_grid,rastrigin,50,500,4,90,12.7948670581
convergence_grid,rastrigin,50,500,4,91,12.7948670581
convergence_grid,rastrigin,50,500,4,92,12.7948670581
convergence_grid,rastrigin,50,500,4,93,12.7948670581
convergence_grid,rastrigin,50,500,4,94,12.7948670581
convergence_grid,rastrigin,50,500,4,95,12.7948670581
convergence_grid,rastrigin,50,500,4,96,12.0489512052
convergence_grid,rastrigin,50,500,4,97,12.0489512052
convergence_grid,rastrigin,50,500,4,98,12.0489512052
convergence_grid,rastrigin,50,500,4,99,10.4946231462
convergence_grid,rastrigin,50,500,4,100,10.4946231462
convergence_grid,rastrigin,50,500,4,101,10.4946231462
convergence_grid,rastrigin,50,500,4,102,10.4946231462
convergence_grid,rastrigin,50,500,4,103,10.4946231462
convergence_grid,rastrigin,50,500,4,104,10.4946231462
convergence_grid,rastrigin,50,500,4,105,10.4946231462
convergence_grid,rastrigin,50,500,4,106,10.4946231462
convergence_grid,rastrigin,50,500,4,107,10.4946231462
convergence_grid,rastrigin,50,500,4,108,10.4946231462
convergence_grid,rastrigin,50,500,4,109,10.4946231462
convergence_grid,rastrigin,50,500,4,110,10.4946231462
convergence_grid,rastrigin,50,500,4,111,10.4946231462
convergence_grid,rastrigin,50,500,4,112,10.4946231462
convergence_grid,rastrigin,50,500,4,113,10.4946231462
convergence_grid,rastrigin,50,500,4,114,10.4946231462
convergence_grid,rastrigin,50,500,4,115,10.2150533813
convergence_grid,rastrigin,50,500,4,116,9.96736639295
convergence_grid,rastrigin,50,500,4,117,9.96736639295
convergence_grid,rastrigin,50,500,4,118,9.66573618339
convergence_grid,rastrigin,50,500,4,119,9.60456735365
convergence_grid,rastrigin,50,500,4,120,9.60456735365
convergence_grid,rastrigin,50,500,4,121,9.60456735365
convergence_grid,rastrigin,50,500,4,122,9.36259768825
convergence_grid,rastrigin,50,500,4,123,8.5030441007
convergence_grid,rastrigin,50,500,4,124,8.5030441007
convergence_grid,rastrigin,50,500,4,125,8.5030441007
convergence_grid,rastrigin,50,500,4,126,8.5030441007
convergence_grid,rastrigin,50,500,4,127,8.5030441007
convergence_grid,rastrigin,50,500,4,128,7.49249093277
convergence_grid,rastrigin,50,500,4,129,7.49249093277
convergence_grid,rastrigin,50,500,4,130,7.49249093277
convergence_grid,rastrigin,50,500,4,131,7.49249093277
convergence_grid,rastrigin,50,500,4,132,7.49249093277
convergence_grid,rastrigin,50,500,4,133,7.49249093277
convergence_grid,rastrigin,50,500,4,134,7.49249093277
convergence_grid,rastrigin,50,500,4,135,7.49249093277
convergence_grid,rastrigin,50,500,4,136,7.49249093277
convergence_grid,rastrigin,50,500,4,137,7.49249093277
convergence_grid,rastrigin,50,500,4,138,7.49249093277
convergence_grid,rastrigin,50,500,4,139,7.49249093277
convergence_grid,rastrigin,50,500,4,140,7.49249093277
convergence_grid,rastrigin,50,500,4,141,7.49249093277
convergence_grid,rastrigin,50,500,4,142,7.49249093277
convergence_grid,rastrigin,50,500,4,143,7.49249093277
convergence_grid,rastrigin,50,500,4,144,7.43058998253
convergence_grid,rastrigin,50,500,4,145,7.43058998253
convergence_grid,rastrigin,50,500,4,146,7.43058998253
convergence_grid,rastrigin,50,500,4,147,7.43058998253
convergence_grid,rastrigin,50,500,4,148,7.40147906679
convergence_grid,rastrigin,50,500,4,149,7.40147906679
convergence_grid,rastrigin,50,500,4,150,7.40061670319
convergence_grid,rastrigin,50,500,4,151,7.39897059073
convergence_grid,rastrigin,50,500,4,152,7.39897059073
convergence_grid,rastrigin,50,500,4,153,7.39897059073
convergence_grid,rastrigin,50,500,4,154,7.39897059073
convergence_grid,rastrigin,50,500,4,155,6.38974654388
convergence_grid,rastrigin,50,500,4,156,6.38974654388
convergence_grid,rastrigin,50,500,4,157,6.38974654388
convergence_grid,rastrigin,50,500,4,158,6.38974654388
convergence_grid,rastrigin,50,500,4,159,6.38974654388
convergence_grid,rastrigin,50,500,4,160,6.38974654388
convergence_grid,rastrigin,50,500,4,161,6.38974654388
convergence_grid,rastrigin,50,500,4,162,6.38974654388
convergence_grid,rastrigin,50,500,4,163,6.38974654388
convergence_grid,rastrigin,50,500,4,164,6.32567375974
convergence_grid,rastrigin,50,500,4,165,6.32567375974
convergence_grid,rastrigin,50,500,4,166,6.32567375974
convergence_grid,rastrigin,50,500,4,167,6.32567375974
convergence_grid,rastrigin,50,500,4,168,6.32567375974
convergence_grid,rastrigin,50,500,4,169,6.32567375974
convergence_grid,rastrigin,50,500,4,170,6.32567375974
convergence_grid,rastrigin,50,500,4,171,6.30535571926
convergence_grid,rastrigin,50,500,4,172,6.30535571926
convergence_grid,rastrigin,50,500,4,173,6.30535571926
convergence_grid,rastrigin,50,500,4,174,6.30535571926
convergence_grid,rastrigin,50,500,4,175,5.08394676789
convergence_grid,rastrigin,50,500,4,176,5.08394676789
convergence_grid,rastrigin,50,500,4,177,5.08394676789
convergence_grid,rastrigin,50,500,4,178,4.44231366817
convergence_grid,rastrigin,50,500,4,179,4.44231366817
convergence_grid,rastrigin,50,500,4,180,4.44231366817
convergence_grid,rastrigin,50,500,4,181,4.44231366817
convergence_grid,rastrigin,50,500,4,182,4.44231366817
convergence_grid,rastrigin,50,500,4,183,4.44231366817
convergence_grid,rastrigin,50,500,4,184,4.44231366817
convergence_grid,rastrigin,50,500,4,185,4.44231366817
convergence_grid,rastrigin,50,500,4,186,4.44231366817
convergence_grid,rastrigin,50,500,4,187,4.44231366817
convergence_grid,rastrigin,50,500,4,188,4.44231366817
convergence_grid,rastrigin,50,500,4,189,4.44231366817
convergence_grid,rastrigin,50,500,4,190,4.44231366817
convergence_grid,rastrigin,50,500,4,191,4.44231366817
convergence_grid,rastrigin,50,500,4,192,4.44231366817
convergence_grid,rastrigin,50,500,4,193,4.44231366817
convergence_grid,rastrigin,50,500,4,194,4.44231366817
convergence_grid,rastrigin,50,500,4,195,4.44231366817
convergence_grid,rastrigin,50,500,4,196,4.44231366817
convergence_grid,rastrigin,50,500,4,197,4.44231366817
convergence_grid,rastrigin,50,500,4,198,4.44231366817
convergence_grid,rastrigin,50,500,4,199,4.44231366817
convergence_grid,rastrigin,50,500,4,200,4.44231366817
convergence_grid,rastrigin,50,500,4,201,4.44231366817
convergence_grid,rastrigin,50,500,4,202,4.44231366817
convergence_grid,rastrigin,50,500,4,203,4.44231366817
convergence_grid,rastrigin,50,500,4,204,4.44231366817
convergence_grid,rastrigin,50,500,4,205,4.44231366817
convergence_grid,rastrigin,50,500,4,206,4.44231366817
convergence_grid,rastrigin,50,500,4,207,4.44231366817
convergence_grid,rastrigin,50,500,4,208,4.44231366817
convergence_grid,rastrigin,50,500,4,209,4.44231366817
convergence_grid,rastrigin,50,500,4,210,4.44231366817
convergence_grid,rastrigin,50,500,4,211,4.44231366817
convergence_grid,rastrigin,50,500,4,212,4.44231366817
convergence_grid,rastrigin,50,500,4,213,4.44231366817
convergence_grid,rastrigin,50,500,4,214,4.44231366817
convergence_grid,rastrigin,50,500,4,215,4.44231366817
convergence_grid,rastrigin,50,500,4,216,4.44231366817
convergence_grid,rastrigin,50,500,4,217,4.43360860027
convergence_grid,rastrigin,50,500,4,218,4.34233168125
convergence_grid,rastrigin,50,500,4,219,4.34233168125
convergence_grid,rastrigin,50,500,4,220,4.34233168125
convergence_grid,rastrigin,50,500,4,221,4.19786587651
convergence_grid,rastrigin,50,500,4,222,4.19786587651
convergence_grid,rastrigin,50,500,4,223,4.14021426173
convergence_grid,rastrigin,50,500,4,224,4.14021426173
convergence_grid,rastrigin,50,500,4,225,4.14021426173
convergence_grid,rastrigin,50,500,4,226,4.14021426173
convergence_grid,rastrigin,50,500,4,227,4.0591672404
convergence_grid,rastrigin,50,500,4,228,4.0591672404
convergence_grid,rastrigin,50,500,4,229,4.0591672404
convergence_grid,rastrigin,50,500,4,230,4.0591672404
convergence_grid,rastrigin,50,500,4,231,4.01745742663
convergence_grid,rastrigin,50,500,4,232,4.01745742663
convergence_grid,rastrigin,50,500,4,233,3.83486867467
convergence_grid,rastrigin,50,500,4,234,3.70804413771
convergence_grid,rastrigin,50,500,4,235,3.70804413771
convergence_grid,rastrigin,50,500,4,236,3.70804413771
convergence_grid,rastrigin,50,500,4,237,3.66034623549
convergence_grid,rastrigin,50,500,4,238,3.66034623549
convergence_grid,rastrigin,50,500,4,239,3.66034623549
convergence_grid,rastrigin,50,500,4,240,3.65942478775
convergence_grid,rastrigin,50,500,4,241,3.65942478775
convergence_grid,rastrigin,50,500,4,242,3.65942478775
convergence_grid,rastrigin,50,500,4,243,3.65942478775
convergence_grid,rastrigin,50,500,4,244,3.65942478775
convergence_grid,rastrigin,50,500,4,245,3.65942478775
convergence_grid,rastrigin,50,500,4,246,3.65942478775
convergence_grid,rastrigin,50,500,4,247,3.65942478775
convergence_grid,rastrigin,50,500,4,248,3.65942478775
convergence_grid,rastrigin,50,500,4,249,3.65942478775
convergence_grid,rastrigin,50,500,4,250,3.65942478775
convergence_grid,rastrigin,50,500,4,251,3.65525710041
convergence_grid,rastrigin,50,500,4,252,3.65525710041
convergence_grid,rastrigin,50,500,4,253,3.61154890752
convergence_grid,rastrigin,50,500,4,254,3.61154890752
convergence_grid,rastrigin,50,500,4,255,3.44017668616
convergence_grid,rastrigin,50,500,4,256,3.44017668616
convergence_grid,rastrigin,50,500,4,257,3.44017668616
convergence_grid,rastrigin,50,500,4,258,3.44017668616
convergence_grid,rastrigin,50,500,4,259,3.44017668616
convergence_grid,rastrigin,50,500,4,260,3.44017668616
convergence_grid,rastrigin,50,500,4,261,3.44017668616
convergence_grid,rastrigin,50,500,4,262,3.44017668616
convergence_grid,rastrigin,50,500,4,263,3.44017668616
convergence_grid,rastrigin,50,500,4,264,3.44017668616
convergence_grid,rastrigin,50,500,4,265,3.44017668616
convergence_grid,rastrigin,50,500,4,266,3.44017668616
convergence_grid,rastrigin,50,500,4,267,3.44017668616
convergence_grid,rastrigin,50,500,4,268,3.44017668616
convergence_grid,rastrigin,50,500,4,269,3.44017668616
convergence_grid,rastrigin,50,500,4,270,3.44017668616
convergence_grid,rastrigin,50,500,4,271,3.44017668616
convergence_grid,rastrigin,50,500,4,272,3.44017668616
convergence_grid,rastrigin,50,500,4,273,3.44017668616
convergence_grid,rastrigin,50,500,4,274,3.44017668616
convergence_grid,rastrigin,50,500,4,275,3.44017668616
convergence_grid,rastrigin,50,500,4,276,3.44017668616
convergence_grid,rastrigin,50,500,4,277,3.44017668616
convergence_grid,rastrigin,50,500,4,278,3.44017668616
convergence_grid,rastrigin,50,500,4,279,3.44017668616
convergence_grid,rastrigin,50,500,4,280,3.44017668616
convergence_grid,rastrigin,50,500,4,281,3.44017668616
convergence_grid,rastrigin,50,500,4,282,3.44017668616
convergence_grid,rastrigin,50,500,4,283,3.44017668616
convergence_grid,rastrigin,50,500,4,284,3.44017668616
convergence_grid,rastrigin,50,500,4,285,3.44017668616
convergence_grid,rastrigin,50,500,4,286,3.44017668616
convergence_grid,rastrigin,50,500,4,287,3.44017668616
convergence_grid,rastrigin,50,500,4,288,3.44017668616
convergence_grid,rastrigin,50,500,4,289,3.44017668616
convergence_grid,rastrigin,50,500,4,290,3.44017668616
convergence_grid,rastrigin,50,500,4,291,3.44017668616
convergence_grid,rastrigin,50,500,4,292,3.44017668616
convergence_grid,rastrigin,50,500,4,293,3.44017668616
convergence_grid,rastrigin,50,500,4,294,3.44017668616
convergence_grid,rastrigin,50,500,4,295,3.44017668616
convergence_grid,rastrigin,50,500,4,296,3.44017668616
convergence_grid,rastrigin,50,500,4,297,3.44017668616
convergence_grid,rastrigin,50,500,4,298,3.41688922021
convergence_grid,rastrigin,50,500,4,299,3.34936777236
convergence_grid,rastrigin,50,500,4,300,3.34822467044
convergence_grid,rastrigin,50,500,4,301,3.33223421487
convergence_grid,rastrigin,50,500,4,302,3.29655351776
convergence_grid,rastrigin,50,500,4,303,3.29655351776
convergence_grid,rastrigin,50,500,4,304,3.29655351776
convergence_grid,rastrigin,50,500,4,305,3.26052700417
convergence_grid,rastrigin,50,500,4,306,3.26052700417
convergence_grid,rastrigin,50,500,4,307,3.26052700417
convergence_grid,rastrigin,50,500,4,308,3.26052700417
convergence_grid,rastrigin,50,500,4,309,3.24554312422
convergence_grid,rastrigin,50,500,4,310,3.24554312422
convergence_grid,rastrigin,50,500,4,311,3.23184738919
convergence_grid,rastrigin,50,500,4,312,3.23184738919
convergence_grid,rastrigin,50,500,4,313,3.23184738919
convergence_grid,rastrigin,50,500,4,314,3.23184738919
convergence_grid,rastrigin,50,500,4,315,3.23184738919
convergence_grid,rastrigin,50,500,4,316,3.23184738919
convergence_grid,rastrigin,50,500,4,317,3.23184738919
convergence_grid,rastrigin,50,500,4,318,3.23184738919
convergence_grid,rastrigin,50,500,4,319,3.23184738919
convergence_grid,rastrigin,50,500,4,320,3.23184738919
convergence_grid,rastrigin,50,500,4,321,3.23184738919
convergence_grid,rastrigin,50,500,4,322,3.23184738919
convergence_grid,rastrigin,50,500,4,323,3.23184738919
convergence_grid,rastrigin,50,500,4,324,3.23184738919
convergence_grid,rastrigin,50,500,4,325,3.23184738919
convergence_grid,rastrigin,50,500,4,326,3.23184738919
convergence_grid,rastrigin,50,500,4,327,3.23184738919
convergence_grid,rastrigin,50,500,4,328,3.23184738919
convergence_grid,rastrigin,50,500,4,329,3.23184738919
convergence_grid,rastrigin,50,500,4,330,3.23184738919
convergence_grid,rastrigin,50,500,4,331,2.44855027596
convergence_grid,rastrigin,50,500,4,332,2.44855027596
convergence_grid,rastrigin,50,500,4,333,2.44855027596
convergence_grid,rastrigin,50,500,4,334,2.44855027596
convergence_grid,rastrigin,50,500,4,335,2.44855027596
convergence_grid,rastrigin,50,500,4,336,2.44855027596
convergence_grid,rastrigin,50,500,4,337,2.44855027596
convergence_grid,rastrigin,50,500,4,338,2.44855027596
convergence_grid,rastrigin,50,500,4,339,2.44855027596
convergence_grid,rastrigin,50,500,4,340,2.44855027596
convergence_grid,rastrigin,50,500,4,341,2.44855027596
convergence_grid,rastrigin,50,500,4,342,2.44855027596
convergence_grid,rastrigin,50,500,4,343,2.44855027596
convergence_grid,rastrigin,50,500,4,344,2.44855027596
convergence_grid,rastrigin,50,500,4,345,2.44855027596
convergence_grid,rastrigin,50,500,4,346,2.44855027596
convergence_grid,rastrigin,50,500,4,347,2.44855027596
convergence_grid,rastrigin,50,500,4,348,2.44855027596
convergence_grid,rastrigin,50,500,4,349,2.44855027596
convergence_grid,rastrigin,50,500,4,350,2.44077721037
convergence_grid,rastrigin,50,500,4,351,2.44077721037
convergence_grid,rastrigin,50,500,4,352,2.44077721037
convergence_grid,rastrigin,50,500,4,353,2.44077721037
convergence_grid,rastrigin,50,500,4,354,2.44077721037
convergence_grid,rastrigin,50,500,4,355,2.44077721037
convergence_grid,rastrigin,50,500,4,356,2.44077721037
convergence_grid,rastrigin,50,500,4,357,2.44077721037
convergence_grid,rastrigin,50,500,4,358,2.44077721037
convergence_grid,rastrigin,50,500,4,359,2.44077721037
convergence_grid,rastrigin,50,500,4,360,2.44077721037
convergence_grid,rastrigin,50,500,4,361,2.44077721037
convergence_grid,rastrigin,50,500,4,362,2.44077721037
convergence_grid,rastrigin,50,500,4,363,2.1965120134
convergence_grid,rastrigin,50,500,4,364,2.1965120134
convergence_grid,rastrigin,50,500,4,365,2.1965120134
convergence_grid,rastrigin,50,500,4,366,2.1965120134
convergence_grid,rastrigin,50,500,4,367,2.1965120134
convergence_grid,rastrigin,50,500,4,368,2.1965120134
convergence_grid,rastrigin,50,500,4,369,2.1965120134
convergence_grid,rastrigin,50,500,4,370,2.10119565504
convergence_grid,rastrigin,50,500,4,371,2.09578427614
convergence_grid,rastrigin,50,500,4,372,2.08956009058
convergence_grid,rastrigin,50,500,4,373,1.95261056628
convergence_grid,rastrigin,50,500,4,374,1.95261056628
convergence_grid,rastrigin,50,500,4,375,1.86586152689
convergence_grid,rastrigin,50,500,4,376,1.86552971397
convergence_grid,rastrigin,50,500,4,377,1.86552971397
convergence_grid,rastrigin,50,500,4,378,1.86552971397
convergence_grid,rastrigin,50,500,4,379,1.86552971397
convergence_grid,rastrigin,50,500,4,380,1.86552971397
convergence_grid,rastrigin,50,500,4,381,1.86552971397
convergence_grid,rastrigin,50,500,4,382,1.86552971397
convergence_grid,rastrigin,50,500,4,383,1.86552971397
convergence_grid,rastrigin,50,500,4,384,1.86552971397
convergence_grid,rastrigin,50,500,4,385,1.86552971397
convergence_grid,rastrigin,50,500,4,386,1.72616381755
convergence_grid,rastrigin,50,500,4,387,1.66976495144
convergence_grid,rastrigin,50,500,4,388,1.66976495144
convergence_grid,rastrigin,50,500,4,389,1.66976495144
convergence_grid,rastrigin,50,500,4,390,1.66976495144
convergence_grid,rastrigin,50,500,4,391,1.66976495144
convergence_grid,rastrigin,50,500,4,392,1.66976495144
convergence_grid,rastrigin,50,500,4,393,1.66976495144
convergence_grid,rastrigin,50,500,4,394,1.66976495144
convergence_grid,rastrigin,50,500,4,395,1.66976495144
convergence_grid,rastrigin,50,500,4,396,1.66855758721
convergence_grid,rastrigin,50,500,4,397,1.66855758721
convergence_grid,rastrigin,50,500,4,398,1.64574485214
convergence_grid,rastrigin,50,500,4,399,1.64574485214
convergence_grid,rastrigin,50,500,4,400,1.64574485214
convergence_grid,rastrigin,50,500,4,401,1.63168394262
convergence_grid,rastrigin,50,500,4,402,1.63168394262
convergence_grid,rastrigin,50,500,4,403,1.63168394262
convergence_grid,rastrigin,50,500,4,404,1.63168394262
convergence_grid,rastrigin,50,500,4,405,1.63168394262
convergence_grid,rastrigin,50,500,4,406,1.63168394262
convergence_grid,rastrigin,50,500,4,407,1.61164701232
convergence_grid,rastrigin,50,500,4,408,1.61164701232
convergence_grid,rastrigin,50,500,4,409,1.56961331903
convergence_grid,rastrigin,50,500,4,410,1.56961331903
convergence_grid,rastrigin,50,500,4,411,1.53765958272
convergence_grid,rastrigin,50,500,4,412,1.4927083846
convergence_grid,rastrigin,50,500,4,413,1.4927083846
convergence_grid,rastrigin,50,500,4,414,1.4927083846
convergence_grid,rastrigin,50,500,4,415,1.4927083846
convergence_grid,rastrigin,50,500,4,416,1.4927083846
convergence_grid,rastrigin,50,500,4,417,1.4927083846
convergence_grid,rastrigin,50,500,4,418,1.4927083846
convergence_grid,rastrigin,50,500,4,419,1.4927083846
convergence_grid,rastrigin,50,500,4,420,1.4927083846
convergence_grid,rastrigin,50,500,4,421,1.4927083846
convergence_grid,rastrigin,50,500,4,422,1.4927083846
convergence_grid,rastrigin,50,500,4,423,1.4927083846
convergence_grid,rastrigin,50,500,4,424,1.4927083846
convergence_grid,rastrigin,50,500,4,425,1.4927083846
convergence_grid,rastrigin,50,500,4,426,1.4927083846
convergence_grid,rastrigin,50,500,4,427,1.4927083846
convergence_grid,rastrigin,50,500,4,428,1.4927083846
convergence_grid,rastrigin,50,500,4,429,1.4927083846
convergence_grid,rastrigin,50,500,4,430,1.4927083846
convergence_grid,rastrigin,50,500,4,431,1.4927083846
convergence_grid,rastrigin,50,500,4,432,1.4927083846
convergence_grid,rastrigin,50,500,4,433,1.4927083846
convergence_grid,rastrigin,50,500,4,434,1.4927083846
convergence_grid,rastrigin,50,500,4,435,1.4927083846
convergence_grid,rastrigin,50,500,4,436,1.4927083846
convergence_grid,rastrigin,50,500,4,437,1.4927083846
convergence_grid,rastrigin,50,500,4,438,1.4927083846
convergence_grid,rastrigin,50,500,4,439,1.4927083846
convergence_grid,rastrigin,50,500,4,440,1.4927083846
convergence_grid,rastrigin,50,500,4,441,1.4927083846
convergence_grid,rastrigin,50,500,4,442,1.4927083846
convergence_grid,rastrigin,50,500,4,443,1.4927083846
convergence_grid,rastrigin,50,500,4,444,1.4927083846
convergence_grid,rastrigin,50,500,4,445,1.4927083846
convergence_grid,rastrigin,50,500,4,446,1.4927083846
convergence_grid,rastrigin,50,500,4,447,1.4927083846
convergence_grid,rastrigin,50,500,4,448,1.4927083846
convergence_grid,rastrigin,50,500,4,449,1.4927083846
convergence_grid,rastrigin,50,500,4,450,1.4927083846
convergence_grid,rastrigin,50,500,4,451,1.4927083846
convergence_grid,rastrigin,50,500,4,452,1.4927083846
convergence_grid,rastrigin,50,500,4,453,1.4927083846
convergence_grid,rastrigin,50,500,4,454,1.46896248947
convergence_grid,rastrigin,50,500,4,455,1.25241894144
convergence_grid,rastrigin,50,500,4,456,1.25241894144
convergence_grid,rastrigin,50,500,4,457,1.2485425878
convergence_grid,rastrigin,50,500,4,458,1.2485425878
convergence_grid,rastrigin,50,500,4,459,1.2485425878
convergence_grid,rastrigin,50,500,4,460,0.733486973375
convergence_grid,rastrigin,50,500,4,461,0.678215981453
convergence_grid,rastrigin,50,500,4,462,0.678215981453
convergence_grid,rastrigin,50,500,4,463,0.581483225138
convergence_grid,rastrigin,50,500,4,464,0.581483225138
convergence_grid,rastrigin,50,500,4,465,0.581483225138
convergence_grid,rastrigin,50,500,4,466,0.581483225138
convergence_grid,rastrigin,50,500,4,467,0.581483225138
convergence_grid,rastrigin,50,500,4,468,0.581483225138
convergence_grid,rastrigin,50,500,4,469,0.581483225138
convergence_grid,rastrigin,50,500,4,470,0.581483225138
convergence_grid,rastrigin,50,500,4,471,0.581483225138
convergence_grid,rastrigin,50,500,4,472,0.581483225138
convergence_grid,rastrigin,50,500,4,473,0.473265943796
convergence_grid,rastrigin,50,500,4,474,0.465541137604
convergence_grid,rastrigin,50,500,4,475,0.465541137604
convergence_grid,rastrigin,50,500,4,476,0.465541137604
convergence_grid,rastrigin,50,500,4,477,0.465541137604
convergence_grid,rastrigin,50,500,4,478,0.465541137604
convergence_grid,rastrigin,50,500,4,479,0.461635715372
convergence_grid,rastrigin,50,500,4,480,0.45325175214
convergence_grid,rastrigin,50,500,4,481,0.451837428019
convergence_grid,rastrigin,50,500,4,482,0.40249215747
convergence_grid,rastrigin,50,500,4,483,0.40249215747
convergence_grid,rastrigin,50,500,4,484,0.40249215747
convergence_grid,rastrigin,50,500,4,485,0.40249215747
convergence_grid,rastrigin,50,500,4,486,0.40249215747
convergence_grid,rastrigin,50,500,4,487,0.40249215747
convergence_grid,rastrigin,50,500,4,488,0.40249215747
convergence_grid,rastrigin,50,500,4,489,0.40249215747
convergence_grid,rastrigin,50,500,4,490,0.40249215747
convergence_grid,rastrigin,50,500,4,491,0.40249215747
convergence_grid,rastrigin,50,500,4,492,0.40249215747
convergence_grid,rastrigin,50,500,4,493,0.40249215747
convergence_grid,rastrigin,50,500,4,494,0.40249215747
convergence_grid,rastrigin,50,500,4,495,0.40249215747
convergence_grid,rastrigin,50,500,4,496,0.40249215747
convergence_grid,rastrigin,50,500,4,497,0.40249215747
convergence_grid,rastrigin,50,500,4,498,0.40249215747
convergence_grid,rastrigin,50,500,4,499,0.40249215747
convergence_grid,rastrigin,50,500,4,500,0.40249215747
convergence_grid,rastrigin,50,1000,4,0,272.306223224
convergence_grid,rastrigin,50,1000,4,1,226.633604902
convergence_grid,rastrigin,50,1000,4,2,189.116082241
convergence_grid,rastrigin,50,1000,4,3,177.749154891
convergence_grid,rastrigin,50,1000,4,4,142.248058432
convergence_grid,rastrigin,50,1000,4,5,139.102944978
convergence_grid,rastrigin,50,1000,4,6,139.102944978
convergence_grid,rastrigin,50,1000,4,7,130.256714928
convergence_grid,rastrigin,50,1000,4,8,130.256714928
convergence_grid,rastrigin,50,1000,4,9,98.7429844917
convergence_grid,rastrigin,50,1000,4,10,98.7429844917
convergence_grid,rastrigin,50,1000,4,11,90.743695782
convergence_grid,rastrigin,50,1000,4,12,81.1402819617
convergence_grid,rastrigin,50,1000,4,13,81.1402819617
convergence_grid,rastrigin,50,1000,4,14,72.0047967647
convergence_grid,rastrigin,50,1000,4,15,67.1852226701
convergence_grid,rastrigin,50,1000,4,16,67.1852226701
convergence_grid,rastrigin,50,1000,4,17,65.7155050732
convergence_grid,rastrigin,50,1000,4,18,63.6497286533
convergence_grid,rastrigin,50,1000,4,19,63.6497286533
convergence_grid,rastrigin,50,1000,4,20,57.3826149243
convergence_grid,rastrigin,50,1000,4,21,57.3826149243
convergence_grid,rastrigin,50,1000,4,22,57.3826149243
convergence_grid,rastrigin,50,1000,4,23,57.3826149243
convergence_grid,rastrigin,50,1000,4,24,48.9934479767
convergence_grid,rastrigin,50,1000,4,25,48.9934479767
convergence_grid,rastrigin,50,1000,4,26,48.9934479767
convergence_grid,rastrigin,50,1000,4,27,43.2144722528
convergence_grid,rastrigin,50,1000,4,28,40.7452738784
convergence_grid,rastrigin,50,1000,4,29,40.7452738784
convergence_grid,rastrigin,50,1000,4,30,36.1540790859
convergence_grid,rastrigin,50,1000,4,31,33.9531029887
convergence_grid,rastrigin,50,1000,4,32,33.9531029887
convergence_grid,rastrigin,50,1000,4,33,31.9904640127
convergence_grid,rastrigin,50,1000,4,34,31.9904640127
convergence_grid,rastrigin,50,1000,4,35,31.5689164676
convergence_grid,rastrigin,50,1000,4,36,31.5689164676
convergence_grid,rastrigin,50,1000,4,37,31.5689164676
convergence_grid,rastrigin,50,1000,4,38,30.1705189339
convergence_grid,rastrigin,50,1000,4,39,30.1705189339
convergence_grid,rastrigin,50,1000,4,40,30.1705189339
convergence_grid,rastrigin,50,1000,4,41,26.4558541234
convergence_grid,rastrigin,50,1000,4,42,26.4558541234
convergence_grid,rastrigin,50,1000,4,43,26.4558541234
convergence_grid,rastrigin,50,1000,4,44,26.4558541234
convergence_grid,rastrigin,50,1000,4,45,26.4558541234
convergence_grid,rastrigin,50,1000,4,46,26.4558541234
convergence_grid,rastrigin,50,1000,4,47,26.4558541234
convergence_grid,rastrigin,50,1000,4,48,23.9764454149
convergence_grid,rastrigin,50,1000,4,49,23.9764454149
convergence_grid,rastrigin,50,1000,4,50,22.6278096287
convergence_grid,rastrigin,50,1000,4,51,22.6278096287
convergence_grid,rastrigin,50,1000,4,52,20.1665612097
convergence_grid,rastrigin,50,1000,4,53,20.1665612097
convergence_grid,rastrigin,50,1000,4,54,20.1665612097
convergence_grid,rastrigin,50,1000,4,55,20.1665612097
convergence_grid,rastrigin,50,1000,4,56,20.1665612097
convergence_grid,rastrigin,50,1000,4,57,20.1293682086
convergence_grid,rastrigin,50,1000,4,58,20.1293682086
convergence_grid,rastrigin,50,1000,4,59,20.1293682086
convergence_grid,rastrigin,50,1000,4,60,20.1293682086
convergence_grid,rastrigin,50,1000,4,61,20.1293682086
convergence_grid,rastrigin,50,1000,4,62,20.1293682086
convergence_grid,rastrigin,50,1000,4,63,19.5976629676
convergence_grid,rastrigin,50,1000,4,64,19.5976629676
convergence_grid,rastrigin,50,1000,4,65,19.5976629676
convergence_grid,rastrigin,50,1000,4,66,19.5976629676
convergence_grid,rastrigin,50,1000,4,67,19.1832925821
convergence_grid,rastrigin,50,1000,4,68,19.1832925821
convergence_grid,rastrigin,50,1000,4,69,19.1832925821
convergence_grid,rastrigin,50,1000,4,70,19.1832925821
convergence_grid,rastrigin,50,1000,4,71,19.1832925821
convergence_grid,rastrigin,50,1000,4,72,19.1832925821
convergence_grid,rastrigin,50,1000,4,73,19.1832925821
convergence_grid,rastrigin,50,1000,4,74,19.1832925821
convergence_grid,rastrigin,50,1000,4,75,19.1832925821
convergence_grid,rastrigin,50,1000,4,76,19.1832925821
convergence_grid,rastrigin,50,1000,4,77,18.2204974283
convergence_grid,rastrigin,50,1000,4,78,18.2204974283
convergence_grid,rastrigin,50,1000,4,79,18.2204974283
convergence_grid,rastrigin,50,1000,4,80,18.2204974283
convergence_grid,rastrigin,50,1000,4,81,18.2204974283
convergence_grid,rastrigin,50,1000,4,82,18.2204974283
convergence_grid,rastrigin,50,1000,4,83,18.2204974283
convergence_grid,rastrigin,50,1000,4,84,18.2204974283
convergence_grid,rastrigin,50,1000,4,85,18.2204974283
convergence_grid,rastrigin,50,1000,4,86,18.2204974283
convergence_grid,rastrigin,50,1000,4,87,18.2204974283
convergence_grid,rastrigin,50,1000,4,88,17.6184873522
convergence_grid,rastrigin,50,1000,4,89,17.5558977971
convergence_grid,rastrigin,50,1000,4,90,17.5558977971
convergence_grid,rastrigin,50,1000,4,91,17.5558977971
convergence_grid,rastrigin,50,1000,4,92,16.8974885662
convergence_grid,rastrigin,50,1000,4,93,16.8974885662
convergence_grid,rastrigin,50,1000,4,94,16.8974885662
convergence_grid,rastrigin,50,1000,4,95,16.8974885662
convergence_grid,rastrigin,50,1000,4,96,16.8974885662
convergence_grid,rastrigin,50,1000,4,97,15.8432878717
convergence_grid,rastrigin,50,1000,4,98,15.8432878717
convergence_grid,rastrigin,50,1000,4,99,15.8432878717
convergence_grid,rastrigin,50,1000,4,100,15.8432878717
convergence_grid,rastrigin,50,1000,4,101,15.8432878717
convergence_grid,rastrigin,50,1000,4,102,15.8432878717
convergence_grid,rastrigin,50,1000,4,103,15.8432878717
convergence_grid,rastrigin,50,1000,4,104,15.8432878717
convergence_grid,rastrigin,50,1000,4,105,15.3320622559
convergence_grid,rastrigin,50,1000,4,106,15.3320622559
convergence_grid,rastrigin,50,1000,4,107,15.3320622559
convergence_grid,rastrigin,50,1000,4,108,15.3320622559
convergence_grid,rastrigin,50,1000,4,109,15.3320622559
convergence_grid,rastrigin,50,1000,4,110,15.3320622559
convergence_grid,rastrigin,50,1000,4,111,15.3320622559
convergence_grid,rastrigin,50,1000,4,112,15.3320622559
convergence_grid,rastrigin,50,1000,4,113,15.3320622559
convergence_grid,rastrigin,50,1000,4,114,15.3320622559
convergence_grid,rastrigin,50,1000,4,115,15.3320622559
convergence_grid,rastrigin,50,1000,4,116,15.3320622559
convergence_grid,rastrigin,50,1000,4,117,15.1997108752
convergence_grid,rastrigin,50,1000,4,118,15.0002652431
convergence_grid,rastrigin,50,1000,4,119,15.0002652431
convergence_grid,rastrigin,50,1000,4,120,15.0002652431
convergence_grid,rastrigin,50,1000,4,121,15.0002652431
convergence_grid,rastrigin,50,1000,4,122,14.9974393346
convergence_grid,rastrigin,50,1000,4,123,14.3897321553
convergence_grid,rastrigin,50,1000,4,124,14.3897321553
convergence_grid,rastrigin,50,1000,4,125,14.2203355049
convergence_grid,rastrigin,50,1000,4,126,14.0890004728
convergence_grid,rastrigin,50,1000,4,127,14.057519246
convergence_grid,rastrigin,50,1000,4,128,14.057519246
convergence_grid,rastrigin,50,1000,4,129,12.5065144015
convergence_grid,rastrigin,50,1000,4,130,12.5065144015
convergence_grid,rastrigin,50,1000,4,131,12.5065144015
convergence_grid,rastrigin,50,1000,4,132,12.5065144015
convergence_grid,rastrigin,50,1000,4,133,12.5065144015
convergence_grid,rastrigin,50,1000,4,134,12.5065144015
convergence_grid,rastrigin,50,1000,4,135,12.5065144015
convergence_grid,rastrigin,50,1000,4,136,12.5065144015
convergence_grid,rastrigin,50,1000,4,137,12.5065144015
convergence_grid,rastrigin,50,1000,4,138,12.5065144015
convergence_grid,rastrigin,50,1000,4,139,12.5065144015
convergence_grid,rastrigin,50,1000,4,140,12.5065144015
convergence_grid,rastrigin,50,1000,4,141,12.5065144015
convergence_grid,rastrigin,50,1000,4,142,12.5065144015
convergence_grid,rastrigin,50,1000,4,143,12.5065144015
convergence_grid,rastrigin,50,1000,4,144,12.5065144015
convergence_grid,rastrigin,50,1000,4,145,12.3983068301
convergence_grid,rastrigin,50,1000,4,146,12.3983068301
convergence_grid,rastrigin,50,1000,4,147,11.3500763248
convergence_grid,rastrigin,50,1000,4,148,11.3500763248
convergence_grid,rastrigin,50,1000,4,149,11.3500763248
convergence_grid,rastrigin,50,1000,4,150,11.3500763248
convergence_grid,rastrigin,50,1000,4,151,11.2781023913
convergence_grid,rastrigin,50,1000,4,152,11.2781023913
convergence_grid,rastrigin,50,1000,4,153,11.2077552621
convergence_grid,rastrigin,50,1000,4,154,11.2077552621
convergence_grid,rastrigin,50,1000,4,155,11.2077552621
convergence_grid,rastrigin,50,1000,4,156,11.2077552621
convergence_grid,rastrigin,50,1000,4,157,11.2077552621
convergence_grid,rastrigin,50,1000,4,158,11.2077552621
convergence_grid,rastrigin,50,1000,4,159,11.2077552621
convergence_grid,rastrigin,50,1000,4,160,11.2077552621
convergence_grid,rastrigin,50,1000,4,161,11.0826881912
convergence_grid,rastrigin,50,1000,4,162,11.0826881912
convergence_grid,rastrigin,50,1000,4,163,11.0826881912
convergence_grid,rastrigin,50,1000,4,164,11.0826881912
convergence_grid,rastrigin,50,1000,4,165,11.0826881912
convergence_grid,rastrigin,50,1000,4,166,11.0826881912
convergence_grid,rastrigin,50,1000,4,167,11.0826881912
convergence_grid,rastrigin,50,1000,4,168,11.0826881912
convergence_grid,rastrigin,50,1000,4,169,11.0759946689
convergence_grid,rastrigin,50,1000,4,170,11.0759946689
convergence_grid,rastrigin,50,1000,4,171,11.0753847469
convergence_grid,rastrigin,50,1000,4,172,11.0753847469
convergence_grid,rastrigin,50,1000,4,173,10.9947148584
convergence_grid,rastrigin,50,1000,4,174,10.4040606221
convergence_grid,rastrigin,50,1000,4,175,10.4040606221
convergence_grid,rastrigin,50,1000,4,176,10.4040606221
convergence_grid,rastrigin,50,1000,4,177,10.4040606221
convergence_grid,rastrigin,50,1000,4,178,10.4040606221
convergence_grid,rastrigin,50,1000,4,179,10.4040606221
convergence_grid,rastrigin,50,1000,4,180,10.4040606221
convergence_grid,rastrigin,50,1000,4,181,10.4040606221
convergence_grid,rastrigin,50,1000,4,182,10.4040606221
convergence_grid,rastrigin,50,1000,4,183,10.4040606221
convergence_grid,rastrigin,50,1000,4,184,10.4040606221
convergence_grid,rastrigin,50,1000,4,185,10.4040606221
convergence_grid,rastrigin,50,1000,4,186,10.4040606221
convergence_grid,rastrigin,50,1000,4,187,10.4040606221
convergence_grid,rastrigin,50,1000,4,188,10.4040606221
convergence_grid,rastrigin,50,1000,4,189,10.4040606221
convergence_grid,rastrigin,50,1000,4,190,10.4040606221
convergence_grid,rastrigin,50,1000,4,191,10.4040606221
convergence_grid,rastrigin,50,1000,4,192,10.4040606221
convergence_grid,rastrigin,50,1000,4,193,10.4040606221
convergence_grid,rastrigin,50,1000,4,194,10.4040606221
convergence_grid,rastrigin,50,1000,4,195,10.4040606221
convergence_grid,rastrigin,50,1000,4,196,9.08133306252
convergence_grid,rastrigin,50,1000,4,197,9.08133306252
convergence_grid,rastrigin,50,1000,4,198,9.08133306252
convergence_grid,rastrigin,50,1000,4,199,9.08133306252
convergence_grid,rastrigin,50,1000,4,200,9.08133306252
convergence_grid,rastrigin,50,1000,4,201,9.08133306252
convergence_grid,rastrigin,50,1000,4,202,9.08133306252
convergence_grid,rastrigin,50,1000,4,203,9.08133306252
convergence_grid,rastrigin,50,1000,4,204,9.08133306252
convergence_grid,rastrigin,50,1000,4,205,9.08133306252
convergence_grid,rastrigin,50,1000,4,206,9.08133306252
convergence_grid,rastrigin,50,1000,4,207,9.08133306252
convergence_grid,rastrigin,50,1000,4,208,9.08133306252
convergence_grid,rastrigin,50,1000,4,209,9.08133306252
convergence_grid,rastrigin,50,1000,4,210,9.08133306252
convergence_grid,rastrigin,50,1000,4,211,9.08133306252
convergence_grid,rastrigin,50,1000,4,212,9.08133306252
convergence_grid,rastrigin,50,1000,4,213,9.06943024147
convergence_grid,rastrigin,50,1000,4,214,9.06943024147
convergence_grid,rastrigin,50,1000,4,215,9.06769649103
convergence_grid,rastrigin,50,1000,4,216,9.03328020583
convergence_grid,rastrigin,50,1000,4,217,8.82710434345
convergence_grid,rastrigin,50,1000,4,218,8.56628509934
convergence_grid,rastrigin,50,1000,4,219,8.56628509934
convergence_grid,rastrigin,50,1000,4,220,8.56628509934
convergence_grid,rastrigin,50,1000,4,221,8.53123134193
convergence_grid,rastrigin,50,1000,4,222,8.53123134193
convergence_grid,rastrigin,50,1000,4,223,7.19598337057
convergence_grid,rastrigin,50,1000,4,224,7.19598337057
convergence_grid,rastrigin,50,1000,4,225,7.19598337057
convergence_grid,rastrigin,50,1000,4,226,7.19598337057
convergence_grid,rastrigin,50,1000,4,227,7.19598337057
convergence_grid,rastrigin,50,1000,4,228,7.19598337057
convergence_grid,rastrigin,50,1000,4,229,7.19598337057
convergence_grid,rastrigin,50,1000,4,230,7.19598337057
convergence_grid,rastrigin,50,1000,4,231,7.19598337057
convergence_grid,rastrigin,50,1000,4,232,7.19598337057
convergence_grid,rastrigin,50,1000,4,233,7.19598337057
convergence_grid,rastrigin,50,1000,4,234,7.19598337057
convergence_grid,rastrigin,50,1000,4,235,7.19598337057
convergence_grid,rastrigin,50,1000,4,236,7.19598337057
convergence_grid,rastrigin,50,1000,4,237,7.19598337057
convergence_grid,rastrigin,50,1000,4,238,6.74553650826
convergence_grid,rastrigin,50,1000,4,239,6.55424319582
convergence_grid,rastrigin,50,1000,4,240,6.179852471
convergence_grid,rastrigin,50,1000,4,241,5.67477138779
convergence_grid,rastrigin,50,1000,4,242,5.67477138779
convergence_grid,rastrigin,50,1000,4,243,5.20001228766
convergence_grid,rastrigin,50,1000,4,244,5.20001228766
convergence_grid,rastrigin,50,1000,4,245,5.20001228766
convergence_grid,rastrigin,50,1000,4,246,5.20001228766
convergence_grid,rastrigin,50,1000,4,247,5.20001228766
convergence_grid,rastrigin,50,1000,4,248,5.20001228766
convergence_grid,rastrigin,50,1000,4,249,5.20001228766
convergence_grid,rastrigin,50,1000,4,250,5.20001228766
convergence_grid,rastrigin,50,1000,4,251,5.20001228766
convergence_grid,rastrigin,50,1000,4,252,5.20001228766
convergence_grid,rastrigin,50,1000,4,253,5.20001228766
convergence_grid,rastrigin,50,1000,4,254,5.20001228766
convergence_grid,rastrigin,50,1000,4,255,5.20001228766
convergence_grid,rastrigin,50,1000,4,256,5.20001228766
convergence_grid,rastrigin,50,1000,4,257,5.20001228766
convergence_grid,rastrigin,50,1000,4,258,5.16472483518
convergence_grid,rastrigin,50,1000,4,259,5.16472483518
convergence_grid,rastrigin,50,1000,4,260,5.16472483518
convergence_grid,rastrigin,50,1000,4,261,5.13497346366
convergence_grid,rastrigin,50,1000,4,262,5.13497346366
convergence_grid,rastrigin,50,1000,4,263,5.13497346366
convergence_grid,rastrigin,50,1000,4,264,5.13497346366
convergence_grid,rastrigin,50,1000,4,265,5.13497346366
convergence_grid,rastrigin,50,1000,4,266,5.12790480302
convergence_grid,rastrigin,50,1000,4,267,5.12790480302
convergence_grid,rastrigin,50,1000,4,268,4.93175662996
convergence_grid,rastrigin,50,1000,4,269,4.93175662996
convergence_grid,rastrigin,50,1000,4,270,4.93175662996
convergence_grid,rastrigin,50,1000,4,271,4.52747108128
convergence_grid,rastrigin,50,1000,4,272,4.52747108128
convergence_grid,rastrigin,50,1000,4,273,4.52747108128
convergence_grid,rastrigin,50,1000,4,274,4.52747108128
convergence_grid,rastrigin,50,1000,4,275,4.52747108128
convergence_grid,rastrigin,50,1000,4,276,4.52747108128
convergence_grid,rastrigin,50,1000,4,277,4.52747108128
convergence_grid,rastrigin,50,1000,4,278,4.52747108128
convergence_grid,rastrigin,50,1000,4,279,4.52747108128
convergence_grid,rastrigin,50,1000,4,280,4.52747108128
convergence_grid,rastrigin,50,1000,4,281,4.4983303136
convergence_grid,rastrigin,50,1000,4,282,4.17033488176
convergence_grid,rastrigin,50,1000,4,283,4.10873691016
convergence_grid,rastrigin,50,1000,4,284,3.92934951378
convergence_grid,rastrigin,50,1000,4,285,3.92934951378
convergence_grid,rastrigin,50,1000,4,286,3.77645124299
convergence_grid,rastrigin,50,1000,4,287,3.77645124299
convergence_grid,rastrigin,50,1000,4,288,3.77645124299
convergence_grid,rastrigin,50,1000,4,289,3.77645124299
convergence_grid,rastrigin,50,1000,4,290,3.77645124299
convergence_grid,rastrigin,50,1000,4,291,3.77645124299
convergence_grid,rastrigin,50,1000,4,292,3.77645124299
convergence_grid,rastrigin,50,1000,4,293,3.72035026405
convergence_grid,rastrigin,50,1000,4,294,3.72035026405
convergence_grid,rastrigin,50,1000,4,295,3.72035026405
convergence_grid,rastrigin,50,1000,4,296,3.64983981704
convergence_grid,rastrigin,50,1000,4,297,3.64983981704
convergence_grid,rastrigin,50,1000,4,298,3.64983981704
convergence_grid,rastrigin,50,1000,4,299,3.64983981704
convergence_grid,rastrigin,50,1000,4,300,3.64983981704
convergence_grid,rastrigin,50,1000,4,301,3.61521525834
convergence_grid,rastrigin,50,1000,4,302,3.61521525834
convergence_grid,rastrigin,50,1000,4,303,3.61521525834
convergence_grid,rastrigin,50,1000,4,304,3.53193230971
convergence_grid,rastrigin,50,1000,4,305,3.53193230971
convergence_grid,rastrigin,50,1000,4,306,3.53193230971
convergence_grid,rastrigin,50,1000,4,307,3.53193230971
convergence_grid,rastrigin,50,1000,4,308,3.53193230971
convergence_grid,rastrigin,50,1000,4,309,3.53193230971
convergence_grid,rastrigin,50,1000,4,310,3.53193230971
convergence_grid,rastrigin,50,1000,4,311,3.53193230971
convergence_grid,rastrigin,50,1000,4,312,3.53193230971
convergence_grid,rastrigin,50,1000,4,313,3.53193230971
convergence_grid,rastrigin,50,1000,4,314,3.53193230971
convergence_grid,rastrigin,50,1000,4,315,3.53193230971
convergence_grid,rastrigin,50,1000,4,316,3.53193230971
convergence_grid,rastrigin,50,1000,4,317,3.53193230971
convergence_grid,rastrigin,50,1000,4,318,3.53193230971
convergence_grid,rastrigin,50,1000,4,319,3.53193230971
convergence_grid,rastrigin,50,1000,4,320,3.53193230971
convergence_grid,rastrigin,50,1000,4,321,3.52981997592
convergence_grid,rastrigin,50,1000,4,322,3.52981997592
convergence_grid,rastrigin,50,1000,4,323,3.52297956272
convergence_grid,rastrigin,50,1000,4,324,3.48563525618
convergence_grid,rastrigin,50,1000,4,325,3.48563525618
convergence_grid,rastrigin,50,1000,4,326,3.45530163583
convergence_grid,rastrigin,50,1000,4,327,3.42887654537
convergence_grid,rastrigin,50,1000,4,328,3.42887654537
convergence_grid,rastrigin,50,1000,4,329,3.41862669794
convergence_grid,rastrigin,50,1000,4,330,3.41670644068
convergence_grid,rastrigin,50,1000,4,331,3.41670644068
convergence_grid,rastrigin,50,1000,4,332,3.38286869286
convergence_grid,rastrigin,50,1000,4,333,3.38286869286
convergence_grid,rastrigin,50,1000,4,334,3.37087151281
convergence_grid,rastrigin,50,1000,4,335,3.37087151281
convergence_grid,rastrigin,50,1000,4,336,3.29016004503
convergence_grid,rastrigin,50,1000,4,337,3.29016004503
convergence_grid,rastrigin,50,1000,4,338,3.06594932233
convergence_grid,rastrigin,50,1000,4,339,3.06594932233
convergence_grid,rastrigin,50,1000,4,340,3.06594932233
convergence_grid,rastrigin,50,1000,4,341,3.06594932233
convergence_grid,rastrigin,50,1000,4,342,2.78502188709
convergence_grid,rastrigin,50,1000,4,343,2.57174370192
convergence_grid,rastrigin,50,1000,4,344,2.57174370192
convergence_grid,rastrigin,50,1000,4,345,2.57174370192
convergence_grid,rastrigin,50,1000,4,346,2.57174370192
convergence_grid,rastrigin,50,1000,4,347,2.46177444937
convergence_grid,rastrigin,50,1000,4,348,2.36096769153
convergence_grid,rastrigin,50,1000,4,349,1.96724640568
convergence_grid,rastrigin,50,1000,4,350,1.96724640568
convergence_grid,rastrigin,50,1000,4,351,1.96724640568
convergence_grid,rastrigin,50,1000,4,352,1.96724640568
convergence_grid,rastrigin,50,1000,4,353,1.96724640568
convergence_grid,rastrigin,50,1000,4,354,1.96724640568
convergence_grid,rastrigin,50,1000,4,355,1.89245538479
convergence_grid,rastrigin,50,1000,4,356,1.89245538479
convergence_grid,rastrigin,50,1000,4,357,1.89245538479
convergence_grid,rastrigin,50,1000,4,358,1.89245538479
convergence_grid,rastrigin,50,1000,4,359,1.89245538479
convergence_grid,rastrigin,50,1000,4,360,1.89245538479
convergence_grid,rastrigin,50,1000,4,361,1.86023010935
convergence_grid,rastrigin,50,1000,4,362,1.86023010935
convergence_grid,rastrigin,50,1000,4,363,1.86023010935
convergence_grid,rastrigin,50,1000,4,364,1.86023010935
convergence_grid,rastrigin,50,1000,4,365,1.64709659521
convergence_grid,rastrigin,50,1000,4,366,1.64709659521
convergence_grid,rastrigin,50,1000,4,367,1.64709659521
convergence_grid,rastrigin,50,1000,4,368,1.64709659521
convergence_grid,rastrigin,50,1000,4,369,1.64709659521
convergence_grid,rastrigin,50,1000,4,370,1.64709659521
convergence_grid,rastrigin,50,1000,4,371,1.64709659521
convergence_grid,rastrigin,50,1000,4,372,1.64709659521
convergence_grid,rastrigin,50,1000,4,373,1.64709659521
convergence_grid,rastrigin,50,1000,4,374,1.64709659521
convergence_grid,rastrigin,50,1000,4,375,1.64709659521
convergence_grid,rastrigin,50,1000,4,376,1.64709659521
convergence_grid,rastrigin,50,1000,4,377,1.64709659521
convergence_grid,rastrigin,50,1000,4,378,1.64709659521
convergence_grid,rastrigin,50,1000,4,379,1.64709659521
convergence_grid,rastrigin,50,1000,4,380,1.64709659521
convergence_grid,rastrigin,50,1000,4,381,1.64709659521
convergence_grid,rastrigin,50,1000,4,382,1.64709659521
convergence_grid,rastrigin,50,1000,4,383,1.64709659521
convergence_grid,rastrigin,50,1000,4,384,1.64709659521
convergence_grid,rastrigin,50,1000,4,385,1.49370489746
convergence_grid,rastrigin,50,1000,4,386,1.49370489746
convergence_grid,rastrigin,50,1000,4,387,1.49370489746
convergence_grid,rastrigin,50,1000,4,388,1.49370489746
convergence_grid,rastrigin,50,1000,4,389,1.49370489746
convergence_grid,rastrigin,50,1000,4,390,1.49370489746
convergence_grid,rastrigin,50,1000,4,391,1.49370489746
convergence_grid,rastrigin,50,1000,4,392,1.49370489746
convergence_grid,rastrigin,50,1000,4,393,1.49370489746
convergence_grid,rastrigin,50,1000,4,394,1.49370489746
convergence_grid,rastrigin,50,1000,4,395,1.49370489746
convergence_grid,rastrigin,50,1000,4,396,1.49370489746
convergence_grid,rastrigin,50,1000,4,397,1.49370489746
convergence_grid,rastrigin,50,1000,4,398,1.49370489746
convergence_grid,rastrigin,50,1000,4,399,1.49370489746
convergence_grid,rastrigin,50,1000,4,400,1.49370489746
convergence_grid,rastrigin,50,1000,4,401,1.49370489746
convergence_grid,rastrigin,50,1000,4,402,1.49370489746
convergence_grid,rastrigin,50,1000,4,403,1.49370489746
convergence_grid,rastrigin,50,1000,4,404,1.49370489746
convergence_grid,rastrigin,50,1000,4,405,1.49370489746
convergence_grid,rastrigin,50,1000,4,406,1.49370489746
convergence_grid,rastrigin,50,1000,4,407,1.49370489746
convergence_grid,rastrigin,50,1000,4,408,1.49370489746
convergence_grid,rastrigin,50,1000,4,409,1.49370489746
convergence_grid,rastrigin,50,1000,4,410,1.49370489746
convergence_grid,rastrigin,50,1000,4,411,1.49370489746
convergence_grid,rastrigin,50,1000,4,412,1.49370489746
convergence_grid,rastrigin,50,1000,4,413,1.49370489746
convergence_grid,rastrigin,50,1000,4,414,1.49370489746
convergence_grid,rastrigin,50,1000,4,415,1.49370489746
convergence_grid,rastrigin,50,1000,4,416,1.49370489746
convergence_grid,rastrigin,50,1000,4,417,1.49370489746
convergence_grid,rastrigin,50,1000,4,418,1.49370489746
convergence_grid,rastrigin,50,1000,4,419,1.49110597549
convergence_grid,rastrigin,50,1000,4,420,1.49110597549
convergence_grid,rastrigin,50,1000,4,421,1.49110597549
convergence_grid,rastrigin,50,1000,4,422,1.49110597549
convergence_grid,rastrigin,50,1000,4,423,1.49110597549
convergence_grid,rastrigin,50,1000,4,424,1.49110597549
convergence_grid,rastrigin,50,1000,4,425,1.49110597549
convergence_grid,rastrigin,50,1000,4,426,1.49110597549
convergence_grid,rastrigin,50,1000,4,427,1.49110597549
convergence_grid,rastrigin,50,1000,4,428,1.49110597549
convergence_grid,rastrigin,50,1000,4,429,1.48378357025
convergence_grid,rastrigin,50,1000,4,430,1.48378357025
convergence_grid,rastrigin,50,1000,4,431,1.48378357025
convergence_grid,rastrigin,50,1000,4,432,1.48378357025
convergence_grid,rastrigin,50,1000,4,433,1.48378357025
convergence_grid,rastrigin,50,1000,4,434,1.48378357025
convergence_grid,rastrigin,50,1000,4,435,1.48378357025
convergence_grid,rastrigin,50,1000,4,436,1.48378357025
convergence_grid,rastrigin,50,1000,4,437,1.48378357025
convergence_grid,rastrigin,50,1000,4,438,1.48378357025
convergence_grid,rastrigin,50,1000,4,439,1.48378357025
convergence_grid,rastrigin,50,1000,4,440,1.48378357025
convergence_grid,rastrigin,50,1000,4,441,1.476450006
convergence_grid,rastrigin,50,1000,4,442,1.476450006
convergence_grid,rastrigin,50,1000,4,443,1.476450006
convergence_grid,rastrigin,50,1000,4,444,1.476450006
convergence_grid,rastrigin,50,1000,4,445,1.476450006
convergence_grid,rastrigin,50,1000,4,446,1.476450006
convergence_grid,rastrigin,50,1000,4,447,1.476450006
convergence_grid,rastrigin,50,1000,4,448,1.39338111078
convergence_grid,rastrigin,50,1000,4,449,1.39338111078
convergence_grid,rastrigin,50,1000,4,450,1.37981469424
convergence_grid,rastrigin,50,1000,4,451,1.35392988032
convergence_grid,rastrigin,50,1000,4,452,1.35392988032
convergence_grid,rastrigin,50,1000,4,453,1.35392988032
convergence_grid,rastrigin,50,1000,4,454,1.35392988032
convergence_grid,rastrigin,50,1000,4,455,1.35392988032
convergence_grid,rastrigin,50,1000,4,456,1.35392988032
convergence_grid,rastrigin,50,1000,4,457,1.35392988032
convergence_grid,rastrigin,50,1000,4,458,1.35392988032
convergence_grid,rastrigin,50,1000,4,459,1.35392988032
convergence_grid,rastrigin,50,1000,4,460,1.35392988032
convergence_grid,rastrigin,50,1000,4,461,1.35392988032
convergence_grid,rastrigin,50,1000,4,462,1.35392988032
convergence_grid,rastrigin,50,1000,4,463,1.35392988032
convergence_grid,rastrigin,50,1000,4,464,1.34839262485
convergence_grid,rastrigin,50,1000,4,465,1.34839262485
convergence_grid,rastrigin,50,1000,4,466,1.32865860057
convergence_grid,rastrigin,50,1000,4,467,1.32690325883
convergence_grid,rastrigin,50,1000,4,468,1.32690325883
convergence_grid,rastrigin,50,1000,4,469,1.32690325883
convergence_grid,rastrigin,50,1000,4,470,1.32690325883
convergence_grid,rastrigin,50,1000,4,471,1.32690325883
convergence_grid,rastrigin,50,1000,4,472,1.32690325883
convergence_grid,rastrigin,50,1000,4,473,1.32690325883
convergence_grid,rastrigin,50,1000,4,474,1.32690325883
convergence_grid,rastrigin,50,1000,4,475,1.23277283324
convergence_grid,rastrigin,50,1000,4,476,1.23277283324
convergence_grid,rastrigin,50,1000,4,477,1.22985741571
convergence_grid,rastrigin,50,1000,4,478,1.22985741571
convergence_grid,rastrigin,50,1000,4,479,1.22985741571
convergence_grid,rastrigin,50,1000,4,480,1.22985741571
convergence_grid,rastrigin,50,1000,4,481,1.22985741571
convergence_grid,rastrigin,50,1000,4,482,1.22885161381
convergence_grid,rastrigin,50,1000,4,483,1.22885161381
convergence_grid,rastrigin,50,1000,4,484,1.22885161381
convergence_grid,rastrigin,50,1000,4,485,1.22663070645
convergence_grid,rastrigin,50,1000,4,486,1.22663070645
convergence_grid,rastrigin,50,1000,4,487,1.22663070645
convergence_grid,rastrigin,50,1000,4,488,1.22613260185
convergence_grid,rastrigin,50,1000,4,489,0.305450819188
convergence_grid,rastrigin,50,1000,4,490,0.305450819188
convergence_grid,rastrigin,50,1000,4,491,0.305450819188
convergence_grid,rastrigin,50,1000,4,492,0.305450819188
convergence_grid,rastrigin,50,1000,4,493,0.305450819188
convergence_grid,rastrigin,50,1000,4,494,0.305450819188
convergence_grid,rastrigin,50,1000,4,495,0.305450819188
convergence_grid,rastrigin,50,1000,4,496,0.305450819188
convergence_grid,rastrigin,50,1000,4,497,0.305450819188
convergence_grid,rastrigin,50,1000,4,498,0.305450819188
convergence_grid,rastrigin,50,1000,4,499,0.305450819188
convergence_grid,rastrigin,50,1000,4,500,0.305450819188
convergence_grid,rastrigin,50,1000,4,501,0.305450819188
convergence_grid,rastrigin,50,1000,4,502,0.305450819188
convergence_grid,rastrigin,50,1000,4,503,0.305450819188
convergence_grid,rastrigin,50,1000,4,504,0.305450819188
convergence_grid,rastrigin,50,1000,4,505,0.305450819188
convergence_grid,rastrigin,50,1000,4,506,0.305450819188
convergence_grid,rastrigin,50,1000,4,507,0.305450819188
convergence_grid,rastrigin,50,1000,4,508,0.305450819188
convergence_grid,rastrigin,50,1000,4,509,0.305450819188
convergence_grid,rastrigin,50,1000,4,510,0.305450819188
convergence_grid,rastrigin,50,1000,4,511,0.305450819188
convergence_grid,rastrigin,50,1000,4,512,0.305450819188
convergence_grid,rastrigin,50,1000,4,513,0.305450819188
convergence_grid,rastrigin,50,1000,4,514,0.305450819188
convergence_grid,rastrigin,50,1000,4,515,0.305450819188
convergence_grid,rastrigin,50,1000,4,516,0.305450819188
convergence_grid,rastrigin,50,1000,4,517,0.305450819188
convergence_grid,rastrigin,50,1000,4,518,0.305450819188
convergence_grid,rastrigin,50,1000,4,519,0.305450819188
convergence_grid,rastrigin,50,1000,4,520,0.305450819188
convergence_grid,rastrigin,50,1000,4,521,0.305450819188
convergence_grid,rastrigin,50,1000,4,522,0.305450819188
convergence_grid,rastrigin,50,1000,4,523,0.305450819188
convergence_grid,rastrigin,50,1000,4,524,0.305450819188
convergence_grid,rastrigin,50,1000,4,525,0.305450819188
convergence_grid,rastrigin,50,1000,4,526,0.305450819188
convergence_grid,rastrigin,50,1000,4,527,0.305450819188
convergence_grid,rastrigin,50,1000,4,528,0.305450819188
convergence_grid,rastrigin,50,1000,4,529,0.305450819188
convergence_grid,rastrigin,50,1000,4,530,0.305450819188
convergence_grid,rastrigin,50,1000,4,531,0.296338904909
convergence_grid,rastrigin,50,1000,4,532,0.296338904909
convergence_grid,rastrigin,50,1000,4,533,0.296338904909
convergence_grid,rastrigin,50,1000,4,534,0.296338904909
convergence_grid,rastrigin,50,1000,4,535,0.290436351733
convergence_grid,rastrigin,50,1000,4,536,0.290436351733
convergence_grid,rastrigin,50,1000,4,537,0.290436351733
convergence_grid,rastrigin,50,1000,4,538,0.290436351733
convergence_grid,rastrigin,50,1000,4,539,0.290436351733
convergence_grid,rastrigin,50,1000,4,540,0.290436351733
convergence_grid,rastrigin,50,1000,4,541,0.273563163891
convergence_grid,rastrigin,50,1000,4,542,0.265030951798
convergence_grid,rastrigin,50,1000,4,543,0.265030951798
convergence_grid,rastrigin,50,1000,4,544,0.265030951798
convergence_grid,rastrigin,50,1000,4,545,0.265030951798
convergence_grid,rastrigin,50,1000,4,546,0.265030951798
convergence_grid,rastrigin,50,1000,4,547,0.265030951798
convergence_grid,rastrigin,50,1000,4,548,0.265030951798
convergence_grid,rastrigin,50,1000,4,549,0.265030951798
convergence_grid,rastrigin,50,1000,4,550,0.265030951798
convergence_grid,rastrigin,50,1000,4,551,0.249605382111
convergence_grid,rastrigin,50,1000,4,552,0.249605382111
convergence_grid,rastrigin,50,1000,4,553,0.246216375349
convergence_grid,rastrigin,50,1000,4,554,0.246216375349
convergence_grid,rastrigin,50,1000,4,555,0.221588653831
convergence_grid,rastrigin,50,1000,4,556,0.221588653831
convergence_grid,rastrigin,50,1000,4,557,0.221588653831
convergence_grid,rastrigin,50,1000,4,558,0.20263875934
convergence_grid,rastrigin,50,1000,4,559,0.20263875934
convergence_grid,rastrigin,50,1000,4,560,0.20263875934
convergence_grid,rastrigin,50,1000,4,561,0.20263875934
convergence_grid,rastrigin,50,1000,4,562,0.20263875934
convergence_grid,rastrigin,50,1000,4,563,0.20263875934
convergence_grid,rastrigin,50,1000,4,564,0.20263875934
convergence_grid,rastrigin,50,1000,4,565,0.191816564219
convergence_grid,rastrigin,50,1000,4,566,0.191816564219
convergence_grid,rastrigin,50,1000,4,567,0.191816564219
convergence_grid,rastrigin,50,1000,4,568,0.191816564219
convergence_grid,rastrigin,50,1000,4,569,0.182979689778
convergence_grid,rastrigin,50,1000,4,570,0.182979689778
convergence_grid,rastrigin,50,1000,4,571,0.182979689778
convergence_grid,rastrigin,50,1000,4,572,0.138501623074
convergence_grid,rastrigin,50,1000,4,573,0.138501623074
convergence_grid,rastrigin,50,1000,4,574,0.138501623074
convergence_grid,rastrigin,50,1000,4,575,0.13237708647
convergence_grid,rastrigin,50,1000,4,576,0.13237708647
convergence_grid,rastrigin,50,1000,4,577,0.13237708647
convergence_grid,rastrigin,50,1000,4,578,0.13237708647
convergence_grid,rastrigin,50,1000,4,579,0.13237708647
convergence_grid,rastrigin,50,1000,4,580,0.13237708647
convergence_grid,rastrigin,50,1000,4,581,0.13237708647
convergence_grid,rastrigin,50,1000,4,582,0.13237708647
convergence_grid,rastrigin,50,1000,4,583,0.13237708647
convergence_grid,rastrigin,50,1000,4,584,0.13237708647
convergence_grid,rastrigin,50,1000,4,585,0.13237708647
convergence_grid,rastrigin,50,1000,4,586,0.13237708647
convergence_grid,rastrigin,50,1000,4,587,0.128710431783
convergence_grid,rastrigin,50,1000,4,588,0.128710431783
convergence_grid,rastrigin,50,1000,4,589,0.128710431783
convergence_grid,rastrigin,50,1000,4,590,0.128710431783
convergence_grid,rastrigin,50,1000,4,591,0.128710431783
convergence_grid,rastrigin,50,1000,4,592,0.128710431783
convergence_grid,rastrigin,50,1000,4,593,0.128710431783
convergence_grid,rastrigin,50,1000,4,594,0.128710431783
convergence_grid,rastrigin,50,1000,4,595,0.128710431783
convergence_grid,rastrigin,50,1000,4,596,0.128710431783
convergence_grid,rastrigin,50,1000,4,597,0.128710431783
convergence_grid,rastrigin,50,1000,4,598,0.128710431783
convergence_grid,rastrigin,50,1000,4,599,0.128710431783
convergence_grid,rastrigin,50,1000,4,600,0.128710431783
convergence_grid,rastrigin,50,1000,4,601,0.128710431783
convergence_grid,rastrigin,50,1000,4,602,0.128710431783
convergence_grid,rastrigin,50,1000,4,603,0.128710431783
convergence_grid,rastrigin,50,1000,4,604,0.128710431783
convergence_grid,rastrigin,50,1000,4,605,0.128710431783
convergence_grid,rastrigin,50,1000,4,606,0.128710431783
convergence_grid,rastrigin,50,1000,4,607,0.128710431783
convergence_grid,rastrigin,50,1000,4,608,0.128710431783
convergence_grid,rastrigin,50,1000,4,609,0.128710431783
convergence_grid,rastrigin,50,1000,4,610,0.128710431783
convergence_grid,rastrigin,50,1000,4,611,0.128710431783
convergence_grid,rastrigin,50,1000,4,612,0.128710431783
convergence_grid,rastrigin,50,1000,4,613,0.128710431783
convergence_grid,rastrigin,50,1000,4,614,0.128710431783
convergence_grid,rastrigin,50,1000,4,615,0.128710431783
convergence_grid,rastrigin,50,1000,4,616,0.128710431783
convergence_grid,rastrigin,50,1000,4,617,0.128710431783
convergence_grid,rastrigin,50,1000,4,618,0.128710431783
convergence_grid,rastrigin,50,1000,4,619,0.128710431783
convergence_grid,rastrigin,50,1000,4,620,0.128710431783
convergence_grid,rastrigin,50,1000,4,621,0.128710431783
convergence_grid,rastrigin,50,1000,4,622,0.128710431783
convergence_grid,rastrigin,50,1000,4,623,0.128710431783
convergence_grid,rastrigin,50,1000,4,624,0.128710431783
convergence_grid,rastrigin,50,1000,4,625,0.128710431783
convergence_grid,rastrigin,50,1000,4,626,0.128710431783
convergence_grid,rastrigin,50,1000,4,627,0.128710431783
convergence_grid,rastrigin,50,1000,4,628,0.128710431783
convergence_grid,rastrigin,50,1000,4,629,0.128710431783
convergence_grid,rastrigin,50,1000,4,630,0.128710431783
convergence_grid,rastrigin,50,1000,4,631,0.128710431783
convergence_grid,rastrigin,50,1000,4,632,0.128710431783
convergence_grid,rastrigin,50,1000,4,633,0.128710431783
convergence_grid,rastrigin,50,1000,4,634,0.128710431783
convergence_grid,rastrigin,50,1000,4,635,0.128710431783
convergence_grid,rastrigin,50,1000,4,636,0.128710431783
convergence_grid,rastrigin,50,1000,4,637,0.128710431783
convergence_grid,rastrigin,50,1000,4,638,0.128710431783
convergence_grid,rastrigin,50,1000,4,639,0.128710431783
convergence_grid,rastrigin,50,1000,4,640,0.128710431783
convergence_grid,rastrigin,50,1000,4,641,0.128710431783
convergence_grid,rastrigin,50,1000,4,642,0.128710431783
convergence_grid,rastrigin,50,1000,4,643,0.128638597082
convergence_grid,rastrigin,50,1000,4,644,0.128638597082
convergence_grid,rastrigin,50,1000,4,645,0.118744417321
convergence_grid,rastrigin,50,1000,4,646,0.118744417321
convergence_grid,rastrigin,50,1000,4,647,0.118744417321
convergence_grid,rastrigin,50,1000,4,648,0.118744417321
convergence_grid,rastrigin,50,1000,4,649,0.118744417321
convergence_grid,rastrigin,50,1000,4,650,0.118744417321
convergence_grid,rastrigin,50,1000,4,651,0.118744417321
convergence_grid,rastrigin,50,1000,4,652,0.118744417321
convergence_grid,rastrigin,50,1000,4,653,0.118744417321
convergence_grid,rastrigin,50,1000,4,654,0.118744417321
convergence_grid,rastrigin,50,1000,4,655,0.118744417321
convergence_grid,rastrigin,50,1000,4,656,0.118744417321
convergence_grid,rastrigin,50,1000,4,657,0.118744417321
convergence_grid,rastrigin,50,1000,4,658,0.118744417321
convergence_grid,rastrigin,50,1000,4,659,0.118744417321
convergence_grid,rastrigin,50,1000,4,660,0.118744417321
convergence_grid,rastrigin,50,1000,4,661,0.118744417321
convergence_grid,rastrigin,50,1000,4,662,0.118744417321
convergence_grid,rastrigin,50,1000,4,663,0.118744417321
convergence_grid,rastrigin,50,1000,4,664,0.118744417321
convergence_grid,rastrigin,50,1000,4,665,0.118744417321
convergence_grid,rastrigin,50,1000,4,666,0.118744417321
convergence_grid,rastrigin,50,1000,4,667,0.118744417321
convergence_grid,rastrigin,50,1000,4,668,0.118744417321
convergence_grid,rastrigin,50,1000,4,669,0.118744417321
convergence_grid,rastrigin,50,1000,4,670,0.118744417321
convergence_grid,rastrigin,50,1000,4,671,0.118744417321
convergence_grid,rastrigin,50,1000,4,672,0.118744417321
convergence_grid,rastrigin,50,1000,4,673,0.118744417321
convergence_grid,rastrigin,50,1000,4,674,0.118744417321
convergence_grid,rastrigin,50,1000,4,675,0.118744417321
convergence_grid,rastrigin,50,1000,4,676,0.118744417321
convergence_grid,rastrigin,50,1000,4,677,0.118744417321
convergence_grid,rastrigin,50,1000,4,678,0.118744417321
convergence_grid,rastrigin,50,1000,4,679,0.118744417321
convergence_grid,rastrigin,50,1000,4,680,0.118744417321
convergence_grid,rastrigin,50,1000,4,681,0.118744417321
convergence_grid,rastrigin,50,1000,4,682,0.118744417321
convergence_grid,rastrigin,50,1000,4,683,0.118744417321
convergence_grid,rastrigin,50,1000,4,684,0.118744417321
convergence_grid,rastrigin,50,1000,4,685,0.118744417321
convergence_grid,rastrigin,50,1000,4,686,0.118744417321
convergence_grid,rastrigin,50,1000,4,687,0.118744417321
convergence_grid,rastrigin,50,1000,4,688,0.118744417321
convergence_grid,rastrigin,50,1000,4,689,0.118744417321
convergence_grid,rastrigin,50,1000,4,690,0.118744417321
convergence_grid,rastrigin,50,1000,4,691,0.118744417321
convergence_grid,rastrigin,50,1000,4,692,0.118744417321
convergence_grid,rastrigin,50,1000,4,693,0.118744417321
convergence_grid,rastrigin,50,1000,4,694,0.118744417321
convergence_grid,rastrigin,50,1000,4,695,0.118744417321
convergence_grid,rastrigin,50,1000,4,696,0.118744417321
convergence_grid,rastrigin,50,1000,4,697,0.118744417321
convergence_grid,rastrigin,50,1000,4,698,0.118744417321
convergence_grid,rastrigin,50,1000,4,699,0.118744417321
convergence_grid,rastrigin,50,1000,4,700,0.118744417321
convergence_grid,rastrigin,50,1000,4,701,0.118744417321
convergence_grid,rastrigin,50,1000,4,702,0.118744417321
convergence_grid,rastrigin,50,1000,4,703,0.118744417321
convergence_grid,rastrigin,50,1000,4,704,0.118744417321
convergence_grid,rastrigin,50,1000,4,705,0.118744417321
convergence_grid,rastrigin,50,1000,4,706,0.118744417321
convergence_grid,rastrigin,50,1000,4,707,0.118744417321
convergence_grid,rastrigin,50,1000,4,708,0.118744417321
convergence_grid,rastrigin,50,1000,4,709,0.118744417321
convergence_grid,rastrigin,50,1000,4,710,0.118744417321
convergence_grid,rastrigin,50,1000,4,711,0.118744417321
convergence_grid,rastrigin,50,1000,4,712,0.117278229033
convergence_grid,rastrigin,50,1000,4,713,0.117278229033
convergence_grid,rastrigin,50,1000,4,714,0.117278229033
convergence_grid,rastrigin,50,1000,4,715,0.117278229033
convergence_grid,rastrigin,50,1000,4,716,0.117278229033
convergence_grid,rastrigin,50,1000,4,717,0.117278229033
convergence_grid,rastrigin,50,1000,4,718,0.117278229033
convergence_grid,rastrigin,50,1000,4,719,0.117278229033
convergence_grid,rastrigin,50,1000,4,720,0.117278229033
convergence_grid,rastrigin,50,1000,4,721,0.117278229033
convergence_grid,rastrigin,50,1000,4,722,0.117278229033
convergence_grid,rastrigin,50,1000,4,723,0.117278229033
convergence_grid,rastrigin,50,1000,4,724,0.117278229033
convergence_grid,rastrigin,50,1000,4,725,0.117278229033
convergence_grid,rastrigin,50,1000,4,726,0.117278229033
convergence_grid,rastrigin,50,1000,4,727,0.117278229033
convergence_grid,rastrigin,50,1000,4,728,0.105766170445
convergence_grid,rastrigin,50,1000,4,729,0.105766170445
convergence_grid,rastrigin,50,1000,4,730,0.105766170445
convergence_grid,rastrigin,50,1000,4,731,0.105766170445
convergence_grid,rastrigin,50,1000,4,732,0.105766170445
convergence_grid,rastrigin,50,1000,4,733,0.105766170445
convergence_grid,rastrigin,50,1000,4,734,0.105192014603
convergence_grid,rastrigin,50,1000,4,735,0.105192014603
convergence_grid,rastrigin,50,1000,4,736,0.104080593163
convergence_grid,rastrigin,50,1000,4,737,0.103716681574
convergence_grid,rastrigin,50,1000,4,738,0.103716681574
convergence_grid,rastrigin,50,1000,4,739,0.103716681574
convergence_grid,rastrigin,50,1000,4,740,0.103716681574
convergence_grid,rastrigin,50,1000,4,741,0.103716681574
convergence_grid,rastrigin,50,1000,4,742,0.0979099621194
convergence_grid,rastrigin,50,1000,4,743,0.0979099621194
convergence_grid,rastrigin,50,1000,4,744,0.0979099621194
convergence_grid,rastrigin,50,1000,4,745,0.0979099621194
convergence_grid,rastrigin,50,1000,4,746,0.0979099621194
convergence_grid,rastrigin,50,1000,4,747,0.0979099621194
convergence_grid,rastrigin,50,1000,4,748,0.0979099621194
convergence_grid,rastrigin,50,1000,4,749,0.0979099621194
convergence_grid,rastrigin,50,1000,4,750,0.0979099621194
convergence_grid,rastrigin,50,1000,4,751,0.0979099621194
convergence_grid,rastrigin,50,1000,4,752,0.0979099621194
convergence_grid,rastrigin,50,1000,4,753,0.0979099621194
convergence_grid,rastrigin,50,1000,4,754,0.0979099621194
convergence_grid,rastrigin,50,1000,4,755,0.0979099621194
convergence_grid,rastrigin,50,1000,4,756,0.0979099621194
convergence_grid,rastrigin,50,1000,4,757,0.0979099621194
convergence_grid,rastrigin,50,1000,4,758,0.0979099621194
convergence_grid,rastrigin,50,1000,4,759,0.0979099621194
convergence_grid,rastrigin,50,1000,4,760,0.0979099621194
convergence_grid,rastrigin,50,1000,4,761,0.0979099621194
convergence_grid,rastrigin,50,1000,4,762,0.0979099621194
convergence_grid,rastrigin,50,1000,4,763,0.0979099621194
convergence_grid,rastrigin,50,1000,4,764,0.0979099621194
convergence_grid,rastrigin,50,1000,4,765,0.0979099621194
convergence_grid,rastrigin,50,1000,4,766,0.0979099621194
convergence_grid,rastrigin,50,1000,4,767,0.070826034132
convergence_grid,rastrigin,50,1000,4,768,0.070826034132
convergence_grid,rastrigin,50,1000,4,769,0.070826034132
convergence_grid,rastrigin,50,1000,4,770,0.070826034132
convergence_grid,rastrigin,50,1000,4,771,0.070826034132
convergence_grid,rastrigin,50,1000,4,772,0.070826034132
convergence_grid,rastrigin,50,1000,4,773,0.070826034132
convergence_grid,rastrigin,50,1000,4,774,0.070826034132
convergence_grid,rastrigin,50,1000,4,775,0.070826034132
convergence_grid,rastrigin,50,1000,4,776,0.070826034132
convergence_grid,rastrigin,50,1000,4,777,0.070826034132
convergence_grid,rastrigin,50,1000,4,778,0.070826034132
convergence_grid,rastrigin,50,1000,4,779,0.070826034132
convergence_grid,rastrigin,50,1000,4,780,0.070826034132
convergence_grid,rastrigin,50,1000,4,781,0.070826034132
convergence_grid,rastrigin,50,1000,4,782,0.070826034132
convergence_grid,rastrigin,50,1000,4,783,0.070826034132
convergence_grid,rastrigin,50,1000,4,784,0.070826034132
convergence_grid,rastrigin,50,1000,4,785,0.070826034132
convergence_grid,rastrigin,50,1000,4,786,0.070826034132
convergence_grid,rastrigin,50,1000,4,787,0.070826034132
convergence_grid,rastrigin,50,1000,4,788,0.070826034132
convergence_grid,rastrigin,50,1000,4,789,0.070826034132
convergence_grid,rastrigin,50,1000,4,790,0.070826034132
convergence_grid,rastrigin,50,1000,4,791,0.070826034132
convergence_grid,rastrigin,50,1000,4,792,0.070826034132
convergence_grid,rastrigin,50,1000,4,793,0.070826034132
convergence_grid,rastrigin,50,1000,4,794,0.070826034132
convergence_grid,rastrigin,50,1000,4,795,0.070826034132
convergence_grid,rastrigin,50,1000,4,796,0.070826034132
convergence_grid,rastrigin,50,1000,4,797,0.070826034132
convergence_grid,rastrigin,50,1000,4,798,0.070826034132
convergence_grid,rastrigin,50,1000,4,799,0.070826034132
convergence_grid,rastrigin,50,1000,4,800,0.070826034132
convergence_grid,rastrigin,50,1000,4,801,0.070826034132
convergence_grid,rastrigin,50,1000,4,802,0.070826034132
convergence_grid,rastrigin,50,1000,4,803,0.070826034132
convergence_grid,rastrigin,50,1000,4,804,0.070826034132
convergence_grid,rastrigin,50,1000,4,805,0.070826034132
convergence_grid,rastrigin,50,1000,4,806,0.070826034132
convergence_grid,rastrigin,50,1000,4,807,0.070826034132
convergence_grid,rastrigin,50,1000,4,808,0.070826034132
convergence_grid,rastrigin,50,1000,4,809,0.070826034132
convergence_grid,rastrigin,50,1000,4,810,0.070826034132
convergence_grid,rastrigin,50,1000,4,811,0.070826034132
convergence_grid,rastrigin,50,1000,4,812,0.070826034132
convergence_grid,rastrigin,50,1000,4,813,0.070826034132
convergence_grid,rastrigin,50,1000,4,814,0.070826034132
convergence_grid,rastrigin,50,1000,4,815,0.070826034132
convergence_grid,rastrigin,50,1000,4,816,0.070826034132
convergence_grid,rastrigin,50,1000,4,817,0.0601036335252
convergence_grid,rastrigin,50,1000,4,818,0.0601036335252
convergence_grid,rastrigin,50,1000,4,819,0.0601036335252
convergence_grid,rastrigin,50,1000,4,820,0.0601036335252
convergence_grid,rastrigin,50,1000,4,821,0.0601036335252
convergence_grid,rastrigin,50,1000,4,822,0.0601036335252
convergence_grid,rastrigin,50,1000,4,823,0.0601036335252
convergence_grid,rastrigin,50,1000,4,824,0.0601036335252
convergence_grid,rastrigin,50,1000,4,825,0.0601036335252
convergence_grid,rastrigin,50,1000,4,826,0.0601036335252
convergence_grid,rastrigin,50,1000,4,827,0.0601036335252
convergence_grid,rastrigin,50,1000,4,828,0.0601036335252
convergence_grid,rastrigin,50,1000,4,829,0.0601036335252
convergence_grid,rastrigin,50,1000,4,830,0.0601036335252
convergence_grid,rastrigin,50,1000,4,831,0.0601036335252
convergence_grid,rastrigin,50,1000,4,832,0.0601036335252
convergence_grid,rastrigin,50,1000,4,833,0.0601036335252
convergence_grid,rastrigin,50,1000,4,834,0.0601036335252
convergence_grid,rastrigin,50,1000,4,835,0.0601036335252
convergence_grid,rastrigin,50,1000,4,836,0.0601036335252
convergence_grid,rastrigin,50,1000,4,837,0.0601036335252
convergence_grid,rastrigin,50,1000,4,838,0.0601036335252
convergence_grid,rastrigin,50,1000,4,839,0.0601036335252
convergence_grid,rastrigin,50,1000,4,840,0.0601036335252
convergence_grid,rastrigin,50,1000,4,841,0.0601036335252
convergence_grid,rastrigin,50,1000,4,842,0.0557090104057
convergence_grid,rastrigin,50,1000,4,843,0.0557090104057
convergence_grid,rastrigin,50,1000,4,844,0.0417247742769
convergence_grid,rastrigin,50,1000,4,845,0.0417247742769
convergence_grid,rastrigin,50,1000,4,846,0.0417247742769
convergence_grid,rastrigin,50,1000,4,847,0.0417247742769
convergence_grid,rastrigin,50,1000,4,848,0.0417247742769
convergence_grid,rastrigin,50,1000,4,849,0.0417247742769
convergence_grid,rastrigin,50,1000,4,850,0.0417247742769
convergence_grid,rastrigin,50,1000,4,851,0.0417247742769
convergence_grid,rastrigin,50,1000,4,852,0.0417247742769
convergence_grid,rastrigin,50,1000,4,853,0.0417247742769
convergence_grid,rastrigin,50,1000,4,854,0.0417247742769
convergence_grid,rastrigin,50,1000,4,855,0.0417247742769
convergence_grid,rastrigin,50,1000,4,856,0.0417247742769
convergence_grid,rastrigin,50,1000,4,857,0.0417247742769
convergence_grid,rastrigin,50,1000,4,858,0.0417247742769
convergence_grid,rastrigin,50,1000,4,859,0.0417247742769
convergence_grid,rastrigin,50,1000,4,860,0.0417247742769
convergence_grid,rastrigin,50,1000,4,861,0.0417247742769
convergence_grid,rastrigin,50,1000,4,862,0.0417247742769
convergence_grid,rastrigin,50,1000,4,863,0.0417247742769
convergence_grid,rastrigin,50,1000,4,864,0.0417247742769
convergence_grid,rastrigin,50,1000,4,865,0.0417247742769
convergence_grid,rastrigin,50,1000,4,866,0.0417247742769
convergence_grid,rastrigin,50,1000,4,867,0.0417247742769
convergence_grid,rastrigin,50,1000,4,868,0.0417247742769
convergence_grid,rastrigin,50,1000,4,869,0.0417247742769
convergence_grid,rastrigin,50,1000,4,870,0.0417247742769
convergence_grid,rastrigin,50,1000,4,871,0.0417247742769
convergence_grid,rastrigin,50,1000,4,872,0.0417247742769
convergence_grid,rastrigin,50,1000,4,873,0.0417247742769
convergence_grid,rastrigin,50,1000,4,874,0.0417247742769
convergence_grid,rastrigin,50,1000,4,875,0.0417247742769
convergence_grid,rastrigin,50,1000,4,876,0.0417247742769
convergence_grid,rastrigin,50,1000,4,877,0.0408658379871
convergence_grid,rastrigin,50,1000,4,878,0.0408658379871
convergence_grid,rastrigin,50,1000,4,879,0.0408658379871
convergence_grid,rastrigin,50,1000,4,880,0.0408658379871
convergence_grid,rastrigin,50,1000,4,881,0.0408658379871
convergence_grid,rastrigin,50,1000,4,882,0.0402943163625
convergence_grid,rastrigin,50,1000,4,883,0.0402943163625
convergence_grid,rastrigin,50,1000,4,884,0.0402943163625
convergence_grid,rastrigin,50,1000,4,885,0.0402943163625
convergence_grid,rastrigin,50,1000,4,886,0.0402943163625
convergence_grid,rastrigin,50,1000,4,887,0.0402943163625
convergence_grid,rastrigin,50,1000,4,888,0.0402943163625
convergence_grid,rastrigin,50,1000,4,889,0.0402943163625
convergence_grid,rastrigin,50,1000,4,890,0.0402943163625
convergence_grid,rastrigin,50,1000,4,891,0.0402943163625
convergence_grid,rastrigin,50,1000,4,892,0.0402943163625
convergence_grid,rastrigin,50,1000,4,893,0.0402943163625
convergence_grid,rastrigin,50,1000,4,894,0.0402943163625
convergence_grid,rastrigin,50,1000,4,895,0.0369025975335
convergence_grid,rastrigin,50,1000,4,896,0.0369025975335
convergence_grid,rastrigin,50,1000,4,897,0.0369025975335
convergence_grid,rastrigin,50,1000,4,898,0.0369025975335
convergence_grid,rastrigin,50,1000,4,899,0.0369025975335
convergence_grid,rastrigin,50,1000,4,900,0.0369025975335
convergence_grid,rastrigin,50,1000,4,901,0.0369025975335
convergence_grid,rastrigin,50,1000,4,902,0.0369025975335
convergence_grid,rastrigin,50,1000,4,903,0.0369025975335
convergence_grid,rastrigin,50,1000,4,904,0.0369025975335
convergence_grid,rastrigin,50,1000,4,905,0.0369025975335
convergence_grid,rastrigin,50,1000,4,906,0.0369025975335
convergence_grid,rastrigin,50,1000,4,907,0.0369025975335
convergence_grid,rastrigin,50,1000,4,908,0.0369025975335
convergence_grid,rastrigin,50,1000,4,909,0.0369025975335
convergence_grid,rastrigin,50,1000,4,910,0.0369025975335
convergence_grid,rastrigin,50,1000,4,911,0.0369025975335
convergence_grid,rastrigin,50,1000,4,912,0.0369025975335
convergence_grid,rastrigin,50,1000,4,913,0.0369025975335
convergence_grid,rastrigin,50,1000,4,914,0.0369025975335
convergence_grid,rastrigin,50,1000,4,915,0.0369025975335
convergence_grid,rastrigin,50,1000,4,916,0.0369025975335
convergence_grid,rastrigin,50,1000,4,917,0.0369025975335
convergence_grid,rastrigin,50,1000,4,918,0.0369025975335
convergence_grid,rastrigin,50,1000,4,919,0.0368807105957
convergence_grid,rastrigin,50,1000,4,920,0.0368807105957
convergence_grid,rastrigin,50,1000,4,921,0.036808872685
convergence_grid,rastrigin,50,1000,4,922,0.036808872685
convergence_grid,rastrigin,50,1000,4,923,0.036808872685
convergence_grid,rastrigin,50,1000,4,924,0.036808872685
convergence_grid,rastrigin,50,1000,4,925,0.036808872685
convergence_grid,rastrigin,50,1000,4,926,0.036808872685
convergence_grid,rastrigin,50,1000,4,927,0.036808872685
convergence_grid,rastrigin,50,1000,4,928,0.036808872685
convergence_grid,rastrigin,50,1000,4,929,0.036808872685
convergence_grid,rastrigin,50,1000,4,930,0.036808872685
convergence_grid,rastrigin,50,1000,4,931,0.036808872685
convergence_grid,rastrigin,50,1000,4,932,0.036808872685
convergence_grid,rastrigin,50,1000,4,933,0.036808872685
convergence_grid,rastrigin,50,1000,4,934,0.036808872685
convergence_grid,rastrigin,50,1000,4,935,0.036808872685
convergence_grid,rastrigin,50,1000,4,936,0.036808872685
convergence_grid,rastrigin,50,1000,4,937,0.036808872685
convergence_grid,rastrigin,50,1000,4,938,0.036808872685
convergence_grid,rastrigin,50,1000,4,939,0.036808872685
convergence_grid,rastrigin,50,1000,4,940,0.036808872685
convergence_grid,rastrigin,50,1000,4,941,0.036808872685
convergence_grid,rastrigin,50,1000,4,942,0.036808872685
convergence_grid,rastrigin,50,1000,4,943,0.036808872685
convergence_grid,rastrigin,50,1000,4,944,0.036808872685
convergence_grid,rastrigin,50,1000,4,945,0.036808872685
convergence_grid,rastrigin,50,1000,4,946,0.036808872685
convergence_grid,rastrigin,50,1000,4,947,0.036808872685
convergence_grid,rastrigin,50,1000,4,948,0.036808872685
convergence_grid,rastrigin,50,1000,4,949,0.036808872685
convergence_grid,rastrigin,50,1000,4,950,0.0236047261412
convergence_grid,rastrigin,50,1000,4,951,0.0236047261412
convergence_grid,rastrigin,50,1000,4,952,0.0236047261412
convergence_grid,rastrigin,50,1000,4,953,0.0236047261412
convergence_grid,rastrigin,50,1000,4,954,0.0236047261412
convergence_grid,rastrigin,50,1000,4,955,0.0208309283689
convergence_grid,rastrigin,50,1000,4,956,0.0208309283689
convergence_grid,rastrigin,50,1000,4,957,0.0208309283689
convergence_grid,rastrigin,50,1000,4,958,0.0208309283689
convergence_grid,rastrigin,50,1000,4,959,0.0208309283689
convergence_grid,rastrigin,50,1000,4,960,0.0208309283689
convergence_grid,rastrigin,50,1000,4,961,0.0208309283689
convergence_grid,rastrigin,50,1000,4,962,0.0208309283689
convergence_grid,rastrigin,50,1000,4,963,0.0208309283689
convergence_grid,rastrigin,50,1000,4,964,0.0203522276105
convergence_grid,rastrigin,50,1000,4,965,0.0203522276105
convergence_grid,rastrigin,50,1000,4,966,0.0203522276105
convergence_grid,rastrigin,50,1000,4,967,0.0203522276105
convergence_grid,rastrigin,50,1000,4,968,0.0203522276105
convergence_grid,rastrigin,50,1000,4,969,0.0203522276105
convergence_grid,rastrigin,50,1000,4,970,0.0203522276105
convergence_grid,rastrigin,50,1000,4,971,0.0203522276105
convergence_grid,rastrigin,50,1000,4,972,0.0203522276105
convergence_grid,rastrigin,50,1000,4,973,0.0203522276105
convergence_grid,rastrigin,50,1000,4,974,0.0203522276105
convergence_grid,rastrigin,50,1000,4,975,0.0203522276105
convergence_grid,rastrigin,50,1000,4,976,0.0203522276105
convergence_grid,rastrigin,50,1000,4,977,0.0203522276105
convergence_grid,rastrigin,50,1000,4,978,0.0203522276105
convergence_grid,rastrigin,50,1000,4,979,0.0173246116779
convergence_grid,rastrigin,50,1000,4,980,0.0173246116779
convergence_grid,rastrigin,50,1000,4,981,0.0168880321374
convergence_grid,rastrigin,50,1000,4,982,0.0168880321374
convergence_grid,rastrigin,50,1000,4,983,0.0168880321374
convergence_grid,rastrigin,50,1000,4,984,0.0168880321374
convergence_grid,rastrigin,50,1000,4,985,0.0168880321374
convergence_grid,rastrigin,50,1000,4,986,0.0168880321374
convergence_grid,rastrigin,50,1000,4,987,0.0168880321374
convergence_grid,rastrigin,50,1000,4,988,0.0168880321374
convergence_grid,rastrigin,50,1000,4,989,0.0168880321374
convergence_grid,rastrigin,50,1000,4,990,0.0168880321374
convergence_grid,rastrigin,50,1000,4,991,0.0168880321374
convergence_grid,rastrigin,50,1000,4,992,0.0168880321374
convergence_grid,rastrigin,50,1000,4,993,0.0168880321374
convergence_grid,rastrigin,50,1000,4,994,0.0168880321374
convergence_grid,rastrigin,50,1000,4,995,0.0168880321374
convergence_grid,rastrigin,50,1000,4,996,0.0168880321374
convergence_grid,rastrigin,50,1000,4,997,0.0168880321374
convergence_grid,rastrigin,50,1000,4,998,0.0168880321374
convergence_grid,rastrigin,50,1000,4,999,0.0168880321374
convergence_grid,rastrigin,50,1000,4,1000,0.0168880321374
convergence_grid,rastrigin,100,100,4,0,286.914762129
convergence_grid,rastrigin,100,100,4,1,171.355004299
convergence_grid,rastrigin,100,100,4,2,138.724172437
convergence_grid,rastrigin,100,100,4,3,138.724172437
convergence_grid,rastrigin,100,100,4,4,138.724172437
convergence_grid,rastrigin,100,100,4,5,138.724172437
convergence_grid,rastrigin,100,100,4,6,122.131711845
convergence_grid,rastrigin,100,100,4,7,122.131711845
convergence_grid,rastrigin,100,100,4,8,113.970071188
convergence_grid,rastrigin,100,100,4,9,113.970071188
convergence_grid,rastrigin,100,100,4,10,107.783687127
convergence_grid,rastrigin,100,100,4,11,107.783687127
convergence_grid,rastrigin,100,100,4,12,97.881579717
convergence_grid,rastrigin,100,100,4,13,88.5372994302
convergence_grid,rastrigin,100,100,4,14,84.6171218953
convergence_grid,rastrigin,100,100,4,15,84.6171218953
convergence_grid,rastrigin,100,100,4,16,80.7706154353
convergence_grid,rastrigin,100,100,4,17,62.0762205535
convergence_grid,rastrigin,100,100,4,18,62.0762205535
convergence_grid,rastrigin,100,100,4,19,62.0762205535
convergence_grid,rastrigin,100,100,4,20,61.7147622734
convergence_grid,rastrigin,100,100,4,21,61.7147622734
convergence_grid,rastrigin,100,100,4,22,55.8858804378
convergence_grid,rastrigin,100,100,4,23,55.8858804378
convergence_grid,rastrigin,100,100,4,24,53.1664377081
convergence_grid,rastrigin,100,100,4,25,53.1664377081
convergence_grid,rastrigin,100,100,4,26,41.4486825646
convergence_grid,rastrigin,100,100,4,27,41.4486825646
convergence_grid,rastrigin,100,100,4,28,41.4486825646
convergence_grid,rastrigin,100,100,4,29,41.4486825646
convergence_grid,rastrigin,100,100,4,30,41.4486825646
convergence_grid,rastrigin,100,100,4,31,32.2736894503
convergence_grid,rastrigin,100,100,4,32,32.2736894503
convergence_grid,rastrigin,100,100,4,33,30.1641349844
convergence_grid,rastrigin,100,100,4,34,30.1641349844
convergence_grid,rastrigin,100,100,4,35,30.1641349844
convergence_grid,rastrigin,100,100,4,36,30.1641349844
convergence_grid,rastrigin,100,100,4,37,27.0363806643
convergence_grid,rastrigin,100,100,4,38,27.0363806643
convergence_grid,rastrigin,100,100,4,39,27.0363806643
convergence_grid,rastrigin,100,100,4,40,27.0363806643
convergence_grid,rastrigin,100,100,4,41,27.0363806643
convergence_grid,rastrigin,100,100,4,42,24.2225318121
convergence_grid,rastrigin,100,100,4,43,19.970634987
convergence_grid,rastrigin,100,100,4,44,19.970634987
convergence_grid,rastrigin,100,100,4,45,19.970634987
convergence_grid,rastrigin,100,100,4,46,19.9548138362
convergence_grid,rastrigin,100,100,4,47,18.6741113115
convergence_grid,rastrigin,100,100,4,48,17.6512608076
convergence_grid,rastrigin,100,100,4,49,17.0861540312
convergence_grid,rastrigin,100,100,4,50,17.0861540312
convergence_grid,rastrigin,100,100,4,51,17.0720850828
convergence_grid,rastrigin,100,100,4,52,16.395750037
convergence_grid,rastrigin,100,100,4,53,16.3647065738
convergence_grid,rastrigin,100,100,4,54,15.8625739382
convergence_grid,rastrigin,100,100,4,55,15.2098344163
convergence_grid,rastrigin,100,100,4,56,15.2098344163
convergence_grid,rastrigin,100,100,4,57,15.2098344163
convergence_grid,rastrigin,100,100,4,58,14.7310299251
convergence_grid,rastrigin,100,100,4,59,14.7310299251
convergence_grid,rastrigin,100,100,4,60,14.5476142347
convergence_grid,rastrigin,100,100,4,61,14.5476142347
convergence_grid,rastrigin,100,100,4,62,14.4388245138
convergence_grid,rastrigin,100,100,4,63,14.4388245138
convergence_grid,rastrigin,100,100,4,64,14.4388245138
convergence_grid,rastrigin,100,100,4,65,14.4388245138
convergence_grid,rastrigin,100,100,4,66,14.4388245138
convergence_grid,rastrigin,100,100,4,67,13.9080703979
convergence_grid,rastrigin,100,100,4,68,13.9080703979
convergence_grid,rastrigin,100,100,4,69,13.9080703979
convergence_grid,rastrigin,100,100,4,70,13.9080703979
convergence_grid,rastrigin,100,100,4,71,13.9080703979
convergence_grid,rastrigin,100,100,4,72,13.9080703979
convergence_grid,rastrigin,100,100,4,73,13.9080703979
convergence_grid,rastrigin,100,100,4,74,13.9080703979
convergence_grid,rastrigin,100,100,4,75,13.9080703979
convergence_grid,rastrigin,100,100,4,76,13.9080703979
convergence_grid,rastrigin,100,100,4,77,13.9080703979
convergence_grid,rastrigin,100,100,4,78,13.9080703979
convergence_grid,rastrigin,100,100,4,79,13.9080703979
convergence_grid,rastrigin,100,100,4,80,13.9080703979
convergence_grid,rastrigin,100,100,4,81,13.9080703979
convergence_grid,rastrigin,100,100,4,82,13.9080703979
convergence_grid,rastrigin,100,100,4,83,13.9080703979
convergence_grid,rastrigin,100,100,4,84,13.9080703979
convergence_grid,rastrigin,100,100,4,85,13.697531003
convergence_grid,rastrigin,100,100,4,86,13.697531003
convergence_grid,rastrigin,100,100,4,87,13.697531003
convergence_grid,rastrigin,100,100,4,88,13.697531003
convergence_grid,rastrigin,100,100,4,89,13.5785185001
convergence_grid,rastrigin,100,100,4,90,13.3820481909
convergence_grid,rastrigin,100,100,4,91,13.3820481909
convergence_grid,rastrigin,100,100,4,92,12.6708042388
convergence_grid,rastrigin,100,100,4,93,12.6708042388
convergence_grid,rastrigin,100,100,4,94,12.6708042388
convergence_grid,rastrigin,100,100,4,95,12.6708042388
convergence_grid,rastrigin,100,100,4,96,12.6708042388
convergence_grid,rastrigin,100,100,4,97,12.6708042388
convergence_grid,rastrigin,100,100,4,98,12.6708042388
convergence_grid,rastrigin,100,100,4,99,12.1585319762
convergence_grid,rastrigin,100,100,4,100,12.1585319762
convergence_grid,rastrigin,100,500,4,0,251.395726834
convergence_grid,rastrigin,100,500,4,1,202.131297139
convergence_grid,rastrigin,100,500,4,2,177.968258064
convergence_grid,rastrigin,100,500,4,3,150.77964012
convergence_grid,rastrigin,100,500,4,4,129.414490939
convergence_grid,rastrigin,100,500,4,5,124.508871818
convergence_grid,rastrigin,100,500,4,6,124.11332605
convergence_grid,rastrigin,100,500,4,7,120.909896926
convergence_grid,rastrigin,100,500,4,8,120.909896926
convergence_grid,rastrigin,100,500,4,9,100.944947334
convergence_grid,rastrigin,100,500,4,10,100.944947334
convergence_grid,rastrigin,100,500,4,11,100.944947334
convergence_grid,rastrigin,100,500,4,12,100.944947334
convergence_grid,rastrigin,100,500,4,13,93.1011533848
convergence_grid,rastrigin,100,500,4,14,93.1011533848
convergence_grid,rastrigin,100,500,4,15,93.1011533848
convergence_grid,rastrigin,100,500,4,16,87.7059424256
convergence_grid,rastrigin,100,500,4,17,87.7059424256
convergence_grid,rastrigin,100,500,4,18,85.5105436698
convergence_grid,rastrigin,100,500,4,19,79.5986279346
convergence_grid,rastrigin,100,500,4,20,76.2606093743
convergence_grid,rastrigin,100,500,4,21,52.0525823717
convergence_grid,rastrigin,100,500,4,22,52.0525823717
convergence_grid,rastrigin,100,500,4,23,52.0525823717
convergence_grid,rastrigin,100,500,4,24,52.0525823717
convergence_grid,rastrigin,100,500,4,25,52.0525823717
convergence_grid,rastrigin,100,500,4,26,52.0525823717
convergence_grid,rastrigin,100,500,4,27,52.0525823717
convergence_grid,rastrigin,100,500,4,28,52.0525823717
convergence_grid,rastrigin,100,500,4,29,52.0525823717
convergence_grid,rastrigin,100,500,4,30,52.0525823717
convergence_grid,rastrigin,100,500,4,31,52.0525823717
convergence_grid,rastrigin,100,500,4,32,52.0525823717
convergence_grid,rastrigin,100,500,4,33,52.0525823717
convergence_grid,rastrigin,100,500,4,34,49.762579879
convergence_grid,rastrigin,100,500,4,35,48.8644361918
convergence_grid,rastrigin,100,500,4,36,44.0362176295
convergence_grid,rastrigin,100,500,4,37,40.2728967211
convergence_grid,rastrigin,100,500,4,38,39.2858579223
convergence_grid,rastrigin,100,500,4,39,39.2858579223
convergence_grid,rastrigin,100,500,4,40,39.2858579223
convergence_grid,rastrigin,100,500,4,41,39.2858579223
convergence_grid,rastrigin,100,500,4,42,39.2858579223
convergence_grid,rastrigin,100,500,4,43,37.7447755868
convergence_grid,rastrigin,100,500,4,44,37.7447755868
convergence_grid,rastrigin,100,500,4,45,37.7447755868
convergence_grid,rastrigin,100,500,4,46,37.7447755868
convergence_grid,rastrigin,100,500,4,47,37.7447755868
convergence_grid,rastrigin,100,500,4,48,36.7584529082
convergence_grid,rastrigin,100,500,4,49,36.7584529082
convergence_grid,rastrigin,100,500,4,50,36.7584529082
convergence_grid,rastrigin,100,500,4,51,36.7584529082
convergence_grid,rastrigin,100,500,4,52,34.0402713221
convergence_grid,rastrigin,100,500,4,53,34.0402713221
convergence_grid,rastrigin,100,500,4,54,34.0402713221
convergence_grid,rastrigin,100,500,4,55,34.0402713221
convergence_grid,rastrigin,100,500,4,56,34.0402713221
convergence_grid,rastrigin,100,500,4,57,34.0402713221
convergence_grid,rastrigin,100,500,4,58,32.6342749009
convergence_grid,rastrigin,100,500,4,59,31.4057044238
convergence_grid,rastrigin,100,500,4,60,31.3039481878
convergence_grid,rastrigin,100,500,4,61,31.3039481878
convergence_grid,rastrigin,100,500,4,62,30.3928247656
convergence_grid,rastrigin,100,500,4,63,30.3582482014
convergence_grid,rastrigin,100,500,4,64,29.6624551853
convergence_grid,rastrigin,100,500,4,65,27.927725252
convergence_grid,rastrigin,100,500,4,66,27.927725252
convergence_grid,rastrigin,100,500,4,67,27.0464374588
convergence_grid,rastrigin,100,500,4,68,27.0464374588
convergence_grid,rastrigin,100,500,4,69,26.5755757485
convergence_grid,rastrigin,100,500,4,70,26.030677145
convergence_grid,rastrigin,100,500,4,71,26.030677145
convergence_grid,rastrigin,100,500,4,72,25.5971679509
convergence_grid,rastrigin,100,500,4,73,24.6549857229
convergence_grid,rastrigin,100,500,4,74,24.6549857229
convergence_grid,rastrigin,100,500,4,75,23.3667493914
convergence_grid,rastrigin,100,500,4,76,23.3667493914
convergence_grid,rastrigin,100,500,4,77,23.3667493914
convergence_grid,rastrigin,100,500,4,78,23.3667493914
convergence_grid,rastrigin,100,500,4,79,23.3667493914
convergence_grid,rastrigin,100,500,4,80,23.3667493914
convergence_grid,rastrigin,100,500,4,81,23.3667493914
convergence_grid,rastrigin,100,500,4,82,23.3667493914
convergence_grid,rastrigin,100,500,4,83,23.3667493914
convergence_grid,rastrigin,100,500,4,84,23.3667493914
convergence_grid,rastrigin,100,500,4,85,22.8262276959
convergence_grid,rastrigin,100,500,4,86,22.8262276959
convergence_grid,rastrigin,100,500,4,87,22.8262276959
convergence_grid,rastrigin,100,500,4,88,22.8262276959
convergence_grid,rastrigin,100,500,4,89,22.8262276959
convergence_grid,rastrigin,100,500,4,90,21.3793826802
convergence_grid,rastrigin,100,500,4,91,21.3793826802
convergence_grid,rastrigin,100,500,4,92,21.3793826802
convergence_grid,rastrigin,100,500,4,93,20.7340891335
convergence_grid,rastrigin,100,500,4,94,20.5304351217
convergence_grid,rastrigin,100,500,4,95,20.5304351217
convergence_grid,rastrigin,100,500,4,96,20.5304351217
convergence_grid,rastrigin,100,500,4,97,20.5304351217
convergence_grid,rastrigin,100,500,4,98,20.1998775739
convergence_grid,rastrigin,100,500,4,99,20.1998775739
convergence_grid,rastrigin,100,500,4,100,20.1998775739
convergence_grid,rastrigin,100,500,4,101,20.1998775739
convergence_grid,rastrigin,100,500,4,102,20.1998775739
convergence_grid,rastrigin,100,500,4,103,20.1998775739
convergence_grid,rastrigin,100,500,4,104,20.1998775739
convergence_grid,rastrigin,100,500,4,105,19.7301461773
convergence_grid,rastrigin,100,500,4,106,19.5636956717
convergence_grid,rastrigin,100,500,4,107,19.5636956717
convergence_grid,rastrigin,100,500,4,108,19.5636956717
convergence_grid,rastrigin,100,500,4,109,19.5636956717
convergence_grid,rastrigin,100,500,4,110,19.5636956717
convergence_grid,rastrigin,100,500,4,111,18.7637156192
convergence_grid,rastrigin,100,500,4,112,18.7637156192
convergence_grid,rastrigin,100,500,4,113,18.3232596268
convergence_grid,rastrigin,100,500,4,114,18.3232596268
convergence_grid,rastrigin,100,500,4,115,18.3232596268
convergence_grid,rastrigin,100,500,4,116,18.3232596268
convergence_grid,rastrigin,100,500,4,117,17.7830102299
convergence_grid,rastrigin,100,500,4,118,17.7830102299
convergence_grid,rastrigin,100,500,4,119,17.7830102299
convergence_grid,rastrigin,100,500,4,120,15.2073699652
convergence_grid,rastrigin,100,500,4,121,15.2073699652
convergence_grid,rastrigin,100,500,4,122,15.2073699652
convergence_grid,rastrigin,100,500,4,123,15.1484851451
convergence_grid,rastrigin,100,500,4,124,15.1484851451
convergence_grid,rastrigin,100,500,4,125,15.1484851451
convergence_grid,rastrigin,100,500,4,126,15.1484851451
convergence_grid,rastrigin,100,500,4,127,15.1484851451
convergence_grid,rastrigin,100,500,4,128,15.1484851451
convergence_grid,rastrigin,100,500,4,129,15.1484851451
convergence_grid,rastrigin,100,500,4,130,15.1484851451
convergence_grid,rastrigin,100,500,4,131,15.1484851451
convergence_grid,rastrigin,100,500,4,132,15.1484851451
convergence_grid,rastrigin,100,500,4,133,14.3254615011
convergence_grid,rastrigin,100,500,4,134,14.3254615011
convergence_grid,rastrigin,100,500,4,135,14.3254615011
convergence_grid,rastrigin,100,500,4,136,14.3254615011
convergence_grid,rastrigin,100,500,4,137,14.3254615011
convergence_grid,rastrigin,100,500,4,138,14.3254615011
convergence_grid,rastrigin,100,500,4,139,14.3254615011
convergence_grid,rastrigin,100,500,4,140,14.3254615011
convergence_grid,rastrigin,100,500,4,141,14.3254615011
convergence_grid,rastrigin,100,500,4,142,14.3254615011
convergence_grid,rastrigin,100,500,4,143,14.3254615011
convergence_grid,rastrigin,100,500,4,144,14.3254615011
convergence_grid,rastrigin,100,500,4,145,14.3254615011
convergence_grid,rastrigin,100,500,4,146,14.3254615011
convergence_grid,rastrigin,100,500,4,147,14.3135987524
convergence_grid,rastrigin,100,500,4,148,14.3135987524
convergence_grid,rastrigin,100,500,4,149,14.3135987524
convergence_grid,rastrigin,100,500,4,150,14.3135987524
convergence_grid,rastrigin,100,500,4,151,14.3135987524
convergence_grid,rastrigin,100,500,4,152,14.3135987524
convergence_grid,rastrigin,100,500,4,153,14.3135987524
convergence_grid,rastrigin,100,500,4,154,14.3135987524
convergence_grid,rastrigin,100,500,4,155,14.3135987524
convergence_grid,rastrigin,100,500,4,156,13.5796224885
convergence_grid,rastrigin,100,500,4,157,13.5796224885
convergence_grid,rastrigin,100,500,4,158,13.5796224885
convergence_grid,rastrigin,100,500,4,159,13.5796224885
convergence_grid,rastrigin,100,500,4,160,13.5796224885
convergence_grid,rastrigin,100,500,4,161,13.5796224885
convergence_grid,rastrigin,100,500,4,162,13.5796224885
convergence_grid,rastrigin,100,500,4,163,13.5796224885
convergence_grid,rastrigin,100,500,4,164,13.5796224885
convergence_grid,rastrigin,100,500,4,165,13.5796224885
convergence_grid,rastrigin,100,500,4,166,13.5796224885
convergence_grid,rastrigin,100,500,4,167,12.3142380876
convergence_grid,rastrigin,100,500,4,168,12.3142380876
convergence_grid,rastrigin,100,500,4,169,12.3142380876
convergence_grid,rastrigin,100,500,4,170,12.3142380876
convergence_grid,rastrigin,100,500,4,171,12.3142380876
convergence_grid,rastrigin,100,500,4,172,12.3142380876
convergence_grid,rastrigin,100,500,4,173,12.3142380876
convergence_grid,rastrigin,100,500,4,174,12.3142380876
convergence_grid,rastrigin,100,500,4,175,12.3142380876
convergence_grid,rastrigin,100,500,4,176,12.3142380876
convergence_grid,rastrigin,100,500,4,177,12.3142380876
convergence_grid,rastrigin,100,500,4,178,12.3142380876
convergence_grid,rastrigin,100,500,4,179,12.3142380876
convergence_grid,rastrigin,100,500,4,180,12.3142380876
convergence_grid,rastrigin,100,500,4,181,12.3142380876
convergence_grid,rastrigin,100,500,4,182,12.3142380876
convergence_grid,rastrigin,100,500,4,183,12.3142380876
convergence_grid,rastrigin,100,500,4,184,12.3142380876
convergence_grid,rastrigin,100,500,4,185,12.3142380876
convergence_grid,rastrigin,100,500,4,186,11.8210233515
convergence_grid,rastrigin,100,500,4,187,11.8210233515
convergence_grid,rastrigin,100,500,4,188,11.7333781595
convergence_grid,rastrigin,100,500,4,189,11.7333781595
convergence_grid,rastrigin,100,500,4,190,11.7333781595
convergence_grid,rastrigin,100,500,4,191,11.6069918689
convergence_grid,rastrigin,100,500,4,192,11.5962078801
convergence_grid,rastrigin,100,500,4,193,11.5962078801
convergence_grid,rastrigin,100,500,4,194,11.5962078801
convergence_grid,rastrigin,100,500,4,195,11.4770370504
convergence_grid,rastrigin,100,500,4,196,11.4717033603
convergence_grid,rastrigin,100,500,4,197,11.4717033603
convergence_grid,rastrigin,100,500,4,198,11.4717033603
convergence_grid,rastrigin,100,500,4,199,11.4717033603
convergence_grid,rastrigin,100,500,4,200,11.4717033603
convergence_grid,rastrigin,100,500,4,201,11.4717033603
convergence_grid,rastrigin,100,500,4,202,11.4717033603
convergence_grid,rastrigin,100,500,4,203,11.4717033603
convergence_grid,rastrigin,100,500,4,204,11.4717033603
convergence_grid,rastrigin,100,500,4,205,11.4717033603
convergence_grid,rastrigin,100,500,4,206,11.4717033603
convergence_grid,rastrigin,100,500,4,207,11.4717033603
convergence_grid,rastrigin,100,500,4,208,11.4717033603
convergence_grid,rastrigin,100,500,4,209,11.4717033603
convergence_grid,rastrigin,100,500,4,210,11.4717033603
convergence_grid,rastrigin,100,500,4,211,11.4717033603
convergence_grid,rastrigin,100,500,4,212,11.4717033603
convergence_grid,rastrigin,100,500,4,213,11.4717033603
convergence_grid,rastrigin,100,500,4,214,11.4717033603
convergence_grid,rastrigin,100,500,4,215,11.4717033603
convergence_grid,rastrigin,100,500,4,216,10.6814467086
convergence_grid,rastrigin,100,500,4,217,10.4747709528
convergence_grid,rastrigin,100,500,4,218,10.4747709528
convergence_grid,rastrigin,100,500,4,219,10.4747709528
convergence_grid,rastrigin,100,500,4,220,10.4747709528
convergence_grid,rastrigin,100,500,4,221,10.4747709528
convergence_grid,rastrigin,100,500,4,222,10.4747709528
convergence_grid,rastrigin,100,500,4,223,10.4747709528
convergence_grid,rastrigin,100,500,4,224,10.4747709528
convergence_grid,rastrigin,100,500,4,225,10.4747709528
convergence_grid,rastrigin,100,500,4,226,10.4747709528
convergence_grid,rastrigin,100,500,4,227,10.4747709528
convergence_grid,rastrigin,100,500,4,228,10.4747709528
convergence_grid,rastrigin,100,500,4,229,10.4747709528
convergence_grid,rastrigin,100,500,4,230,10.4747709528
convergence_grid,rastrigin,100,500,4,231,10.4747709528
convergence_grid,rastrigin,100,500,4,232,10.4747709528
convergence_grid,rastrigin,100,500,4,233,10.4747709528
convergence_grid,rastrigin,100,500,4,234,10.4747709528
convergence_grid,rastrigin,100,500,4,235,10.4747709528
convergence_grid,rastrigin,100,500,4,236,10.4747709528
convergence_grid,rastrigin,100,500,4,237,10.3808467515
convergence_grid,rastrigin,100,500,4,238,10.3808467515
convergence_grid,rastrigin,100,500,4,239,10.3808467515
convergence_grid,rastrigin,100,500,4,240,10.3808467515
convergence_grid,rastrigin,100,500,4,241,10.3808467515
convergence_grid,rastrigin,100,500,4,242,10.3808467515
convergence_grid,rastrigin,100,500,4,243,10.3808467515
convergence_grid,rastrigin,100,500,4,244,10.3808467515
convergence_grid,rastrigin,100,500,4,245,10.1097970037
convergence_grid,rastrigin,100,500,4,246,9.95422794824
convergence_grid,rastrigin,100,500,4,247,9.95422794824
convergence_grid,rastrigin,100,500,4,248,9.95422794824
convergence_grid,rastrigin,100,500,4,249,9.95422794824
convergence_grid,rastrigin,100,500,4,250,9.95422794824
convergence_grid,rastrigin,100,500,4,251,9.95422794824
convergence_grid,rastrigin,100,500,4,252,9.95422794824
convergence_grid,rastrigin,100,500,4,253,9.95422794824
convergence_grid,rastrigin,100,500,4,254,9.95422794824
convergence_grid,rastrigin,100,500,4,255,9.95422794824
convergence_grid,rastrigin,100,500,4,256,9.95422794824
convergence_grid,rastrigin,100,500,4,257,9.95422794824
convergence_grid,rastrigin,100,500,4,258,9.95422794824
convergence_grid,rastrigin,100,500,4,259,9.95422794824
convergence_grid,rastrigin,100,500,4,260,9.95422794824
convergence_grid,rastrigin,100,500,4,261,9.57117928741
convergence_grid,rastrigin,100,500,4,262,9.57117928741
convergence_grid,rastrigin,100,500,4,263,9.57117928741
convergence_grid,rastrigin,100,500,4,264,9.57117928741
convergence_grid,rastrigin,100,500,4,265,9.57117928741
convergence_grid,rastrigin,100,500,4,266,9.57117928741
convergence_grid,rastrigin,100,500,4,267,9.57117928741
convergence_grid,rastrigin,100,500,4,268,9.57117928741
convergence_grid,rastrigin,100,500,4,269,9.57117928741
convergence_grid,rastrigin,100,500,4,270,9.57117928741
convergence_grid,rastrigin,100,500,4,271,9.57117928741
convergence_grid,rastrigin,100,500,4,272,9.4414394365
convergence_grid,rastrigin,100,500,4,273,9.4414394365
convergence_grid,rastrigin,100,500,4,274,9.4414394365
convergence_grid,rastrigin,100,500,4,275,9.4414394365
convergence_grid,rastrigin,100,500,4,276,9.4414394365
convergence_grid,rastrigin,100,500,4,277,9.4414394365
convergence_grid,rastrigin,100,500,4,278,9.4414394365
convergence_grid,rastrigin,100,500,4,279,9.4414394365
convergence_grid,rastrigin,100,500,4,280,9.4414394365
convergence_grid,rastrigin,100,500,4,281,9.4414394365
convergence_grid,rastrigin,100,500,4,282,9.4414394365
convergence_grid,rastrigin,100,500,4,283,9.4414394365
convergence_grid,rastrigin,100,500,4,284,9.4414394365
convergence_grid,rastrigin,100,500,4,285,9.4414394365
convergence_grid,rastrigin,100,500,4,286,9.4414394365
convergence_grid,rastrigin,100,500,4,287,9.4414394365
convergence_grid,rastrigin,100,500,4,288,9.4414394365
convergence_grid,rastrigin,100,500,4,289,9.4414394365
convergence_grid,rastrigin,100,500,4,290,9.4414394365
convergence_grid,rastrigin,100,500,4,291,9.4414394365
convergence_grid,rastrigin,100,500,4,292,9.4414394365
convergence_grid,rastrigin,100,500,4,293,9.4414394365
convergence_grid,rastrigin,100,500,4,294,9.4414394365
convergence_grid,rastrigin,100,500,4,295,9.4414394365
convergence_grid,rastrigin,100,500,4,296,9.35453871274
convergence_grid,rastrigin,100,500,4,297,9.35453871274
convergence_grid,rastrigin,100,500,4,298,9.35453871274
convergence_grid,rastrigin,100,500,4,299,9.35453871274
convergence_grid,rastrigin,100,500,4,300,9.31203124947
convergence_grid,rastrigin,100,500,4,301,9.2687609566
convergence_grid,rastrigin,100,500,4,302,8.83800923097
convergence_grid,rastrigin,100,500,4,303,8.83800923097
convergence_grid,rastrigin,100,500,4,304,8.83800923097
convergence_grid,rastrigin,100,500,4,305,8.59628575424
convergence_grid,rastrigin,100,500,4,306,8.59628575424
convergence_grid,rastrigin,100,500,4,307,8.59628575424
convergence_grid,rastrigin,100,500,4,308,8.59628575424
convergence_grid,rastrigin,100,500,4,309,8.59628575424
convergence_grid,rastrigin,100,500,4,310,8.59628575424
convergence_grid,rastrigin,100,500,4,311,8.59628575424
convergence_grid,rastrigin,100,500,4,312,8.59628575424
convergence_grid,rastrigin,100,500,4,313,8.59628575424
convergence_grid,rastrigin,100,500,4,314,8.59628575424
convergence_grid,rastrigin,100,500,4,315,8.59628575424
convergence_grid,rastrigin,100,500,4,316,8.59628575424
convergence_grid,rastrigin,100,500,4,317,8.59628575424
convergence_grid,rastrigin,100,500,4,318,8.59628575424
convergence_grid,rastrigin,100,500,4,319,8.59628575424
convergence_grid,rastrigin,100,500,4,320,8.59628575424
convergence_grid,rastrigin,100,500,4,321,8.59628575424
convergence_grid,rastrigin,100,500,4,322,8.59628575424
convergence_grid,rastrigin,100,500,4,323,8.59628575424
convergence_grid,rastrigin,100,500,4,324,8.59628575424
convergence_grid,rastrigin,100,500,4,325,8.59628575424
convergence_grid,rastrigin,100,500,4,326,8.59628575424
convergence_grid,rastrigin,100,500,4,327,8.59628575424
convergence_grid,rastrigin,100,500,4,328,8.37758694197
convergence_grid,rastrigin,100,500,4,329,8.37758694197
convergence_grid,rastrigin,100,500,4,330,8.37758694197
convergence_grid,rastrigin,100,500,4,331,8.37758694197
convergence_grid,rastrigin,100,500,4,332,8.37758694197
convergence_grid,rastrigin,100,500,4,333,8.37758694197
convergence_grid,rastrigin,100,500,4,334,8.32245746775
convergence_grid,rastrigin,100,500,4,335,8.32245746775
convergence_grid,rastrigin,100,500,4,336,6.73399943238
convergence_grid,rastrigin,100,500,4,337,6.73399943238
convergence_grid,rastrigin,100,500,4,338,6.73399943238
convergence_grid,rastrigin,100,500,4,339,6.73399943238
convergence_grid,rastrigin,100,500,4,340,6.73399943238
convergence_grid,rastrigin,100,500,4,341,6.73399943238
convergence_grid,rastrigin,100,500,4,342,6.73399943238
convergence_grid,rastrigin,100,500,4,343,6.73399943238
convergence_grid,rastrigin,100,500,4,344,6.73399943238
convergence_grid,rastrigin,100,500,4,345,6.68317236555
convergence_grid,rastrigin,100,500,4,346,6.68317236555
convergence_grid,rastrigin,100,500,4,347,6.68317236555
convergence_grid,rastrigin,100,500,4,348,6.68317236555
convergence_grid,rastrigin,100,500,4,349,6.68317236555
convergence_grid,rastrigin,100,500,4,350,6.68317236555
convergence_grid,rastrigin,100,500,4,351,6.68317236555
convergence_grid,rastrigin,100,500,4,352,6.68317236555
convergence_grid,rastrigin,100,500,4,353,6.68317236555
convergence_grid,rastrigin,100,500,4,354,6.68317236555
convergence_grid,rastrigin,100,500,4,355,6.68317236555
convergence_grid,rastrigin,100,500,4,356,6.68317236555
convergence_grid,rastrigin,100,500,4,357,6.40536539478
convergence_grid,rastrigin,100,500,4,358,6.40536539478
convergence_grid,rastrigin,100,500,4,359,6.40536539478
convergence_grid,rastrigin,100,500,4,360,6.40536539478
convergence_grid,rastrigin,100,500,4,361,6.40536539478
convergence_grid,rastrigin,100,500,4,362,6.40536539478
convergence_grid,rastrigin,100,500,4,363,6.40536539478
convergence_grid,rastrigin,100,500,4,364,6.40536539478
convergence_grid,rastrigin,100,500,4,365,6.40536539478
convergence_grid,rastrigin,100,500,4,366,6.40536539478
convergence_grid,rastrigin,100,500,4,367,6.40536539478
convergence_grid,rastrigin,100,500,4,368,5.85173032516
convergence_grid,rastrigin,100,500,4,369,5.85173032516
convergence_grid,rastrigin,100,500,4,370,5.85173032516
convergence_grid,rastrigin,100,500,4,371,5.85173032516
convergence_grid,rastrigin,100,500,4,372,5.85173032516
convergence_grid,rastrigin,100,500,4,373,5.85173032516
convergence_grid,rastrigin,100,500,4,374,5.85173032516
convergence_grid,rastrigin,100,500,4,375,5.85173032516
convergence_grid,rastrigin,100,500,4,376,5.85173032516
convergence_grid,rastrigin,100,500,4,377,5.85173032516
convergence_grid,rastrigin,100,500,4,378,5.85173032516
convergence_grid,rastrigin,100,500,4,379,5.85173032516
convergence_grid,rastrigin,100,500,4,380,5.85173032516
convergence_grid,rastrigin,100,500,4,381,5.85173032516
convergence_grid,rastrigin,100,500,4,382,5.85173032516
convergence_grid,rastrigin,100,500,4,383,5.85173032516
convergence_grid,rastrigin,100,500,4,384,5.85173032516
convergence_grid,rastrigin,100,500,4,385,5.85173032516
convergence_grid,rastrigin,100,500,4,386,5.85173032516
convergence_grid,rastrigin,100,500,4,387,5.75723504343
convergence_grid,rastrigin,100,500,4,388,5.75723504343
convergence_grid,rastrigin,100,500,4,389,5.74302326466
convergence_grid,rastrigin,100,500,4,390,5.74302326466
convergence_grid,rastrigin,100,500,4,391,5.74302326466
convergence_grid,rastrigin,100,500,4,392,5.74302326466
convergence_grid,rastrigin,100,500,4,393,5.74302326466
convergence_grid,rastrigin,100,500,4,394,5.74302326466
convergence_grid,rastrigin,100,500,4,395,5.74302326466
convergence_grid,rastrigin,100,500,4,396,5.74302326466
convergence_grid,rastrigin,100,500,4,397,5.74302326466
convergence_grid,rastrigin,100,500,4,398,5.74302326466
convergence_grid,rastrigin,100,500,4,399,5.74302326466
convergence_grid,rastrigin,100,500,4,400,5.74302326466
convergence_grid,rastrigin,100,500,4,401,5.74302326466
convergence_grid,rastrigin,100,500,4,402,5.50394356793
convergence_grid,rastrigin,100,500,4,403,5.50394356793
convergence_grid,rastrigin,100,500,4,404,5.50394356793
convergence_grid,rastrigin,100,500,4,405,5.50394356793
convergence_grid,rastrigin,100,500,4,406,5.50394356793
convergence_grid,rastrigin,100,500,4,407,5.50394356793
convergence_grid,rastrigin,100,500,4,408,5.50394356793
convergence_grid,rastrigin,100,500,4,409,5.50394356793
convergence_grid,rastrigin,100,500,4,410,5.50394356793
convergence_grid,rastrigin,100,500,4,411,5.50394356793
convergence_grid,rastrigin,100,500,4,412,5.50394356793
convergence_grid,rastrigin,100,500,4,413,5.50394356793
convergence_grid,rastrigin,100,500,4,414,5.50394356793
convergence_grid,rastrigin,100,500,4,415,5.50394356793
convergence_grid,rastrigin,100,500,4,416,5.50394356793
convergence_grid,rastrigin,100,500,4,417,5.50394356793
convergence_grid,rastrigin,100,500,4,418,5.50394356793
convergence_grid,rastrigin,100,500,4,419,5.50394356793
convergence_grid,rastrigin,100,500,4,420,5.50394356793
convergence_grid,rastrigin,100,500,4,421,5.50394356793
convergence_grid,rastrigin,100,500,4,422,5.50394356793
convergence_grid,rastrigin,100,500,4,423,5.50394356793
convergence_grid,rastrigin,100,500,4,424,5.50394356793
convergence_grid,rastrigin,100,500,4,425,5.50394356793
convergence_grid,rastrigin,100,500,4,426,5.50394356793
convergence_grid,rastrigin,100,500,4,427,5.50394356793
convergence_grid,rastrigin,100,500,4,428,5.50394356793
convergence_grid,rastrigin,100,500,4,429,5.50394356793
convergence_grid,rastrigin,100,500,4,430,5.50394356793
convergence_grid,rastrigin,100,500,4,431,5.50394356793
convergence_grid,rastrigin,100,500,4,432,5.50394356793
convergence_grid,rastrigin,100,500,4,433,5.26404818438
convergence_grid,rastrigin,100,500,4,434,5.26216810022
convergence_grid,rastrigin,100,500,4,435,5.26216810022
convergence_grid,rastrigin,100,500,4,436,5.26216810022
convergence_grid,rastrigin,100,500,4,437,5.26216810022
convergence_grid,rastrigin,100,500,4,438,5.2095250739
convergence_grid,rastrigin,100,500,4,439,5.2095250739
convergence_grid,rastrigin,100,500,4,440,5.2095250739
convergence_grid,rastrigin,100,500,4,441,5.2095250739
convergence_grid,rastrigin,100,500,4,442,5.2095250739
convergence_grid,rastrigin,100,500,4,443,5.07037248827
convergence_grid,rastrigin,100,500,4,444,5.07037248827
convergence_grid,rastrigin,100,500,4,445,5.01782165789
convergence_grid,rastrigin,100,500,4,446,5.01782165789
convergence_grid,rastrigin,100,500,4,447,5.01782165789
convergence_grid,rastrigin,100,500,4,448,5.01782165789
convergence_grid,rastrigin,100,500,4,449,5.01782165789
convergence_grid,rastrigin,100,500,4,450,5.00884297599
convergence_grid,rastrigin,100,500,4,451,4.34081307158
convergence_grid,rastrigin,100,500,4,452,4.34081307158
convergence_grid,rastrigin,100,500,4,453,4.34081307158
convergence_grid,rastrigin,100,500,4,454,4.34081307158
convergence_grid,rastrigin,100,500,4,455,4.34081307158
convergence_grid,rastrigin,100,500,4,456,4.23951559969
convergence_grid,rastrigin,100,500,4,457,4.23951559969
convergence_grid,rastrigin,100,500,4,458,4.23699846256
convergence_grid,rastrigin,100,500,4,459,4.16939072511
convergence_grid,rastrigin,100,500,4,460,4.16939072511
convergence_grid,rastrigin,100,500,4,461,4.16939072511
convergence_grid,rastrigin,100,500,4,462,4.16939072511
convergence_grid,rastrigin,100,500,4,463,4.16939072511
convergence_grid,rastrigin,100,500,4,464,4.16939072511
convergence_grid,rastrigin,100,500,4,465,4.16939072511
convergence_grid,rastrigin,100,500,4,466,4.16939072511
convergence_grid,rastrigin,100,500,4,467,4.16939072511
convergence_grid,rastrigin,100,500,4,468,4.16939072511
convergence_grid,rastrigin,100,500,4,469,4.16939072511
convergence_grid,rastrigin,100,500,4,470,4.16939072511
convergence_grid,rastrigin,100,500,4,471,4.16939072511
convergence_grid,rastrigin,100,500,4,472,4.16939072511
convergence_grid,rastrigin,100,500,4,473,4.16939072511
convergence_grid,rastrigin,100,500,4,474,4.14521891959
convergence_grid,rastrigin,100,500,4,475,4.14521891959
convergence_grid,rastrigin,100,500,4,476,4.14521891959
convergence_grid,rastrigin,100,500,4,477,4.14521891959
convergence_grid,rastrigin,100,500,4,478,4.14521891959
convergence_grid,rastrigin,100,500,4,479,4.14521891959
convergence_grid,rastrigin,100,500,4,480,4.14521891959
convergence_grid,rastrigin,100,500,4,481,4.14521891959
convergence_grid,rastrigin,100,500,4,482,4.14521891959
convergence_grid,rastrigin,100,500,4,483,4.14521891959
convergence_grid,rastrigin,100,500,4,484,4.14521891959
convergence_grid,rastrigin,100,500,4,485,4.14521891959
convergence_grid,rastrigin,100,500,4,486,4.14521891959
convergence_grid,rastrigin,100,500,4,487,4.14521891959
convergence_grid,rastrigin,100,500,4,488,4.14521891959
convergence_grid,rastrigin,100,500,4,489,4.14521891959
convergence_grid,rastrigin,100,500,4,490,4.14521891959
convergence_grid,rastrigin,100,500,4,491,4.14521891959
convergence_grid,rastrigin,100,500,4,492,4.14521891959
convergence_grid,rastrigin,100,500,4,493,4.14521891959
convergence_grid,rastrigin,100,500,4,494,4.14521891959
convergence_grid,rastrigin,100,500,4,495,4.14521891959
convergence_grid,rastrigin,100,500,4,496,4.14521891959
convergence_grid,rastrigin,100,500,4,497,4.14521891959
convergence_grid,rastrigin,100,500,4,498,4.14521891959
convergence_grid,rastrigin,100,500,4,499,4.14521891959
convergence_grid,rastrigin,100,500,4,500,4.07396603443
convergence_grid,rastrigin,100,1000,4,0,282.125080717
convergence_grid,rastrigin,100,1000,4,1,194.217455046
convergence_grid,rastrigin,100,1000,4,2,182.807753054
convergence_grid,rastrigin,100,1000,4,3,167.297169139
convergence_grid,rastrigin,100,1000,4,4,137.58602563
convergence_grid,rastrigin,100,1000,4,5,137.58602563
convergence_grid,rastrigin,100,1000,4,6,112.460710426
convergence_grid,rastrigin,100,1000,4,7,97.5786407925
convergence_grid,rastrigin,100,1000,4,8,97.5786407925
convergence_grid,rastrigin,100,1000,4,9,97.5786407925
convergence_grid,rastrigin,100,1000,4,10,94.5654491351
convergence_grid,rastrigin,100,1000,4,11,88.1248465622
convergence_grid,rastrigin,100,1000,4,12,88.1248465622
convergence_grid,rastrigin,100,1000,4,13,88.1248465622
convergence_grid,rastrigin,100,1000,4,14,80.6923217014
convergence_grid,rastrigin,100,1000,4,15,80.2761726047
convergence_grid,rastrigin,100,1000,4,16,54.1123761607
convergence_grid,rastrigin,100,1000,4,17,54.1123761607
convergence_grid,rastrigin,100,1000,4,18,54.1123761607
convergence_grid,rastrigin,100,1000,4,19,54.1123761607
convergence_grid,rastrigin,100,1000,4,20,47.2906415709
convergence_grid,rastrigin,100,1000,4,21,47.2906415709
convergence_grid,rastrigin,100,1000,4,22,47.2906415709
convergence_grid,rastrigin,100,1000,4,23,37.0413129221
convergence_grid,rastrigin,100,1000,4,24,37.0413129221
convergence_grid,rastrigin,100,1000,4,25,37.0413129221
convergence_grid,rastrigin,100,1000,4,26,37.0413129221
convergence_grid,rastrigin,100,1000,4,27,37.0413129221
convergence_grid,rastrigin,100,1000,4,28,37.0413129221
convergence_grid,rastrigin,100,1000,4,29,36.0186894423
convergence_grid,rastrigin,100,1000,4,30,36.0186894423
convergence_grid,rastrigin,100,1000,4,31,36.0186894423
convergence_grid,rastrigin,100,1000,4,32,36.0186894423
convergence_grid,rastrigin,100,1000,4,33,28.0408090643
convergence_grid,rastrigin,100,1000,4,34,28.0408090643
convergence_grid,rastrigin,100,1000,4,35,28.0408090643
convergence_grid,rastrigin,100,1000,4,36,28.0408090643
convergence_grid,rastrigin,100,1000,4,37,27.5303822655
convergence_grid,rastrigin,100,1000,4,38,25.9049644876
convergence_grid,rastrigin,100,1000,4,39,25.1266180821
convergence_grid,rastrigin,100,1000,4,40,25.1266180821
convergence_grid,rastrigin,100,1000,4,41,24.2865121319
convergence_grid,rastrigin,100,1000,4,42,24.2865121319
convergence_grid,rastrigin,100,1000,4,43,22.9024651157
convergence_grid,rastrigin,100,1000,4,44,22.9024651157
convergence_grid,rastrigin,100,1000,4,45,19.7034327293
convergence_grid,rastrigin,100,1000,4,46,19.7034327293
convergence_grid,rastrigin,100,1000,4,47,19.7034327293
convergence_grid,rastrigin,100,1000,4,48,19.4119128076
convergence_grid,rastrigin,100,1000,4,49,19.4119128076
convergence_grid,rastrigin,100,1000,4,50,19.4119128076
convergence_grid,rastrigin,100,1000,4,51,19.3328208494
convergence_grid,rastrigin,100,1000,4,52,19.3328208494
convergence_grid,rastrigin,100,1000,4,53,18.8988355462
convergence_grid,rastrigin,100,1000,4,54,18.4096424068
convergence_grid,rastrigin,100,1000,4,55,17.2869083309
convergence_grid,rastrigin,100,1000,4,56,15.3673746631
convergence_grid,rastrigin,100,1000,4,57,15.3673746631
convergence_grid,rastrigin,100,1000,4,58,15.3673746631
convergence_grid,rastrigin,100,1000,4,59,15.3673746631
convergence_grid,rastrigin,100,1000,4,60,15.3673746631
convergence_grid,rastrigin,100,1000,4,61,15.3673746631
convergence_grid,rastrigin,100,1000,4,62,15.3673746631
convergence_grid,rastrigin,100,1000,4,63,15.3673746631
convergence_grid,rastrigin,100,1000,4,64,15.3673746631
convergence_grid,rastrigin,100,1000,4,65,15.3673746631
convergence_grid,rastrigin,100,1000,4,66,15.3673746631
convergence_grid,rastrigin,100,1000,4,67,15.3673746631
convergence_grid,rastrigin,100,1000,4,68,15.3673746631
convergence_grid,rastrigin,100,1000,4,69,15.3673746631
convergence_grid,rastrigin,100,1000,4,70,15.3673746631
convergence_grid,rastrigin,100,1000,4,71,15.3673746631
convergence_grid,rastrigin,100,1000,4,72,15.3673746631
convergence_grid,rastrigin,100,1000,4,73,15.3673746631
convergence_grid,rastrigin,100,1000,4,74,15.3673746631
convergence_grid,rastrigin,100,1000,4,75,15.3673746631
convergence_grid,rastrigin,100,1000,4,76,15.3673746631
convergence_grid,rastrigin,100,1000,4,77,15.3673746631
convergence_grid,rastrigin,100,1000,4,78,15.3673746631
convergence_grid,rastrigin,100,1000,4,79,15.3673746631
convergence_grid,rastrigin,100,1000,4,80,15.3116449097
convergence_grid,rastrigin,100,1000,4,81,15.3116449097
convergence_grid,rastrigin,100,1000,4,82,15.3116449097
convergence_grid,rastrigin,100,1000,4,83,15.3116449097
convergence_grid,rastrigin,100,1000,4,84,15.3116449097
convergence_grid,rastrigin,100,1000,4,85,15.3116449097
convergence_grid,rastrigin,100,1000,4,86,14.8089386206
convergence_grid,rastrigin,100,1000,4,87,14.0437767067
convergence_grid,rastrigin,100,1000,4,88,14.0437767067
convergence_grid,rastrigin,100,1000,4,89,14.0437767067
convergence_grid,rastrigin,100,1000,4,90,14.0437767067
convergence_grid,rastrigin,100,1000,4,91,13.6274331589
convergence_grid,rastrigin,100,1000,4,92,13.6274331589
convergence_grid,rastrigin,100,1000,4,93,13.3113903351
convergence_grid,rastrigin,100,1000,4,94,13.3113903351
convergence_grid,rastrigin,100,1000,4,95,13.1133114454
convergence_grid,rastrigin,100,1000,4,96,12.0563308823
convergence_grid,rastrigin,100,1000,4,97,12.0563308823
convergence_grid,rastrigin,100,1000,4,98,12.0563308823
convergence_grid,rastrigin,100,1000,4,99,12.0563308823
convergence_grid,rastrigin,100,1000,4,100,12.0563308823
convergence_grid,rastrigin,100,1000,4,101,11.9996825342
convergence_grid,rastrigin,100,1000,4,102,11.9849291841
convergence_grid,rastrigin,100,1000,4,103,11.9849291841
convergence_grid,rastrigin,100,1000,4,104,11.9849291841
convergence_grid,rastrigin,100,1000,4,105,11.9849291841
convergence_grid,rastrigin,100,1000,4,106,11.9849291841
convergence_grid,rastrigin,100,1000,4,107,11.9849291841
convergence_grid,rastrigin,100,1000,4,108,11.9849291841
convergence_grid,rastrigin,100,1000,4,109,11.9849291841
convergence_grid,rastrigin,100,1000,4,110,11.9849291841
convergence_grid,rastrigin,100,1000,4,111,11.9849291841
convergence_grid,rastrigin,100,1000,4,112,11.920138856
convergence_grid,rastrigin,100,1000,4,113,11.920138856
convergence_grid,rastrigin,100,1000,4,114,11.920138856
convergence_grid,rastrigin,100,1000,4,115,11.2673683419
convergence_grid,rastrigin,100,1000,4,116,11.2673683419
convergence_grid,rastrigin,100,1000,4,117,11.2673683419
convergence_grid,rastrigin,100,1000,4,118,11.2673683419
convergence_grid,rastrigin,100,1000,4,119,11.2673683419
convergence_grid,rastrigin,100,1000,4,120,11.2673683419
convergence_grid,rastrigin,100,1000,4,121,11.2673683419
convergence_grid,rastrigin,100,1000,4,122,11.2673683419
convergence_grid,rastrigin,100,1000,4,123,11.2673683419
convergence_grid,rastrigin,100,1000,4,124,11.2673683419
convergence_grid,rastrigin,100,1000,4,125,11.2673683419
convergence_grid,rastrigin,100,1000,4,126,11.2673683419
convergence_grid,rastrigin,100,1000,4,127,11.2673683419
convergence_grid,rastrigin,100,1000,4,128,11.2673683419
convergence_grid,rastrigin,100,1000,4,129,11.2673683419
convergence_grid,rastrigin,100,1000,4,130,11.2673683419
convergence_grid,rastrigin,100,1000,4,131,11.2673683419
convergence_grid,rastrigin,100,1000,4,132,11.2673683419
convergence_grid,rastrigin,100,1000,4,133,11.2673683419
convergence_grid,rastrigin,100,1000,4,134,11.2673683419
convergence_grid,rastrigin,100,1000,4,135,11.2673683419
convergence_grid,rastrigin,100,1000,4,136,11.2340008238
convergence_grid,rastrigin,100,1000,4,137,11.2340008238
convergence_grid,rastrigin,100,1000,4,138,11.2340008238
convergence_grid,rastrigin,100,1000,4,139,11.2340008238
convergence_grid,rastrigin,100,1000,4,140,11.1051601678
convergence_grid,rastrigin,100,1000,4,141,11.1051601678
convergence_grid,rastrigin,100,1000,4,142,11.1051601678
convergence_grid,rastrigin,100,1000,4,143,11.0279898804
convergence_grid,rastrigin,100,1000,4,144,10.8628938507
convergence_grid,rastrigin,100,1000,4,145,10.8628938507
convergence_grid,rastrigin,100,1000,4,146,10.8628938507
convergence_grid,rastrigin,100,1000,4,147,10.8628938507
convergence_grid,rastrigin,100,1000,4,148,10.5384931858
convergence_grid,rastrigin,100,1000,4,149,10.5384931858
convergence_grid,rastrigin,100,1000,4,150,9.62942202049
convergence_grid,rastrigin,100,1000,4,151,9.62942202049
convergence_grid,rastrigin,100,1000,4,152,9.62942202049
convergence_grid,rastrigin,100,1000,4,153,9.40018626542
convergence_grid,rastrigin,100,1000,4,154,9.40018626542
convergence_grid,rastrigin,100,1000,4,155,9.40018626542
convergence_grid,rastrigin,100,1000,4,156,9.30146108261
convergence_grid,rastrigin,100,1000,4,157,8.61171940468
convergence_grid,rastrigin,100,1000,4,158,8.61171940468
convergence_grid,rastrigin,100,1000,4,159,8.61171940468
convergence_grid,rastrigin,100,1000,4,160,7.81435053389
convergence_grid,rastrigin,100,1000,4,161,7.81435053389
convergence_grid,rastrigin,100,1000,4,162,7.81435053389
convergence_grid,rastrigin,100,1000,4,163,7.81435053389
convergence_grid,rastrigin,100,1000,4,164,7.81435053389
convergence_grid,rastrigin,100,1000,4,165,7.81435053389
convergence_grid,rastrigin,100,1000,4,166,7.81435053389
convergence_grid,rastrigin,100,1000,4,167,7.81435053389
convergence_grid,rastrigin,100,1000,4,168,7.81435053389
convergence_grid,rastrigin,100,1000,4,169,7.81435053389
convergence_grid,rastrigin,100,1000,4,170,7.81435053389
convergence_grid,rastrigin,100,1000,4,171,7.81435053389
convergence_grid,rastrigin,100,1000,4,172,7.81435053389
convergence_grid,rastrigin,100,1000,4,173,7.81435053389
convergence_grid,rastrigin,100,1000,4,174,7.81435053389
convergence_grid,rastrigin,100,1000,4,175,7.81435053389
convergence_grid,rastrigin,100,1000,4,176,7.81435053389
convergence_grid,rastrigin,100,1000,4,177,7.81435053389
convergence_grid,rastrigin,100,1000,4,178,7.81435053389
convergence_grid,rastrigin,100,1000,4,179,7.81435053389
convergence_grid,rastrigin,100,1000,4,180,7.81435053389
convergence_grid,rastrigin,100,1000,4,181,7.81435053389
convergence_grid,rastrigin,100,1000,4,182,7.81349854321
convergence_grid,rastrigin,100,1000,4,183,7.81349854321
convergence_grid,rastrigin,100,1000,4,184,7.7828728126
convergence_grid,rastrigin,100,1000,4,185,7.7828728126
convergence_grid,rastrigin,100,1000,4,186,7.7828728126
convergence_grid,rastrigin,100,1000,4,187,7.7828728126
convergence_grid,rastrigin,100,1000,4,188,7.7828728126
convergence_grid,rastrigin,100,1000,4,189,7.7828728126
convergence_grid,rastrigin,100,1000,4,190,7.7828728126
convergence_grid,rastrigin,100,1000,4,191,7.7828728126
convergence_grid,rastrigin,100,1000,4,192,7.7828728126
convergence_grid,rastrigin,100,1000,4,193,7.7828728126
convergence_grid,rastrigin,100,1000,4,194,7.68309027312
convergence_grid,rastrigin,100,1000,4,195,7.68309027312
convergence_grid,rastrigin,100,1000,4,196,7.68309027312
convergence_grid,rastrigin,100,1000,4,197,7.68309027312
convergence_grid,rastrigin,100,1000,4,198,7.68309027312
convergence_grid,rastrigin,100,1000,4,199,7.68309027312
convergence_grid,rastrigin,100,1000,4,200,7.61978078357
convergence_grid,rastrigin,100,1000,4,201,7.61978078357
convergence_grid,rastrigin,100,1000,4,202,7.61978078357
convergence_grid,rastrigin,100,1000,4,203,7.61978078357
convergence_grid,rastrigin,100,1000,4,204,7.61978078357
convergence_grid,rastrigin,100,1000,4,205,7.61978078357
convergence_grid,rastrigin,100,1000,4,206,7.61978078357
convergence_grid,rastrigin,100,1000,4,207,7.61978078357
convergence_grid,rastrigin,100,1000,4,208,7.61978078357
convergence_grid,rastrigin,100,1000,4,209,7.61978078357
convergence_grid,rastrigin,100,1000,4,210,7.03937737246
convergence_grid,rastrigin,100,1000,4,211,7.03937737246
convergence_grid,rastrigin,100,1000,4,212,7.03937737246
convergence_grid,rastrigin,100,1000,4,213,7.03937737246
convergence_grid,rastrigin,100,1000,4,214,7.03937737246
convergence_grid,rastrigin,100,1000,4,215,7.03937737246
convergence_grid,rastrigin,100,1000,4,216,7.03937737246
convergence_grid,rastrigin,100,1000,4,217,7.02275876013
convergence_grid,rastrigin,100,1000,4,218,7.02275876013
convergence_grid,rastrigin,100,1000,4,219,7.02275876013
convergence_grid,rastrigin,100,1000,4,220,7.02275876013
convergence_grid,rastrigin,100,1000,4,221,7.02275876013
convergence_grid,rastrigin,100,1000,4,222,7.02275876013
convergence_grid,rastrigin,100,1000,4,223,7.02275876013
convergence_grid,rastrigin,100,1000,4,224,7.02275876013
convergence_grid,rastrigin,100,1000,4,225,7.02275876013
convergence_grid,rastrigin,100,1000,4,226,7.02275876013
convergence_grid,rastrigin,100,1000,4,227,5.78475690225
convergence_grid,rastrigin,100,1000,4,228,5.78475690225
convergence_grid,rastrigin,100,1000,4,229,5.78475690225
convergence_grid,rastrigin,100,1000,4,230,5.78475690225
convergence_grid,rastrigin,100,1000,4,231,5.78475690225
convergence_grid,rastrigin,100,1000,4,232,5.78475690225
convergence_grid,rastrigin,100,1000,4,233,5.78475690225
convergence_grid,rastrigin,100,1000,4,234,5.78475690225
convergence_grid,rastrigin,100,1000,4,235,5.78475690225
convergence_grid,rastrigin,100,1000,4,236,5.78475690225
convergence_grid,rastrigin,100,1000,4,237,5.78475690225
convergence_grid,rastrigin,100,1000,4,238,5.78475690225
convergence_grid,rastrigin,100,1000,4,239,5.78475690225
convergence_grid,rastrigin,100,1000,4,240,5.78475690225
convergence_grid,rastrigin,100,1000,4,241,5.78475690225
convergence_grid,rastrigin,100,1000,4,242,5.78475690225
convergence_grid,rastrigin,100,1000,4,243,5.78475690225
convergence_grid,rastrigin,100,1000,4,244,5.78475690225
convergence_grid,rastrigin,100,1000,4,245,5.78475690225
convergence_grid,rastrigin,100,1000,4,246,5.78475690225
convergence_grid,rastrigin,100,1000,4,247,5.78475690225
convergence_grid,rastrigin,100,1000,4,248,5.78475690225
convergence_grid,rastrigin,100,1000,4,249,5.78475690225
convergence_grid,rastrigin,100,1000,4,250,5.78475690225
convergence_grid,rastrigin,100,1000,4,251,4.92916741778
convergence_grid,rastrigin,100,1000,4,252,4.92916741778
convergence_grid,rastrigin,100,1000,4,253,4.92916741778
convergence_grid,rastrigin,100,1000,4,254,4.92916741778
convergence_grid,rastrigin,100,1000,4,255,4.92916741778
convergence_grid,rastrigin,100,1000,4,256,4.92916741778
convergence_grid,rastrigin,100,1000,4,257,4.92916741778
convergence_grid,rastrigin,100,1000,4,258,4.92916741778
convergence_grid,rastrigin,100,1000,4,259,4.92916741778
convergence_grid,rastrigin,100,1000,4,260,4.92916741778
convergence_grid,rastrigin,100,1000,4,261,4.92916741778
convergence_grid,rastrigin,100,1000,4,262,4.92916741778
convergence_grid,rastrigin,100,1000,4,263,4.90895118943
convergence_grid,rastrigin,100,1000,4,264,4.90895118943
convergence_grid,rastrigin,100,1000,4,265,4.90895118943
convergence_grid,rastrigin,100,1000,4,266,4.90895118943
convergence_grid,rastrigin,100,1000,4,267,4.90895118943
convergence_grid,rastrigin,100,1000,4,268,4.90895118943
convergence_grid,rastrigin,100,1000,4,269,4.90895118943
convergence_grid,rastrigin,100,1000,4,270,4.90895118943
convergence_grid,rastrigin,100,1000,4,271,4.90895118943
convergence_grid,rastrigin,100,1000,4,272,4.90895118943
convergence_grid,rastrigin,100,1000,4,273,4.90895118943
convergence_grid,rastrigin,100,1000,4,274,4.90895118943
convergence_grid,rastrigin,100,1000,4,275,4.90895118943
convergence_grid,rastrigin,100,1000,4,276,4.90895118943
convergence_grid,rastrigin,100,1000,4,277,4.90895118943
convergence_grid,rastrigin,100,1000,4,278,4.90895118943
convergence_grid,rastrigin,100,1000,4,279,4.90895118943
convergence_grid,rastrigin,100,1000,4,280,4.90895118943
convergence_grid,rastrigin,100,1000,4,281,4.90895118943
convergence_grid,rastrigin,100,1000,4,282,4.90895118943
convergence_grid,rastrigin,100,1000,4,283,4.90895118943
convergence_grid,rastrigin,100,1000,4,284,4.90895118943
convergence_grid,rastrigin,100,1000,4,285,4.90895118943
convergence_grid,rastrigin,100,1000,4,286,4.73715052494
convergence_grid,rastrigin,100,1000,4,287,4.73715052494
convergence_grid,rastrigin,100,1000,4,288,4.73715052494
convergence_grid,rastrigin,100,1000,4,289,4.73715052494
convergence_grid,rastrigin,100,1000,4,290,4.73715052494
convergence_grid,rastrigin,100,1000,4,291,4.73715052494
convergence_grid,rastrigin,100,1000,4,292,4.73715052494
convergence_grid,rastrigin,100,1000,4,293,4.73715052494
convergence_grid,rastrigin,100,1000,4,294,4.73715052494
convergence_grid,rastrigin,100,1000,4,295,4.73715052494
convergence_grid,rastrigin,100,1000,4,296,4.73715052494
convergence_grid,rastrigin,100,1000,4,297,4.73715052494
convergence_grid,rastrigin,100,1000,4,298,4.73715052494
convergence_grid,rastrigin,100,1000,4,299,4.73715052494
convergence_grid,rastrigin,100,1000,4,300,4.73715052494
convergence_grid,rastrigin,100,1000,4,301,4.73715052494
convergence_grid,rastrigin,100,1000,4,302,4.73715052494
convergence_grid,rastrigin,100,1000,4,303,4.73715052494
convergence_grid,rastrigin,100,1000,4,304,4.73715052494
convergence_grid,rastrigin,100,1000,4,305,4.73715052494
convergence_grid,rastrigin,100,1000,4,306,4.73715052494
convergence_grid,rastrigin,100,1000,4,307,4.73715052494
convergence_grid,rastrigin,100,1000,4,308,4.53410980257
convergence_grid,rastrigin,100,1000,4,309,4.53410980257
convergence_grid,rastrigin,100,1000,4,310,4.53410980257
convergence_grid,rastrigin,100,1000,4,311,4.53410980257
convergence_grid,rastrigin,100,1000,4,312,4.53410980257
convergence_grid,rastrigin,100,1000,4,313,4.53410980257
convergence_grid,rastrigin,100,1000,4,314,4.53410980257
convergence_grid,rastrigin,100,1000,4,315,4.53410980257
convergence_grid,rastrigin,100,1000,4,316,4.53410980257
convergence_grid,rastrigin,100,1000,4,317,4.53410980257
convergence_grid,rastrigin,100,1000,4,318,4.53410980257
convergence_grid,rastrigin,100,1000,4,319,4.53410980257
convergence_grid,rastrigin,100,1000,4,320,4.53410980257
convergence_grid,rastrigin,100,1000,4,321,4.53410980257
convergence_grid,rastrigin,100,1000,4,322,4.53410980257
convergence_grid,rastrigin,100,1000,4,323,4.53410980257
convergence_grid,rastrigin,100,1000,4,324,4.53410980257
convergence_grid,rastrigin,100,1000,4,325,4.53410980257
convergence_grid,rastrigin,100,1000,4,326,4.53410980257
convergence_grid,rastrigin,100,1000,4,327,4.53410980257
convergence_grid,rastrigin,100,1000,4,328,4.53410980257
convergence_grid,rastrigin,100,1000,4,329,4.53410980257
convergence_grid,rastrigin,100,1000,4,330,4.53410980257
convergence_grid,rastrigin,100,1000,4,331,4.53410980257
convergence_grid,rastrigin,100,1000,4,332,4.5083111065
convergence_grid,rastrigin,100,1000,4,333,4.45313372547
convergence_grid,rastrigin,100,1000,4,334,4.00234715558
convergence_grid,rastrigin,100,1000,4,335,4.00234715558
convergence_grid,rastrigin,100,1000,4,336,4.00234715558
convergence_grid,rastrigin,100,1000,4,337,4.00234715558
convergence_grid,rastrigin,100,1000,4,338,4.00234715558
convergence_grid,rastrigin,100,1000,4,339,4.00234715558
convergence_grid,rastrigin,100,1000,4,340,4.00234715558
convergence_grid,rastrigin,100,1000,4,341,4.00234715558
convergence_grid,rastrigin,100,1000,4,342,4.00234715558
convergence_grid,rastrigin,100,1000,4,343,4.00234715558
convergence_grid,rastrigin,100,1000,4,344,4.00234715558
convergence_grid,rastrigin,100,1000,4,345,4.00234715558
convergence_grid,rastrigin,100,1000,4,346,4.00234715558
convergence_grid,rastrigin,100,1000,4,347,4.00234715558
convergence_grid,rastrigin,100,1000,4,348,4.00234715558
convergence_grid,rastrigin,100,1000,4,349,4.00234715558
convergence_grid,rastrigin,100,1000,4,350,4.00234715558
convergence_grid,rastrigin,100,1000,4,351,4.00234715558
convergence_grid,rastrigin,100,1000,4,352,4.00234715558
convergence_grid,rastrigin,100,1000,4,353,4.00234715558
convergence_grid,rastrigin,100,1000,4,354,4.00234715558
convergence_grid,rastrigin,100,1000,4,355,4.00234715558
convergence_grid,rastrigin,100,1000,4,356,4.00234715558
convergence_grid,rastrigin,100,1000,4,357,4.00234715558
convergence_grid,rastrigin,100,1000,4,358,3.55138725282
convergence_grid,rastrigin,100,1000,4,359,3.55138725282
convergence_grid,rastrigin,100,1000,4,360,3.55138725282
convergence_grid,rastrigin,100,1000,4,361,3.36049380451
convergence_grid,rastrigin,100,1000,4,362,2.82183133167
convergence_grid,rastrigin,100,1000,4,363,2.82183133167
convergence_grid,rastrigin,100,1000,4,364,2.82183133167
convergence_grid,rastrigin,100,1000,4,365,2.82183133167
convergence_grid,rastrigin,100,1000,4,366,2.82183133167
convergence_grid,rastrigin,100,1000,4,367,2.82183133167
convergence_grid,rastrigin,100,1000,4,368,2.82183133167
convergence_grid,rastrigin,100,1000,4,369,2.82183133167
convergence_grid,rastrigin,100,1000,4,370,2.82183133167
convergence_grid,rastrigin,100,1000,4,371,2.82183133167
convergence_grid,rastrigin,100,1000,4,372,2.82183133167
convergence_grid,rastrigin,100,1000,4,373,2.82183133167
convergence_grid,rastrigin,100,1000,4,374,2.82183133167
convergence_grid,rastrigin,100,1000,4,375,2.82183133167
convergence_grid,rastrigin,100,1000,4,376,2.82183133167
convergence_grid,rastrigin,100,1000,4,377,2.82183133167
convergence_grid,rastrigin,100,1000,4,378,2.82183133167
convergence_grid,rastrigin,100,1000,4,379,2.82183133167
convergence_grid,rastrigin,100,1000,4,380,2.82183133167
convergence_grid,rastrigin,100,1000,4,381,2.82183133167
convergence_grid,rastrigin,100,1000,4,382,2.75708821736
convergence_grid,rastrigin,100,1000,4,383,2.75708821736
convergence_grid,rastrigin,100,1000,4,384,2.75708821736
convergence_grid,rastrigin,100,1000,4,385,2.51532135465
convergence_grid,rastrigin,100,1000,4,386,2.51532135465
convergence_grid,rastrigin,100,1000,4,387,2.51532135465
convergence_grid,rastrigin,100,1000,4,388,2.47467803105
convergence_grid,rastrigin,100,1000,4,389,2.47467803105
convergence_grid,rastrigin,100,1000,4,390,2.47467803105
convergence_grid,rastrigin,100,1000,4,391,2.47467803105
convergence_grid,rastrigin,100,1000,4,392,2.46319401036
convergence_grid,rastrigin,100,1000,4,393,2.46319401036
convergence_grid,rastrigin,100,1000,4,394,2.46319401036
convergence_grid,rastrigin,100,1000,4,395,2.46319401036
convergence_grid,rastrigin,100,1000,4,396,2.46319401036
convergence_grid,rastrigin,100,1000,4,397,2.46319401036
convergence_grid,rastrigin,100,1000,4,398,2.46319401036
convergence_grid,rastrigin,100,1000,4,399,2.46319401036
convergence_grid,rastrigin,100,1000,4,400,2.46319401036
convergence_grid,rastrigin,100,1000,4,401,1.92751141265
convergence_grid,rastrigin,100,1000,4,402,1.92751141265
convergence_grid,rastrigin,100,1000,4,403,1.92751141265
convergence_grid,rastrigin,100,1000,4,404,1.92751141265
convergence_grid,rastrigin,100,1000,4,405,1.92751141265
convergence_grid,rastrigin,100,1000,4,406,1.92751141265
convergence_grid,rastrigin,100,1000,4,407,1.92751141265
convergence_grid,rastrigin,100,1000,4,408,1.92751141265
convergence_grid,rastrigin,100,1000,4,409,1.92751141265
convergence_grid,rastrigin,100,1000,4,410,1.92751141265
convergence_grid,rastrigin,100,1000,4,411,1.92751141265
convergence_grid,rastrigin,100,1000,4,412,1.92751141265
convergence_grid,rastrigin,100,1000,4,413,1.92751141265
convergence_grid,rastrigin,100,1000,4,414,1.92751141265
convergence_grid,rastrigin,100,1000,4,415,1.92751141265
convergence_grid,rastrigin,100,1000,4,416,1.92751141265
convergence_grid,rastrigin,100,1000,4,417,1.92751141265
convergence_grid,rastrigin,100,1000,4,418,1.92751141265
convergence_grid,rastrigin,100,1000,4,419,1.92751141265
convergence_grid,rastrigin,100,1000,4,420,1.92751141265
convergence_grid,rastrigin,100,1000,4,421,1.82126763134
convergence_grid,rastrigin,100,1000,4,422,1.82126763134
convergence_grid,rastrigin,100,1000,4,423,1.82126763134
convergence_grid,rastrigin,100,1000,4,424,1.82126763134
convergence_grid,rastrigin,100,1000,4,425,1.82126763134
convergence_grid,rastrigin,100,1000,4,426,1.82126763134
convergence_grid,rastrigin,100,1000,4,427,1.82126763134
convergence_grid,rastrigin,100,1000,4,428,1.82126763134
convergence_grid,rastrigin,100,1000,4,429,1.82126763134
convergence_grid,rastrigin,100,1000,4,430,1.82126763134
convergence_grid,rastrigin,100,1000,4,431,1.82126763134
convergence_grid,rastrigin,100,1000,4,432,1.82126763134
convergence_grid,rastrigin,100,1000,4,433,1.82126763134
convergence_grid,rastrigin,100,1000,4,434,1.82126763134
convergence_grid,rastrigin,100,1000,4,435,1.6302931784
convergence_grid,rastrigin,100,1000,4,436,1.6302931784
convergence_grid,rastrigin,100,1000,4,437,1.6302931784
convergence_grid,rastrigin,100,1000,4,438,1.6302931784
convergence_grid,rastrigin,100,1000,4,439,1.6302931784
convergence_grid,rastrigin,100,1000,4,440,1.6302931784
convergence_grid,rastrigin,100,1000,4,441,1.6302931784
convergence_grid,rastrigin,100,1000,4,442,1.6302931784
convergence_grid,rastrigin,100,1000,4,443,1.48085277851
convergence_grid,rastrigin,100,1000,4,444,1.48085277851
convergence_grid,rastrigin,100,1000,4,445,1.48085277851
convergence_grid,rastrigin,100,1000,4,446,1.48085277851
convergence_grid,rastrigin,100,1000,4,447,1.48085277851
convergence_grid,rastrigin,100,1000,4,448,1.48085277851
convergence_grid,rastrigin,100,1000,4,449,1.48085277851
convergence_grid,rastrigin,100,1000,4,450,1.48085277851
convergence_grid,rastrigin,100,1000,4,451,1.48085277851
convergence_grid,rastrigin,100,1000,4,452,1.48085277851
convergence_grid,rastrigin,100,1000,4,453,1.48085277851
convergence_grid,rastrigin,100,1000,4,454,1.48085277851
convergence_grid,rastrigin,100,1000,4,455,1.48085277851
convergence_grid,rastrigin,100,1000,4,456,1.48085277851
convergence_grid,rastrigin,100,1000,4,457,1.48085277851
convergence_grid,rastrigin,100,1000,4,458,1.48085277851
convergence_grid,rastrigin,100,1000,4,459,1.48085277851
convergence_grid,rastrigin,100,1000,4,460,1.48085277851
convergence_grid,rastrigin,100,1000,4,461,1.48085277851
convergence_grid,rastrigin,100,1000,4,462,1.48085277851
convergence_grid,rastrigin,100,1000,4,463,1.48085277851
convergence_grid,rastrigin,100,1000,4,464,1.48085277851
convergence_grid,rastrigin,100,1000,4,465,1.43924567319
convergence_grid,rastrigin,100,1000,4,466,1.41693195049
convergence_grid,rastrigin,100,1000,4,467,1.41693195049
convergence_grid,rastrigin,100,1000,4,468,1.41693195049
convergence_grid,rastrigin,100,1000,4,469,1.41693195049
convergence_grid,rastrigin,100,1000,4,470,1.41693195049
convergence_grid,rastrigin,100,1000,4,471,1.41693195049
convergence_grid,rastrigin,100,1000,4,472,1.41693195049
convergence_grid,rastrigin,100,1000,4,473,1.41693195049
convergence_grid,rastrigin,100,1000,4,474,1.41693195049
convergence_grid,rastrigin,100,1000,4,475,1.41693195049
convergence_grid,rastrigin,100,1000,4,476,1.41693195049
convergence_grid,rastrigin,100,1000,4,477,1.41693195049
convergence_grid,rastrigin,100,1000,4,478,1.41693195049
convergence_grid,rastrigin,100,1000,4,479,1.41693195049
convergence_grid,rastrigin,100,1000,4,480,1.41693195049
convergence_grid,rastrigin,100,1000,4,481,1.41693195049
convergence_grid,rastrigin,100,1000,4,482,1.41693195049
convergence_grid,rastrigin,100,1000,4,483,1.37588009266
convergence_grid,rastrigin,100,1000,4,484,0.978387848733
convergence_grid,rastrigin,100,1000,4,485,0.978387848733
convergence_grid,rastrigin,100,1000,4,486,0.978387848733
convergence_grid,rastrigin,100,1000,4,487,0.978387848733
convergence_grid,rastrigin,100,1000,4,488,0.978387848733
convergence_grid,rastrigin,100,1000,4,489,0.978387848733
convergence_grid,rastrigin,100,1000,4,490,0.978387848733
convergence_grid,rastrigin,100,1000,4,491,0.978387848733
convergence_grid,rastrigin,100,1000,4,492,0.978387848733
convergence_grid,rastrigin,100,1000,4,493,0.978387848733
convergence_grid,rastrigin,100,1000,4,494,0.978387848733
convergence_grid,rastrigin,100,1000,4,495,0.969758834018
convergence_grid,rastrigin,100,1000,4,496,0.969758834018
convergence_grid,rastrigin,100,1000,4,497,0.969758834018
convergence_grid,rastrigin,100,1000,4,498,0.969758834018
convergence_grid,rastrigin,100,1000,4,499,0.969758834018
convergence_grid,rastrigin,100,1000,4,500,0.969758834018
convergence_grid,rastrigin,100,1000,4,501,0.969758834018
convergence_grid,rastrigin,100,1000,4,502,0.969758834018
convergence_grid,rastrigin,100,1000,4,503,0.969758834018
convergence_grid,rastrigin,100,1000,4,504,0.969758834018
convergence_grid,rastrigin,100,1000,4,505,0.969758834018
convergence_grid,rastrigin,100,1000,4,506,0.969758834018
convergence_grid,rastrigin,100,1000,4,507,0.969758834018
convergence_grid,rastrigin,100,1000,4,508,0.969758834018
convergence_grid,rastrigin,100,1000,4,509,0.969758834018
convergence_grid,rastrigin,100,1000,4,510,0.910241737825
convergence_grid,rastrigin,100,1000,4,511,0.910241737825
convergence_grid,rastrigin,100,1000,4,512,0.910241737825
convergence_grid,rastrigin,100,1000,4,513,0.910241737825
convergence_grid,rastrigin,100,1000,4,514,0.73765647436
convergence_grid,rastrigin,100,1000,4,515,0.73765647436
convergence_grid,rastrigin,100,1000,4,516,0.73765647436
convergence_grid,rastrigin,100,1000,4,517,0.73765647436
convergence_grid,rastrigin,100,1000,4,518,0.73765647436
convergence_grid,rastrigin,100,1000,4,519,0.73765647436
convergence_grid,rastrigin,100,1000,4,520,0.73765647436
convergence_grid,rastrigin,100,1000,4,521,0.73765647436
convergence_grid,rastrigin,100,1000,4,522,0.73765647436
convergence_grid,rastrigin,100,1000,4,523,0.73765647436
convergence_grid,rastrigin,100,1000,4,524,0.73765647436
convergence_grid,rastrigin,100,1000,4,525,0.73765647436
convergence_grid,rastrigin,100,1000,4,526,0.73765647436
convergence_grid,rastrigin,100,1000,4,527,0.73765647436
convergence_grid,rastrigin,100,1000,4,528,0.73765647436
convergence_grid,rastrigin,100,1000,4,529,0.73765647436
convergence_grid,rastrigin,100,1000,4,530,0.73765647436
convergence_grid,rastrigin,100,1000,4,531,0.73765647436
convergence_grid,rastrigin,100,1000,4,532,0.73765647436
convergence_grid,rastrigin,100,1000,4,533,0.73765647436
convergence_grid,rastrigin,100,1000,4,534,0.73765647436
convergence_grid,rastrigin,100,1000,4,535,0.73765647436
convergence_grid,rastrigin,100,1000,4,536,0.73765647436
convergence_grid,rastrigin,100,1000,4,537,0.73765647436
convergence_grid,rastrigin,100,1000,4,538,0.73765647436
convergence_grid,rastrigin,100,1000,4,539,0.73765647436
convergence_grid,rastrigin,100,1000,4,540,0.73765647436
convergence_grid,rastrigin,100,1000,4,541,0.73765647436
convergence_grid,rastrigin,100,1000,4,542,0.73765647436
convergence_grid,rastrigin,100,1000,4,543,0.73765647436
convergence_grid,rastrigin,100,1000,4,544,0.73765647436
convergence_grid,rastrigin,100,1000,4,545,0.73765647436
convergence_grid,rastrigin,100,1000,4,546,0.73765647436
convergence_grid,rastrigin,100,1000,4,547,0.73765647436
convergence_grid,rastrigin,100,1000,4,548,0.73765647436
convergence_grid,rastrigin,100,1000,4,549,0.73765647436
convergence_grid,rastrigin,100,1000,4,550,0.73765647436
convergence_grid,rastrigin,100,1000,4,551,0.73765647436
convergence_grid,rastrigin,100,1000,4,552,0.73765647436
convergence_grid,rastrigin,100,1000,4,553,0.73765647436
convergence_grid,rastrigin,100,1000,4,554,0.690587993179
convergence_grid,rastrigin,100,1000,4,555,0.690587993179
convergence_grid,rastrigin,100,1000,4,556,0.690587993179
convergence_grid,rastrigin,100,1000,4,557,0.690587993179
convergence_grid,rastrigin,100,1000,4,558,0.690587993179
convergence_grid,rastrigin,100,1000,4,559,0.690587993179
convergence_grid,rastrigin,100,1000,4,560,0.690587993179
convergence_grid,rastrigin,100,1000,4,561,0.690587993179
convergence_grid,rastrigin,100,1000,4,562,0.690587993179
convergence_grid,rastrigin,100,1000,4,563,0.66002146433
convergence_grid,rastrigin,100,1000,4,564,0.66002146433
convergence_grid,rastrigin,100,1000,4,565,0.66002146433
convergence_grid,rastrigin,100,1000,4,566,0.66002146433
convergence_grid,rastrigin,100,1000,4,567,0.66002146433
convergence_grid,rastrigin,100,1000,4,568,0.66002146433
convergence_grid,rastrigin,100,1000,4,569,0.642563802763
convergence_grid,rastrigin,100,1000,4,570,0.642563802763
convergence_grid,rastrigin,100,1000,4,571,0.642563802763
convergence_grid,rastrigin,100,1000,4,572,0.642563802763
convergence_grid,rastrigin,100,1000,4,573,0.642563802763
convergence_grid,rastrigin,100,1000,4,574,0.642563802763
convergence_grid,rastrigin,100,1000,4,575,0.642563802763
convergence_grid,rastrigin,100,1000,4,576,0.642563802763
convergence_grid,rastrigin,100,1000,4,577,0.642563802763
convergence_grid,rastrigin,100,1000,4,578,0.642563802763
convergence_grid,rastrigin,100,1000,4,579,0.642563802763
convergence_grid,rastrigin,100,1000,4,580,0.642563802763
convergence_grid,rastrigin,100,1000,4,581,0.547585171114
convergence_grid,rastrigin,100,1000,4,582,0.547585171114
convergence_grid,rastrigin,100,1000,4,583,0.547585171114
convergence_grid,rastrigin,100,1000,4,584,0.472782123637
convergence_grid,rastrigin,100,1000,4,585,0.472782123637
convergence_grid,rastrigin,100,1000,4,586,0.472782123637
convergence_grid,rastrigin,100,1000,4,587,0.470902601145
convergence_grid,rastrigin,100,1000,4,588,0.470902601145
convergence_grid,rastrigin,100,1000,4,589,0.470902601145
convergence_grid,rastrigin,100,1000,4,590,0.335531529089
convergence_grid,rastrigin,100,1000,4,591,0.335531529089
convergence_grid,rastrigin,100,1000,4,592,0.335531529089
convergence_grid,rastrigin,100,1000,4,593,0.335531529089
convergence_grid,rastrigin,100,1000,4,594,0.335531529089
convergence_grid,rastrigin,100,1000,4,595,0.335531529089
convergence_grid,rastrigin,100,1000,4,596,0.335531529089
convergence_grid,rastrigin,100,1000,4,597,0.335531529089
convergence_grid,rastrigin,100,1000,4,598,0.335531529089
convergence_grid,rastrigin,100,1000,4,599,0.335531529089
convergence_grid,rastrigin,100,1000,4,600,0.335531529089
convergence_grid,rastrigin,100,1000,4,601,0.335531529089
convergence_grid,rastrigin,100,1000,4,602,0.335531529089
convergence_grid,rastrigin,100,1000,4,603,0.335531529089
convergence_grid,rastrigin,100,1000,4,604,0.335531529089
convergence_grid,rastrigin,100,1000,4,605,0.335531529089
convergence_grid,rastrigin,100,1000,4,606,0.335531529089
convergence_grid,rastrigin,100,1000,4,607,0.335531529089
convergence_grid,rastrigin,100,1000,4,608,0.335531529089
convergence_grid,rastrigin,100,1000,4,609,0.335531529089
convergence_grid,rastrigin,100,1000,4,610,0.335531529089
convergence_grid,rastrigin,100,1000,4,611,0.335531529089
convergence_grid,rastrigin,100,1000,4,612,0.335531529089
convergence_grid,rastrigin,100,1000,4,613,0.335531529089
convergence_grid,rastrigin,100,1000,4,614,0.335531529089
convergence_grid,rastrigin,100,1000,4,615,0.335531529089
convergence_grid,rastrigin,100,1000,4,616,0.335531529089
convergence_grid,rastrigin,100,1000,4,617,0.335531529089
convergence_grid,rastrigin,100,1000,4,618,0.335531529089
convergence_grid,rastrigin,100,1000,4,619,0.335531529089
convergence_grid,rastrigin,100,1000,4,620,0.335531529089
convergence_grid,rastrigin,100,1000,4,621,0.335531529089
convergence_grid,rastrigin,100,1000,4,622,0.335531529089
convergence_grid,rastrigin,100,1000,4,623,0.335531529089
convergence_grid,rastrigin,100,1000,4,624,0.335531529089
convergence_grid,rastrigin,100,1000,4,625,0.335531529089
convergence_grid,rastrigin,100,1000,4,626,0.335531529089
convergence_grid,rastrigin,100,1000,4,627,0.335531529089
convergence_grid,rastrigin,100,1000,4,628,0.335531529089
convergence_grid,rastrigin,100,1000,4,629,0.335531529089
convergence_grid,rastrigin,100,1000,4,630,0.335531529089
convergence_grid,rastrigin,100,1000,4,631,0.335531529089
convergence_grid,rastrigin,100,1000,4,632,0.335531529089
convergence_grid,rastrigin,100,1000,4,633,0.32899441774
convergence_grid,rastrigin,100,1000,4,634,0.313997853403
convergence_grid,rastrigin,100,1000,4,635,0.313997853403
convergence_grid,rastrigin,100,1000,4,636,0.313997853403
convergence_grid,rastrigin,100,1000,4,637,0.313997853403
convergence_grid,rastrigin,100,1000,4,638,0.313997853403
convergence_grid,rastrigin,100,1000,4,639,0.313997853403
convergence_grid,rastrigin,100,1000,4,640,0.313997853403
convergence_grid,rastrigin,100,1000,4,641,0.313997853403
convergence_grid,rastrigin,100,1000,4,642,0.313997853403
convergence_grid,rastrigin,100,1000,4,643,0.313997853403
convergence_grid,rastrigin,100,1000,4,644,0.245144698771
convergence_grid,rastrigin,100,1000,4,645,0.245144698771
convergence_grid,rastrigin,100,1000,4,646,0.245144698771
convergence_grid,rastrigin,100,1000,4,647,0.245144698771
convergence_grid,rastrigin,100,1000,4,648,0.245144698771
convergence_grid,rastrigin,100,1000,4,649,0.245144698771
convergence_grid,rastrigin,100,1000,4,650,0.245144698771
convergence_grid,rastrigin,100,1000,4,651,0.245144698771
convergence_grid,rastrigin,100,1000,4,652,0.213620811096
convergence_grid,rastrigin,100,1000,4,653,0.213620811096
convergence_grid,rastrigin,100,1000,4,654,0.213620811096
convergence_grid,rastrigin,100,1000,4,655,0.213620811096
convergence_grid,rastrigin,100,1000,4,656,0.213620811096
convergence_grid,rastrigin,100,1000,4,657,0.213620811096
convergence_grid,rastrigin,100,1000,4,658,0.213620811096
convergence_grid,rastrigin,100,1000,4,659,0.213620811096
convergence_grid,rastrigin,100,1000,4,660,0.213620811096
convergence_grid,rastrigin,100,1000,4,661,0.212854132958
convergence_grid,rastrigin,100,1000,4,662,0.212854132958
convergence_grid,rastrigin,100,1000,4,663,0.212854132958
convergence_grid,rastrigin,100,1000,4,664,0.212854132958
convergence_grid,rastrigin,100,1000,4,665,0.212854132958
convergence_grid,rastrigin,100,1000,4,666,0.212854132958
convergence_grid,rastrigin,100,1000,4,667,0.212854132958
convergence_grid,rastrigin,100,1000,4,668,0.212854132958
convergence_grid,rastrigin,100,1000,4,669,0.212854132958
convergence_grid,rastrigin,100,1000,4,670,0.212854132958
convergence_grid,rastrigin,100,1000,4,671,0.212854132958
convergence_grid,rastrigin,100,1000,4,672,0.212854132958
convergence_grid,rastrigin,100,1000,4,673,0.212854132958
convergence_grid,rastrigin,100,1000,4,674,0.212854132958
convergence_grid,rastrigin,100,1000,4,675,0.212854132958
convergence_grid,rastrigin,100,1000,4,676,0.212854132958
convergence_grid,rastrigin,100,1000,4,677,0.212854132958
convergence_grid,rastrigin,100,1000,4,678,0.212854132958
convergence_grid,rastrigin,100,1000,4,679,0.212854132958
convergence_grid,rastrigin,100,1000,4,680,0.212854132958
convergence_grid,rastrigin,100,1000,4,681,0.212854132958
convergence_grid,rastrigin,100,1000,4,682,0.212854132958
convergence_grid,rastrigin,100,1000,4,683,0.212854132958
convergence_grid,rastrigin,100,1000,4,684,0.212854132958
convergence_grid,rastrigin,100,1000,4,685,0.212854132958
convergence_grid,rastrigin,100,1000,4,686,0.212854132958
convergence_grid,rastrigin,100,1000,4,687,0.212854132958
convergence_grid,rastrigin,100,1000,4,688,0.212854132958
convergence_grid,rastrigin,100,1000,4,689,0.212854132958
convergence_grid,rastrigin,100,1000,4,690,0.212854132958
convergence_grid,rastrigin,100,1000,4,691,0.212854132958
convergence_grid,rastrigin,100,1000,4,692,0.212854132958
convergence_grid,rastrigin,100,1000,4,693,0.212854132958
convergence_grid,rastrigin,100,1000,4,694,0.212854132958
convergence_grid,rastrigin,100,1000,4,695,0.212854132958
convergence_grid,rastrigin,100,1000,4,696,0.185949997261
convergence_grid,rastrigin,100,1000,4,697,0.185949997261
convergence_grid,rastrigin,100,1000,4,698,0.185949997261
convergence_grid,rastrigin,100,1000,4,699,0.185949997261
convergence_grid,rastrigin,100,1000,4,700,0.185949997261
convergence_grid,rastrigin,100,1000,4,701,0.185949997261
convergence_grid,rastrigin,100,1000,4,702,0.185949997261
convergence_grid,rastrigin,100,1000,4,703,0.185949997261
convergence_grid,rastrigin,100,1000,4,704,0.184950971862
convergence_grid,rastrigin,100,1000,4,705,0.184950971862
convergence_grid,rastrigin,100,1000,4,706,0.184950971862
convergence_grid,rastrigin,100,1000,4,707,0.184950971862
convergence_grid,rastrigin,100,1000,4,708,0.184950971862
convergence_grid,rastrigin,100,1000,4,709,0.184950971862
convergence_grid,rastrigin,100,1000,4,710,0.184950971862
convergence_grid,rastrigin,100,1000,4,711,0.184950971862
convergence_grid,rastrigin,100,1000,4,712,0.184950971862
convergence_grid,rastrigin,100,1000,4,713,0.184950971862
convergence_grid,rastrigin,100,1000,4,714,0.184950971862
convergence_grid,rastrigin,100,1000,4,715,0.184950971862
convergence_grid,rastrigin,100,1000,4,716,0.184950971862
convergence_grid,rastrigin,100,1000,4,717,0.184950971862
convergence_grid,rastrigin,100,1000,4,718,0.184950971862
convergence_grid,rastrigin,100,1000,4,719,0.184950971862
convergence_grid,rastrigin,100,1000,4,720,0.184950971862
convergence_grid,rastrigin,100,1000,4,721,0.184950971862
convergence_grid,rastrigin,100,1000,4,722,0.184950971862
convergence_grid,rastrigin,100,1000,4,723,0.184950971862
convergence_grid,rastrigin,100,1000,4,724,0.184950971862
convergence_grid,rastrigin,100,1000,4,725,0.184950971862
convergence_grid,rastrigin,100,1000,4,726,0.184950971862
convergence_grid,rastrigin,100,1000,4,727,0.140296942092
convergence_grid,rastrigin,100,1000,4,728,0.13799047314
convergence_grid,rastrigin,100,1000,4,729,0.13799047314
convergence_grid,rastrigin,100,1000,4,730,0.13799047314
convergence_grid,rastrigin,100,1000,4,731,0.116698616549
convergence_grid,rastrigin,100,1000,4,732,0.116698616549
convergence_grid,rastrigin,100,1000,4,733,0.116698616549
convergence_grid,rastrigin,100,1000,4,734,0.116698616549
convergence_grid,rastrigin,100,1000,4,735,0.116698616549
convergence_grid,rastrigin,100,1000,4,736,0.110794446813
convergence_grid,rastrigin,100,1000,4,737,0.110794446813
convergence_grid,rastrigin,100,1000,4,738,0.110794446813
convergence_grid,rastrigin,100,1000,4,739,0.110794446813
convergence_grid,rastrigin,100,1000,4,740,0.110794446813
convergence_grid,rastrigin,100,1000,4,741,0.110794446813
convergence_grid,rastrigin,100,1000,4,742,0.110794446813
convergence_grid,rastrigin,100,1000,4,743,0.110794446813
convergence_grid,rastrigin,100,1000,4,744,0.110794446813
convergence_grid,rastrigin,100,1000,4,745,0.110794446813
convergence_grid,rastrigin,100,1000,4,746,0.110794446813
convergence_grid,rastrigin,100,1000,4,747,0.110794446813
convergence_grid,rastrigin,100,1000,4,748,0.110794446813
convergence_grid,rastrigin,100,1000,4,749,0.110794446813
convergence_grid,rastrigin,100,1000,4,750,0.110794446813
convergence_grid,rastrigin,100,1000,4,751,0.110794446813
convergence_grid,rastrigin,100,1000,4,752,0.110794446813
convergence_grid,rastrigin,100,1000,4,753,0.110794446813
convergence_grid,rastrigin,100,1000,4,754,0.110794446813
convergence_grid,rastrigin,100,1000,4,755,0.110794446813
convergence_grid,rastrigin,100,1000,4,756,0.110794446813
convergence_grid,rastrigin,100,1000,4,757,0.110794446813
convergence_grid,rastrigin,100,1000,4,758,0.110794446813
convergence_grid,rastrigin,100,1000,4,759,0.110794446813
convergence_grid,rastrigin,100,1000,4,760,0.110794446813
convergence_grid,rastrigin,100,1000,4,761,0.110794446813
convergence_grid,rastrigin,100,1000,4,762,0.110794446813
convergence_grid,rastrigin,100,1000,4,763,0.110794446813
convergence_grid,rastrigin,100,1000,4,764,0.110794446813
convergence_grid,rastrigin,100,1000,4,765,0.107953294975
convergence_grid,rastrigin,100,1000,4,766,0.107953294975
convergence_grid,rastrigin,100,1000,4,767,0.107953294975
convergence_grid,rastrigin,100,1000,4,768,0.107953294975
convergence_grid,rastrigin,100,1000,4,769,0.107953294975
convergence_grid,rastrigin,100,1000,4,770,0.107953294975
convergence_grid,rastrigin,100,1000,4,771,0.107953294975
convergence_grid,rastrigin,100,1000,4,772,0.107953294975
convergence_grid,rastrigin,100,1000,4,773,0.107953294975
convergence_grid,rastrigin,100,1000,4,774,0.107953294975
convergence_grid,rastrigin,100,1000,4,775,0.107953294975
convergence_grid,rastrigin,100,1000,4,776,0.107953294975
convergence_grid,rastrigin,100,1000,4,777,0.107953294975
convergence_grid,rastrigin,100,1000,4,778,0.107953294975
convergence_grid,rastrigin,100,1000,4,779,0.107953294975
convergence_grid,rastrigin,100,1000,4,780,0.107953294975
convergence_grid,rastrigin,100,1000,4,781,0.107953294975
convergence_grid,rastrigin,100,1000,4,782,0.107953294975
convergence_grid,rastrigin,100,1000,4,783,0.107953294975
convergence_grid,rastrigin,100,1000,4,784,0.107953294975
convergence_grid,rastrigin,100,1000,4,785,0.107953294975
convergence_grid,rastrigin,100,1000,4,786,0.107953294975
convergence_grid,rastrigin,100,1000,4,787,0.107953294975
convergence_grid,rastrigin,100,1000,4,788,0.107953294975
convergence_grid,rastrigin,100,1000,4,789,0.107953294975
convergence_grid,rastrigin,100,1000,4,790,0.107953294975
convergence_grid,rastrigin,100,1000,4,791,0.107953294975
convergence_grid,rastrigin,100,1000,4,792,0.107953294975
convergence_grid,rastrigin,100,1000,4,793,0.107953294975
convergence_grid,rastrigin,100,1000,4,794,0.107953294975
convergence_grid,rastrigin,100,1000,4,795,0.107953294975
convergence_grid,rastrigin,100,1000,4,796,0.0663183370329
convergence_grid,rastrigin,100,1000,4,797,0.0663183370329
convergence_grid,rastrigin,100,1000,4,798,0.0663183370329
convergence_grid,rastrigin,100,1000,4,799,0.0663183370329
convergence_grid,rastrigin,100,1000,4,800,0.0663183370329
convergence_grid,rastrigin,100,1000,4,801,0.0663183370329
convergence_grid,rastrigin,100,1000,4,802,0.0663183370329
convergence_grid,rastrigin,100,1000,4,803,0.0663183370329
convergence_grid,rastrigin,100,1000,4,804,0.061280699151
convergence_grid,rastrigin,100,1000,4,805,0.061280699151
convergence_grid,rastrigin,100,1000,4,806,0.05283880997
convergence_grid,rastrigin,100,1000,4,807,0.05283880997
convergence_grid,rastrigin,100,1000,4,808,0.05283880997
convergence_grid,rastrigin,100,1000,4,809,0.05283880997
convergence_grid,rastrigin,100,1000,4,810,0.05283880997
convergence_grid,rastrigin,100,1000,4,811,0.05283880997
convergence_grid,rastrigin,100,1000,4,812,0.05283880997
convergence_grid,rastrigin,100,1000,4,813,0.05283880997
convergence_grid,rastrigin,100,1000,4,814,0.05283880997
convergence_grid,rastrigin,100,1000,4,815,0.0525749800276
convergence_grid,rastrigin,100,1000,4,816,0.0525749800276
convergence_grid,rastrigin,100,1000,4,817,0.0525749800276
convergence_grid,rastrigin,100,1000,4,818,0.0525749800276
convergence_grid,rastrigin,100,1000,4,819,0.0525749800276
convergence_grid,rastrigin,100,1000,4,820,0.0525749800276
convergence_grid,rastrigin,100,1000,4,821,0.0525749800276
convergence_grid,rastrigin,100,1000,4,822,0.0525749800276
convergence_grid,rastrigin,100,1000,4,823,0.0525749800276
convergence_grid,rastrigin,100,1000,4,824,0.0525749800276
convergence_grid,rastrigin,100,1000,4,825,0.0525749800276
convergence_grid,rastrigin,100,1000,4,826,0.0525749800276
convergence_grid,rastrigin,100,1000,4,827,0.0525749800276
convergence_grid,rastrigin,100,1000,4,828,0.0525749800276
convergence_grid,rastrigin,100,1000,4,829,0.0525749800276
convergence_grid,rastrigin,100,1000,4,830,0.0525749800276
convergence_grid,rastrigin,100,1000,4,831,0.0525749800276
convergence_grid,rastrigin,100,1000,4,832,0.0525749800276
convergence_grid,rastrigin,100,1000,4,833,0.0525749800276
convergence_grid,rastrigin,100,1000,4,834,0.0525749800276
convergence_grid,rastrigin,100,1000,4,835,0.0525749800276
convergence_grid,rastrigin,100,1000,4,836,0.0525749800276
convergence_grid,rastrigin,100,1000,4,837,0.0525749800276
convergence_grid,rastrigin,100,1000,4,838,0.0525749800276
convergence_grid,rastrigin,100,1000,4,839,0.0525749800276
convergence_grid,rastrigin,100,1000,4,840,0.0525749800276
convergence_grid,rastrigin,100,1000,4,841,0.0525749800276
convergence_grid,rastrigin,100,1000,4,842,0.0525749800276
convergence_grid,rastrigin,100,1000,4,843,0.0525749800276
convergence_grid,rastrigin,100,1000,4,844,0.0525749800276
convergence_grid,rastrigin,100,1000,4,845,0.0525749800276
convergence_grid,rastrigin,100,1000,4,846,0.0525749800276
convergence_grid,rastrigin,100,1000,4,847,0.0525749800276
convergence_grid,rastrigin,100,1000,4,848,0.0525749800276
convergence_grid,rastrigin,100,1000,4,849,0.0525749800276
convergence_grid,rastrigin,100,1000,4,850,0.0525749800276
convergence_grid,rastrigin,100,1000,4,851,0.0525749800276
convergence_grid,rastrigin,100,1000,4,852,0.0517543520158
convergence_grid,rastrigin,100,1000,4,853,0.0517543520158
convergence_grid,rastrigin,100,1000,4,854,0.0517543520158
convergence_grid,rastrigin,100,1000,4,855,0.0517543520158
convergence_grid,rastrigin,100,1000,4,856,0.0517543520158
convergence_grid,rastrigin,100,1000,4,857,0.0517543520158
convergence_grid,rastrigin,100,1000,4,858,0.0517543520158
convergence_grid,rastrigin,100,1000,4,859,0.0517543520158
convergence_grid,rastrigin,100,1000,4,860,0.0517543520158
convergence_grid,rastrigin,100,1000,4,861,0.0517543520158
convergence_grid,rastrigin,100,1000,4,862,0.0517543520158
convergence_grid,rastrigin,100,1000,4,863,0.0517543520158
convergence_grid,rastrigin,100,1000,4,864,0.0517543520158
convergence_grid,rastrigin,100,1000,4,865,0.0517543520158
convergence_grid,rastrigin,100,1000,4,866,0.0517543520158
convergence_grid,rastrigin,100,1000,4,867,0.0517543520158
convergence_grid,rastrigin,100,1000,4,868,0.0517543520158
convergence_grid,rastrigin,100,1000,4,869,0.0517543520158
convergence_grid,rastrigin,100,1000,4,870,0.0517543520158
convergence_grid,rastrigin,100,1000,4,871,0.0517543520158
convergence_grid,rastrigin,100,1000,4,872,0.0517543520158
convergence_grid,rastrigin,100,1000,4,873,0.0517543520158
convergence_grid,rastrigin,100,1000,4,874,0.0517543520158
convergence_grid,rastrigin,100,1000,4,875,0.0517543520158
convergence_grid,rastrigin,100,1000,4,876,0.0517543520158
convergence_grid,rastrigin,100,1000,4,877,0.0517543520158
convergence_grid,rastrigin,100,1000,4,878,0.0517543520158
convergence_grid,rastrigin,100,1000,4,879,0.0517543520158
convergence_grid,rastrigin,100,1000,4,880,0.0517543520158
convergence_grid,rastrigin,100,1000,4,881,0.0517543520158
convergence_grid,rastrigin,100,1000,4,882,0.0517543520158
convergence_grid,rastrigin,100,1000,4,883,0.0517543520158
convergence_grid,rastrigin,100,1000,4,884,0.0517543520158
convergence_grid,rastrigin,100,1000,4,885,0.0517543520158
convergence_grid,rastrigin,100,1000,4,886,0.0517543520158
convergence_grid,rastrigin,100,1000,4,887,0.0517543520158
convergence_grid,rastrigin,100,1000,4,888,0.0517543520158
convergence_grid,rastrigin,100,1000,4,889,0.0517543520158
convergence_grid,rastrigin,100,1000,4,890,0.0517543520158
convergence_grid,rastrigin,100,1000,4,891,0.0517543520158
convergence_grid,rastrigin,100,1000,4,892,0.0517543520158
convergence_grid,rastrigin,100,1000,4,893,0.0517543520158
convergence_grid,rastrigin,100,1000,4,894,0.0517543520158
convergence_grid,rastrigin,100,1000,4,895,0.0517543520158
convergence_grid,rastrigin,100,1000,4,896,0.0517543520158
convergence_grid,rastrigin,100,1000,4,897,0.0517543520158
convergence_grid,rastrigin,100,1000,4,898,0.0517543520158
convergence_grid,rastrigin,100,1000,4,899,0.0517543520158
convergence_grid,rastrigin,100,1000,4,900,0.0517543520158
convergence_grid,rastrigin,100,1000,4,901,0.0517543520158
convergence_grid,rastrigin,100,1000,4,902,0.0517543520158
convergence_grid,rastrigin,100,1000,4,903,0.0517543520158
convergence_grid,rastrigin,100,1000,4,904,0.0517543520158
convergence_grid,rastrigin,100,1000,4,905,0.0517543520158
convergence_grid,rastrigin,100,1000,4,906,0.0517543520158
convergence_grid,rastrigin,100,1000,4,907,0.0517543520158
convergence_grid,rastrigin,100,1000,4,908,0.0418965435646
convergence_grid,rastrigin,100,1000,4,909,0.0418965435646
convergence_grid,rastrigin,100,1000,4,910,0.0418965435646
convergence_grid,rastrigin,100,1000,4,911,0.0418965435646
convergence_grid,rastrigin,100,1000,4,912,0.0418965435646
convergence_grid,rastrigin,100,1000,4,913,0.0418965435646
convergence_grid,rastrigin,100,1000,4,914,0.0418965435646
convergence_grid,rastrigin,100,1000,4,915,0.0418965435646
convergence_grid,rastrigin,100,1000,4,916,0.0418965435646
convergence_grid,rastrigin,100,1000,4,917,0.0418965435646
convergence_grid,rastrigin,100,1000,4,918,0.0418965435646
convergence_grid,rastrigin,100,1000,4,919,0.0418965435646
convergence_grid,rastrigin,100,1000,4,920,0.0418965435646
convergence_grid,rastrigin,100,1000,4,921,0.0418965435646
convergence_grid,rastrigin,100,1000,4,922,0.0418965435646
convergence_grid,rastrigin,100,1000,4,923,0.0418965435646
convergence_grid,rastrigin,100,1000,4,924,0.0418965435646
convergence_grid,rastrigin,100,1000,4,925,0.0418965435646
convergence_grid,rastrigin,100,1000,4,926,0.0418965435646
convergence_grid,rastrigin,100,1000,4,927,0.0418965435646
convergence_grid,rastrigin,100,1000,4,928,0.0418965435646
convergence_grid,rastrigin,100,1000,4,929,0.0418965435646
convergence_grid,rastrigin,100,1000,4,930,0.0418965435646
convergence_grid,rastrigin,100,1000,4,931,0.0418965435646
convergence_grid,rastrigin,100,1000,4,932,0.0418965435646
convergence_grid,rastrigin,100,1000,4,933,0.0418965435646
convergence_grid,rastrigin,100,1000,4,934,0.0418965435646
convergence_grid,rastrigin,100,1000,4,935,0.0418965435646
convergence_grid,rastrigin,100,1000,4,936,0.0418965435646
convergence_grid,rastrigin,100,1000,4,937,0.0418965435646
convergence_grid,rastrigin,100,1000,4,938,0.0418965435646
convergence_grid,rastrigin,100,1000,4,939,0.0418965435646
convergence_grid,rastrigin,100,1000,4,940,0.0418965435646
convergence_grid,rastrigin,100,1000,4,941,0.0418965435646
convergence_grid,rastrigin,100,1000,4,942,0.0418965435646
convergence_grid,rastrigin,100,1000,4,943,0.0418965435646
convergence_grid,rastrigin,100,1000,4,944,0.0418965435646
convergence_grid,rastrigin,100,1000,4,945,0.0418965435646
convergence_grid,rastrigin,100,1000,4,946,0.0418965435646
convergence_grid,rastrigin,100,1000,4,947,0.0418965435646
convergence_grid,rastrigin,100,1000,4,948,0.0418965435646
convergence_grid,rastrigin,100,1000,4,949,0.0418965435646
convergence_grid,rastrigin,100,1000,4,950,0.0418965435646
convergence_grid,rastrigin,100,1000,4,951,0.0418965435646
convergence_grid,rastrigin,100,1000,4,952,0.0418965435646
convergence_grid,rastrigin,100,1000,4,953,0.0418965435646
convergence_grid,rastrigin,100,1000,4,954,0.0418965435646
convergence_grid,rastrigin,100,1000,4,955,0.0418965435646
convergence_grid,rastrigin,100,1000,4,956,0.0418965435646
convergence_grid,rastrigin,100,1000,4,957,0.0418965435646
convergence_grid,rastrigin,100,1000,4,958,0.0418965435646
convergence_grid,rastrigin,100,1000,4,959,0.0418965435646
convergence_grid,rastrigin,100,1000,4,960,0.0418965435646
convergence_grid,rastrigin,100,1000,4,961,0.0418965435646
convergence_grid,rastrigin,100,1000,4,962,0.0418965435646
convergence_grid,rastrigin,100,1000,4,963,0.0418965435646
convergence_grid,rastrigin,100,1000,4,964,0.0418965435646
convergence_grid,rastrigin,100,1000,4,965,0.0418965435646
convergence_grid,rastrigin,100,1000,4,966,0.0418965435646
convergence_grid,rastrigin,100,1000,4,967,0.0418965435646
convergence_grid,rastrigin,100,1000,4,968,0.0418965435646
convergence_grid,rastrigin,100,1000,4,969,0.0418965435646
convergence_grid,rastrigin,100,1000,4,970,0.0418965435646
convergence_grid,rastrigin,100,1000,4,971,0.0418965435646
convergence_grid,rastrigin,100,1000,4,972,0.0418965435646
convergence_grid,rastrigin,100,1000,4,973,0.0418965435646
convergence_grid,rastrigin,100,1000,4,974,0.0418965435646
convergence_grid,rastrigin,100,1000,4,975,0.0418965435646
convergence_grid,rastrigin,100,1000,4,976,0.0418965435646
convergence_grid,rastrigin,100,1000,4,977,0.0418965435646
convergence_grid,rastrigin,100,1000,4,978,0.0418965435646
convergence_grid,rastrigin,100,1000,4,979,0.0418965435646
convergence_grid,rastrigin,100,1000,4,980,0.0418965435646
convergence_grid,rastrigin,100,1000,4,981,0.0388877256414
convergence_grid,rastrigin,100,1000,4,982,0.0388877256414
convergence_grid,rastrigin,100,1000,4,983,0.0388877256414
convergence_grid,rastrigin,100,1000,4,984,0.0388877256414
convergence_grid,rastrigin,100,1000,4,985,0.0388877256414
convergence_grid,rastrigin,100,1000,4,986,0.0388877256414
convergence_grid,rastrigin,100,1000,4,987,0.0388877256414
convergence_grid,rastrigin,100,1000,4,988,0.0388877256414
convergence_grid,rastrigin,100,1000,4,989,0.0388877256414
convergence_grid,rastrigin,100,1000,4,990,0.0388877256414
convergence_grid,rastrigin,100,1000,4,991,0.0388877256414
convergence_grid,rastrigin,100,1000,4,992,0.0388877256414
convergence_grid,rastrigin,100,1000,4,993,0.0373246439691
convergence_grid,rastrigin,100,1000,4,994,0.0373246439691
convergence_grid,rastrigin,100,1000,4,995,0.0373246439691
convergence_grid,rastrigin,100,1000,4,996,0.0373246439691
convergence_grid,rastrigin,100,1000,4,997,0.0373246439691
convergence_grid,rastrigin,100,1000,4,998,0.0373246439691
convergence_grid,rastrigin,100,1000,4,999,0.0373246439691
convergence_grid,rastrigin,100,1000,4,1000,0.0373246439691
convergence_grid,rastrigin,500,100,4,0,245.98174834
convergence_grid,rastrigin,500,100,4,1,204.953096487
convergence_grid,rastrigin,500,100,4,2,152.353800172
convergence_grid,rastrigin,500,100,4,3,135.403904992
convergence_grid,rastrigin,500,100,4,4,135.403904992
convergence_grid,rastrigin,500,100,4,5,127.551992914
convergence_grid,rastrigin,500,100,4,6,111.799324045
convergence_grid,rastrigin,500,100,4,7,111.799324045
convergence_grid,rastrigin,500,100,4,8,98.7813836679
convergence_grid,rastrigin,500,100,4,9,83.6557552233
convergence_grid,rastrigin,500,100,4,10,83.4584945022
convergence_grid,rastrigin,500,100,4,11,83.4584945022
convergence_grid,rastrigin,500,100,4,12,83.4584945022
convergence_grid,rastrigin,500,100,4,13,81.5840628187
convergence_grid,rastrigin,500,100,4,14,75.6432892965
convergence_grid,rastrigin,500,100,4,15,66.8700691566
convergence_grid,rastrigin,500,100,4,16,66.8700691566
convergence_grid,rastrigin,500,100,4,17,66.8700691566
convergence_grid,rastrigin,500,100,4,18,60.6285617093
convergence_grid,rastrigin,500,100,4,19,54.839733855
convergence_grid,rastrigin,500,100,4,20,45.3505899323
convergence_grid,rastrigin,500,100,4,21,43.4187811584
convergence_grid,rastrigin,500,100,4,22,37.9787938716
convergence_grid,rastrigin,500,100,4,23,35.9696324801
convergence_grid,rastrigin,500,100,4,24,32.2952390763
convergence_grid,rastrigin,500,100,4,25,19.1160897492
convergence_grid,rastrigin,500,100,4,26,19.1160897492
convergence_grid,rastrigin,500,100,4,27,19.1160897492
convergence_grid,rastrigin,500,100,4,28,18.3625936995
convergence_grid,rastrigin,500,100,4,29,15.5642492403
convergence_grid,rastrigin,500,100,4,30,13.7967464564
convergence_grid,rastrigin,500,100,4,31,11.683361295
convergence_grid,rastrigin,500,100,4,32,11.3461716581
convergence_grid,rastrigin,500,100,4,33,8.76601330295
convergence_grid,rastrigin,500,100,4,34,8.39370639387
convergence_grid,rastrigin,500,100,4,35,8.39370639387
convergence_grid,rastrigin,500,100,4,36,7.93411575955
convergence_grid,rastrigin,500,100,4,37,5.94809100544
convergence_grid,rastrigin,500,100,4,38,5.67282274515
convergence_grid,rastrigin,500,100,4,39,5.67282274515
convergence_grid,rastrigin,500,100,4,40,5.67282274515
convergence_grid,rastrigin,500,100,4,41,5.67282274515
convergence_grid,rastrigin,500,100,4,42,5.39378946271
convergence_grid,rastrigin,500,100,4,43,4.82059915407
convergence_grid,rastrigin,500,100,4,44,4.79095628031
convergence_grid,rastrigin,500,100,4,45,4.79095628031
convergence_grid,rastrigin,500,100,4,46,4.62510868152
convergence_grid,rastrigin,500,100,4,47,4.42339652652
convergence_grid,rastrigin,500,100,4,48,4.3135173726
convergence_grid,rastrigin,500,100,4,49,4.3135173726
convergence_grid,rastrigin,500,100,4,50,4.3135173726
convergence_grid,rastrigin,500,100,4,51,4.27404685504
convergence_grid,rastrigin,500,100,4,52,3.40365679275
convergence_grid,rastrigin,500,100,4,53,3.40365679275
convergence_grid,rastrigin,500,100,4,54,3.40365679275
convergence_grid,rastrigin,500,100,4,55,3.40365679275
convergence_grid,rastrigin,500,100,4,56,3.40365679275
convergence_grid,rastrigin,500,100,4,57,3.40365679275
convergence_grid,rastrigin,500,100,4,58,3.40365679275
convergence_grid,rastrigin,500,100,4,59,3.40365679275
convergence_grid,rastrigin,500,100,4,60,2.44126560201
convergence_grid,rastrigin,500,100,4,61,2.44126560201
convergence_grid,rastrigin,500,100,4,62,2.44126560201
convergence_grid,rastrigin,500,100,4,63,2.44126560201
convergence_grid,rastrigin,500,100,4,64,2.44126560201
convergence_grid,rastrigin,500,100,4,65,2.44126560201
convergence_grid,rastrigin,500,100,4,66,2.03067982498
convergence_grid,rastrigin,500,100,4,67,2.03067982498
convergence_grid,rastrigin,500,100,4,68,2.03067982498
convergence_grid,rastrigin,500,100,4,69,2.03067982498
convergence_grid,rastrigin,500,100,4,70,2.03067982498
convergence_grid,rastrigin,500,100,4,71,2.03067982498
convergence_grid,rastrigin,500,100,4,72,1.8642628711
convergence_grid,rastrigin,500,100,4,73,1.8642628711
convergence_grid,rastrigin,500,100,4,74,1.8642628711
convergence_grid,rastrigin,500,100,4,75,1.8642628711
convergence_grid,rastrigin,500,100,4,76,1.8642628711
convergence_grid,rastrigin,500,100,4,77,1.8642628711
convergence_grid,rastrigin,500,100,4,78,1.8642628711
convergence_grid,rastrigin,500,100,4,79,1.8642628711
convergence_grid,rastrigin,500,100,4,80,1.8642628711
convergence_grid,rastrigin,500,100,4,81,1.8642628711
convergence_grid,rastrigin,500,100,4,82,1.8642628711
convergence_grid,rastrigin,500,100,4,83,1.8642628711
convergence_grid,rastrigin,500,100,4,84,1.8642628711
convergence_grid,rastrigin,500,100,4,85,1.8642628711
convergence_grid,rastrigin,500,100,4,86,1.8642628711
convergence_grid,rastrigin,500,100,4,87,1.8642628711
convergence_grid,rastrigin,500,100,4,88,1.8642628711
convergence_grid,rastrigin,500,100,4,89,1.72147762748
convergence_grid,rastrigin,500,100,4,90,1.72147762748
convergence_grid,rastrigin,500,100,4,91,1.72147762748
convergence_grid,rastrigin,500,100,4,92,1.72147762748
convergence_grid,rastrigin,500,100,4,93,1.72147762748
convergence_grid,rastrigin,500,100,4,94,1.72147762748
convergence_grid,rastrigin,500,100,4,95,1.72147762748
convergence_grid,rastrigin,500,100,4,96,1.72147762748
convergence_grid,rastrigin,500,100,4,97,1.72147762748
convergence_grid,rastrigin,500,100,4,98,1.72147762748
convergence_grid,rastrigin,500,100,4,99,1.72147762748
convergence_grid,rastrigin,500,100,4,100,1.72147762748
convergence_grid,rastrigin,500,500,4,0,249.467119421
convergence_grid,rastrigin,500,500,4,1,182.945432342
convergence_grid,rastrigin,500,500,4,2,168.092123834
convergence_grid,rastrigin,500,500,4,3,140.214959308
convergence_grid,rastrigin,500,500,4,4,92.7415750037
convergence_grid,rastrigin,500,500,4,5,92.7415750037
convergence_grid,rastrigin,500,500,4,6,92.7415750037
convergence_grid,rastrigin,500,500,4,7,92.7415750037
convergence_grid,rastrigin,500,500,4,8,92.7415750037
convergence_grid,rastrigin,500,500,4,9,92.7415750037
convergence_grid,rastrigin,500,500,4,10,92.7415750037
convergence_grid,rastrigin,500,500,4,11,87.2729985408
convergence_grid,rastrigin,500,500,4,12,70.6330996573
convergence_grid,rastrigin,500,500,4,13,70.6330996573
convergence_grid,rastrigin,500,500,4,14,60.0462209896
convergence_grid,rastrigin,500,500,4,15,59.4432241959
convergence_grid,rastrigin,500,500,4,16,56.5667702482
convergence_grid,rastrigin,500,500,4,17,47.5813630466
convergence_grid,rastrigin,500,500,4,18,38.8465254917
convergence_grid,rastrigin,500,500,4,19,29.9996032302
convergence_grid,rastrigin,500,500,4,20,29.9996032302
convergence_grid,rastrigin,500,500,4,21,26.9169486983
convergence_grid,rastrigin,500,500,4,22,19.360514786
convergence_grid,rastrigin,500,500,4,23,17.2763992082
convergence_grid,rastrigin,500,500,4,24,14.6224453028
convergence_grid,rastrigin,500,500,4,25,14.6224453028
convergence_grid,rastrigin,500,500,4,26,11.846714768
convergence_grid,rastrigin,500,500,4,27,10.8015315634
convergence_grid,rastrigin,500,500,4,28,10.8015315634
convergence_grid,rastrigin,500,500,4,29,9.97167938181
convergence_grid,rastrigin,500,500,4,30,9.97167938181
convergence_grid,rastrigin,500,500,4,31,9.36075239204
convergence_grid,rastrigin,500,500,4,32,8.46199848236
convergence_grid,rastrigin,500,500,4,33,8.46199848236
convergence_grid,rastrigin,500,500,4,34,8.17381421688
convergence_grid,rastrigin,500,500,4,35,6.87267830036
convergence_grid,rastrigin,500,500,4,36,5.78112343417
convergence_grid,rastrigin,500,500,4,37,4.60441071199
convergence_grid,rastrigin,500,500,4,38,4.4805564308
convergence_grid,rastrigin,500,500,4,39,4.4805564308
convergence_grid,rastrigin,500,500,4,40,4.4805564308
convergence_grid,rastrigin,500,500,4,41,4.4805564308
convergence_grid,rastrigin,500,500,4,42,2.63458916379
convergence_grid,rastrigin,500,500,4,43,2.63458916379
convergence_grid,rastrigin,500,500,4,44,2.63458916379
convergence_grid,rastrigin,500,500,4,45,2.63458916379
convergence_grid,rastrigin,500,500,4,46,2.54010705673
convergence_grid,rastrigin,500,500,4,47,2.54010705673
convergence_grid,rastrigin,500,500,4,48,2.54010705673
convergence_grid,rastrigin,500,500,4,49,1.8013230535
convergence_grid,rastrigin,500,500,4,50,1.8013230535
convergence_grid,rastrigin,500,500,4,51,1.8013230535
convergence_grid,rastrigin,500,500,4,52,1.8013230535
convergence_grid,rastrigin,500,500,4,53,1.15609345752
convergence_grid,rastrigin,500,500,4,54,1.15609345752
convergence_grid,rastrigin,500,500,4,55,1.15609345752
convergence_grid,rastrigin,500,500,4,56,1.15609345752
convergence_grid,rastrigin,500,500,4,57,1.15609345752
convergence_grid,rastrigin,500,500,4,58,1.15609345752
convergence_grid,rastrigin,500,500,4,59,1.15609345752
convergence_grid,rastrigin,500,500,4,60,1.15609345752
convergence_grid,rastrigin,500,500,4,61,1.14526199182
convergence_grid,rastrigin,500,500,4,62,1.13852761259
convergence_grid,rastrigin,500,500,4,63,1.13852761259
convergence_grid,rastrigin,500,500,4,64,1.13852761259
convergence_grid,rastrigin,500,500,4,65,1.13852761259
convergence_grid,rastrigin,500,500,4,66,1.13852761259
convergence_grid,rastrigin,500,500,4,67,0.62187988346
convergence_grid,rastrigin,500,500,4,68,0.62187988346
convergence_grid,rastrigin,500,500,4,69,0.62187988346
convergence_grid,rastrigin,500,500,4,70,0.62187988346
convergence_grid,rastrigin,500,500,4,71,0.62187988346
convergence_grid,rastrigin,500,500,4,72,0.62187988346
convergence_grid,rastrigin,500,500,4,73,0.62187988346
convergence_grid,rastrigin,500,500,4,74,0.62187988346
convergence_grid,rastrigin,500,500,4,75,0.62187988346
convergence_grid,rastrigin,500,500,4,76,0.62187988346
convergence_grid,rastrigin,500,500,4,77,0.62187988346
convergence_grid,rastrigin,500,500,4,78,0.62187988346
convergence_grid,rastrigin,500,500,4,79,0.597212140224
convergence_grid,rastrigin,500,500,4,80,0.574214201915
convergence_grid,rastrigin,500,500,4,81,0.574214201915
convergence_grid,rastrigin,500,500,4,82,0.574214201915
convergence_grid,rastrigin,500,500,4,83,0.574214201915
convergence_grid,rastrigin,500,500,4,84,0.574214201915
convergence_grid,rastrigin,500,500,4,85,0.574214201915
convergence_grid,rastrigin,500,500,4,86,0.574214201915
convergence_grid,rastrigin,500,500,4,87,0.574214201915
convergence_grid,rastrigin,500,500,4,88,0.574214201915
convergence_grid,rastrigin,500,500,4,89,0.574214201915
convergence_grid,rastrigin,500,500,4,90,0.574214201915
convergence_grid,rastrigin,500,500,4,91,0.574214201915
convergence_grid,rastrigin,500,500,4,92,0.574214201915
convergence_grid,rastrigin,500,500,4,93,0.574214201915
convergence_grid,rastrigin,500,500,4,94,0.574214201915
convergence_grid,rastrigin,500,500,4,95,0.574214201915
convergence_grid,rastrigin,500,500,4,96,0.574214201915
convergence_grid,rastrigin,500,500,4,97,0.574214201915
convergence_grid,rastrigin,500,500,4,98,0.574214201915
convergence_grid,rastrigin,500,500,4,99,0.574214201915
convergence_grid,rastrigin,500,500,4,100,0.574214201915
convergence_grid,rastrigin,500,500,4,101,0.574214201915
convergence_grid,rastrigin,500,500,4,102,0.574214201915
convergence_grid,rastrigin,500,500,4,103,0.574214201915
convergence_grid,rastrigin,500,500,4,104,0.574214201915
convergence_grid,rastrigin,500,500,4,105,0.574214201915
convergence_grid,rastrigin,500,500,4,106,0.574214201915
convergence_grid,rastrigin,500,500,4,107,0.574214201915
convergence_grid,rastrigin,500,500,4,108,0.574214201915
convergence_grid,rastrigin,500,500,4,109,0.55130873921
convergence_grid,rastrigin,500,500,4,110,0.55130873921
convergence_grid,rastrigin,500,500,4,111,0.55130873921
convergence_grid,rastrigin,500,500,4,112,0.55130873921
convergence_grid,rastrigin,500,500,4,113,0.55130873921
convergence_grid,rastrigin,500,500,4,114,0.55130873921
convergence_grid,rastrigin,500,500,4,115,0.55130873921
convergence_grid,rastrigin,500,500,4,116,0.55130873921
convergence_grid,rastrigin,500,500,4,117,0.55130873921
convergence_grid,rastrigin,500,500,4,118,0.55130873921
convergence_grid,rastrigin,500,500,4,119,0.55130873921
convergence_grid,rastrigin,500,500,4,120,0.55130873921
convergence_grid,rastrigin,500,500,4,121,0.55130873921
convergence_grid,rastrigin,500,500,4,122,0.538689036744
convergence_grid,rastrigin,500,500,4,123,0.538689036744
convergence_grid,rastrigin,500,500,4,124,0.538689036744
convergence_grid,rastrigin,500,500,4,125,0.538689036744
convergence_grid,rastrigin,500,500,4,126,0.538689036744
convergence_grid,rastrigin,500,500,4,127,0.538689036744
convergence_grid,rastrigin,500,500,4,128,0.538689036744
convergence_grid,rastrigin,500,500,4,129,0.468749761648
convergence_grid,rastrigin,500,500,4,130,0.468749761648
convergence_grid,rastrigin,500,500,4,131,0.460602560493
convergence_grid,rastrigin,500,500,4,132,0.460602560493
convergence_grid,rastrigin,500,500,4,133,0.460602560493
convergence_grid,rastrigin,500,500,4,134,0.460602560493
convergence_grid,rastrigin,500,500,4,135,0.460602560493
convergence_grid,rastrigin,500,500,4,136,0.460602560493
convergence_grid,rastrigin,500,500,4,137,0.460602560493
convergence_grid,rastrigin,500,500,4,138,0.460602560493
convergence_grid,rastrigin,500,500,4,139,0.40461698648
convergence_grid,rastrigin,500,500,4,140,0.40461698648
convergence_grid,rastrigin,500,500,4,141,0.38595143071
convergence_grid,rastrigin,500,500,4,142,0.38595143071
convergence_grid,rastrigin,500,500,4,143,0.38595143071
convergence_grid,rastrigin,500,500,4,144,0.344376338707
convergence_grid,rastrigin,500,500,4,145,0.322304244263
convergence_grid,rastrigin,500,500,4,146,0.322304244263
convergence_grid,rastrigin,500,500,4,147,0.322304244263
convergence_grid,rastrigin,500,500,4,148,0.322304244263
convergence_grid,rastrigin,500,500,4,149,0.322304244263
convergence_grid,rastrigin,500,500,4,150,0.322304244263
convergence_grid,rastrigin,500,500,4,151,0.322304244263
convergence_grid,rastrigin,500,500,4,152,0.322304244263
convergence_grid,rastrigin,500,500,4,153,0.322304244263
convergence_grid,rastrigin,500,500,4,154,0.322304244263
convergence_grid,rastrigin,500,500,4,155,0.322304244263
convergence_grid,rastrigin,500,500,4,156,0.322304244263
convergence_grid,rastrigin,500,500,4,157,0.322304244263
convergence_grid,rastrigin,500,500,4,158,0.322304244263
convergence_grid,rastrigin,500,500,4,159,0.322304244263
convergence_grid,rastrigin,500,500,4,160,0.3210420746
convergence_grid,rastrigin,500,500,4,161,0.3210420746
convergence_grid,rastrigin,500,500,4,162,0.3210420746
convergence_grid,rastrigin,500,500,4,163,0.3210420746
convergence_grid,rastrigin,500,500,4,164,0.3210420746
convergence_grid,rastrigin,500,500,4,165,0.3210420746
convergence_grid,rastrigin,500,500,4,166,0.3210420746
convergence_grid,rastrigin,500,500,4,167,0.3210420746
convergence_grid,rastrigin,500,500,4,168,0.3210420746
convergence_grid,rastrigin,500,500,4,169,0.3210420746
convergence_grid,rastrigin,500,500,4,170,0.3210420746
convergence_grid,rastrigin,500,500,4,171,0.3210420746
convergence_grid,rastrigin,500,500,4,172,0.3210420746
convergence_grid,rastrigin,500,500,4,173,0.3210420746
convergence_grid,rastrigin,500,500,4,174,0.3210420746
convergence_grid,rastrigin,500,500,4,175,0.3210420746
convergence_grid,rastrigin,500,500,4,176,0.3210420746
convergence_grid,rastrigin,500,500,4,177,0.3210420746
convergence_grid,rastrigin,500,500,4,178,0.3210420746
convergence_grid,rastrigin,500,500,4,179,0.3210420746
convergence_grid,rastrigin,500,500,4,180,0.3210420746
convergence_grid,rastrigin,500,500,4,181,0.3210420746
convergence_grid,rastrigin,500,500,4,182,0.3210420746
convergence_grid,rastrigin,500,500,4,183,0.252358129208
convergence_grid,rastrigin,500,500,4,184,0.252358129208
convergence_grid,rastrigin,500,500,4,185,0.252358129208
convergence_grid,rastrigin,500,500,4,186,0.252358129208
convergence_grid,rastrigin,500,500,4,187,0.252358129208
convergence_grid,rastrigin,500,500,4,188,0.252358129208
convergence_grid,rastrigin,500,500,4,189,0.252358129208
convergence_grid,rastrigin,500,500,4,190,0.252358129208
convergence_grid,rastrigin,500,500,4,191,0.252358129208
convergence_grid,rastrigin,500,500,4,192,0.252358129208
convergence_grid,rastrigin,500,500,4,193,0.252358129208
convergence_grid,rastrigin,500,500,4,194,0.252358129208
convergence_grid,rastrigin,500,500,4,195,0.252358129208
convergence_grid,rastrigin,500,500,4,196,0.252358129208
convergence_grid,rastrigin,500,500,4,197,0.252358129208
convergence_grid,rastrigin,500,500,4,198,0.252358129208
convergence_grid,rastrigin,500,500,4,199,0.252358129208
convergence_grid,rastrigin,500,500,4,200,0.252358129208
convergence_grid,rastrigin,500,500,4,201,0.252358129208
convergence_grid,rastrigin,500,500,4,202,0.252358129208
convergence_grid,rastrigin,500,500,4,203,0.252358129208
convergence_grid,rastrigin,500,500,4,204,0.252358129208
convergence_grid,rastrigin,500,500,4,205,0.252358129208
convergence_grid,rastrigin,500,500,4,206,0.252358129208
convergence_grid,rastrigin,500,500,4,207,0.252358129208
convergence_grid,rastrigin,500,500,4,208,0.252358129208
convergence_grid,rastrigin,500,500,4,209,0.252358129208
convergence_grid,rastrigin,500,500,4,210,0.252358129208
convergence_grid,rastrigin,500,500,4,211,0.252358129208
convergence_grid,rastrigin,500,500,4,212,0.252358129208
convergence_grid,rastrigin,500,500,4,213,0.252358129208
convergence_grid,rastrigin,500,500,4,214,0.252358129208
convergence_grid,rastrigin,500,500,4,215,0.252358129208
convergence_grid,rastrigin,500,500,4,216,0.252358129208
convergence_grid,rastrigin,500,500,4,217,0.252358129208
convergence_grid,rastrigin,500,500,4,218,0.252358129208
convergence_grid,rastrigin,500,500,4,219,0.252358129208
convergence_grid,rastrigin,500,500,4,220,0.252358129208
convergence_grid,rastrigin,500,500,4,221,0.252358129208
convergence_grid,rastrigin,500,500,4,222,0.252358129208
convergence_grid,rastrigin,500,500,4,223,0.252358129208
convergence_grid,rastrigin,500,500,4,224,0.252358129208
convergence_grid,rastrigin,500,500,4,225,0.252358129208
convergence_grid,rastrigin,500,500,4,226,0.252358129208
convergence_grid,rastrigin,500,500,4,227,0.252358129208
convergence_grid,rastrigin,500,500,4,228,0.252358129208
convergence_grid,rastrigin,500,500,4,229,0.252358129208
convergence_grid,rastrigin,500,500,4,230,0.252358129208
convergence_grid,rastrigin,500,500,4,231,0.252358129208
convergence_grid,rastrigin,500,500,4,232,0.252358129208
convergence_grid,rastrigin,500,500,4,233,0.252358129208
convergence_grid,rastrigin,500,500,4,234,0.252358129208
convergence_grid,rastrigin,500,500,4,235,0.252358129208
convergence_grid,rastrigin,500,500,4,236,0.252358129208
convergence_grid,rastrigin,500,500,4,237,0.252358129208
convergence_grid,rastrigin,500,500,4,238,0.252358129208
convergence_grid,rastrigin,500,500,4,239,0.252358129208
convergence_grid,rastrigin,500,500,4,240,0.252358129208
convergence_grid,rastrigin,500,500,4,241,0.252358129208
convergence_grid,rastrigin,500,500,4,242,0.252358129208
convergence_grid,rastrigin,500,500,4,243,0.252358129208
convergence_grid,rastrigin,500,500,4,244,0.252358129208
convergence_grid,rastrigin,500,500,4,245,0.252358129208
convergence_grid,rastrigin,500,500,4,246,0.252358129208
convergence_grid,rastrigin,500,500,4,247,0.242573120852
convergence_grid,rastrigin,500,500,4,248,0.242573120852
convergence_grid,rastrigin,500,500,4,249,0.242573120852
convergence_grid,rastrigin,500,500,4,250,0.242573120852
convergence_grid,rastrigin,500,500,4,251,0.242573120852
convergence_grid,rastrigin,500,500,4,252,0.242573120852
convergence_grid,rastrigin,500,500,4,253,0.242573120852
convergence_grid,rastrigin,500,500,4,254,0.242573120852
convergence_grid,rastrigin,500,500,4,255,0.242573120852
convergence_grid,rastrigin,500,500,4,256,0.242573120852
convergence_grid,rastrigin,500,500,4,257,0.242573120852
convergence_grid,rastrigin,500,500,4,258,0.242573120852
convergence_grid,rastrigin,500,500,4,259,0.242573120852
convergence_grid,rastrigin,500,500,4,260,0.242573120852
convergence_grid,rastrigin,500,500,4,261,0.242573120852
convergence_grid,rastrigin,500,500,4,262,0.242573120852
convergence_grid,rastrigin,500,500,4,263,0.211989448104
convergence_grid,rastrigin,500,500,4,264,0.211989448104
convergence_grid,rastrigin,500,500,4,265,0.211989448104
convergence_grid,rastrigin,500,500,4,266,0.211989448104
convergence_grid,rastrigin,500,500,4,267,0.211989448104
convergence_grid,rastrigin,500,500,4,268,0.211989448104
convergence_grid,rastrigin,500,500,4,269,0.211989448104
convergence_grid,rastrigin,500,500,4,270,0.211989448104
convergence_grid,rastrigin,500,500,4,271,0.211989448104
convergence_grid,rastrigin,500,500,4,272,0.198392217278
convergence_grid,rastrigin,500,500,4,273,0.198392217278
convergence_grid,rastrigin,500,500,4,274,0.198392217278
convergence_grid,rastrigin,500,500,4,275,0.198392217278
convergence_grid,rastrigin,500,500,4,276,0.198392217278
convergence_grid,rastrigin,500,500,4,277,0.198392217278
convergence_grid,rastrigin,500,500,4,278,0.198392217278
convergence_grid,rastrigin,500,500,4,279,0.198392217278
convergence_grid,rastrigin,500,500,4,280,0.198392217278
convergence_grid,rastrigin,500,500,4,281,0.198392217278
convergence_grid,rastrigin,500,500,4,282,0.198392217278
convergence_grid,rastrigin,500,500,4,283,0.198392217278
convergence_grid,rastrigin,500,500,4,284,0.198392217278
convergence_grid,rastrigin,500,500,4,285,0.198392217278
convergence_grid,rastrigin,500,500,4,286,0.198392217278
convergence_grid,rastrigin,500,500,4,287,0.198392217278
convergence_grid,rastrigin,500,500,4,288,0.198392217278
convergence_grid,rastrigin,500,500,4,289,0.198392217278
convergence_grid,rastrigin,500,500,4,290,0.198392217278
convergence_grid,rastrigin,500,500,4,291,0.198392217278
convergence_grid,rastrigin,500,500,4,292,0.198392217278
convergence_grid,rastrigin,500,500,4,293,0.198392217278
convergence_grid,rastrigin,500,500,4,294,0.198392217278
convergence_grid,rastrigin,500,500,4,295,0.198392217278
convergence_grid,rastrigin,500,500,4,296,0.198392217278
convergence_grid,rastrigin,500,500,4,297,0.198392217278
convergence_grid,rastrigin,500,500,4,298,0.198392217278
convergence_grid,rastrigin,500,500,4,299,0.198392217278
convergence_grid,rastrigin,500,500,4,300,0.198392217278
convergence_grid,rastrigin,500,500,4,301,0.198392217278
convergence_grid,rastrigin,500,500,4,302,0.198392217278
convergence_grid,rastrigin,500,500,4,303,0.198392217278
convergence_grid,rastrigin,500,500,4,304,0.198392217278
convergence_grid,rastrigin,500,500,4,305,0.198392217278
convergence_grid,rastrigin,500,500,4,306,0.198392217278
convergence_grid,rastrigin,500,500,4,307,0.198392217278
convergence_grid,rastrigin,500,500,4,308,0.198392217278
convergence_grid,rastrigin,500,500,4,309,0.198392217278
convergence_grid,rastrigin,500,500,4,310,0.198392217278
convergence_grid,rastrigin,500,500,4,311,0.198392217278
convergence_grid,rastrigin,500,500,4,312,0.198392217278
convergence_grid,rastrigin,500,500,4,313,0.198392217278
convergence_grid,rastrigin,500,500,4,314,0.198392217278
convergence_grid,rastrigin,500,500,4,315,0.198392217278
convergence_grid,rastrigin,500,500,4,316,0.198392217278
convergence_grid,rastrigin,500,500,4,317,0.198392217278
convergence_grid,rastrigin,500,500,4,318,0.198392217278
convergence_grid,rastrigin,500,500,4,319,0.198392217278
convergence_grid,rastrigin,500,500,4,320,0.198392217278
convergence_grid,rastrigin,500,500,4,321,0.198392217278
convergence_grid,rastrigin,500,500,4,322,0.198392217278
convergence_grid,rastrigin,500,500,4,323,0.198392217278
convergence_grid,rastrigin,500,500,4,324,0.198392217278
convergence_grid,rastrigin,500,500,4,325,0.198392217278
convergence_grid,rastrigin,500,500,4,326,0.198392217278
convergence_grid,rastrigin,500,500,4,327,0.198392217278
convergence_grid,rastrigin,500,500,4,328,0.198392217278
convergence_grid,rastrigin,500,500,4,329,0.198392217278
convergence_grid,rastrigin,500,500,4,330,0.198392217278
convergence_grid,rastrigin,500,500,4,331,0.198392217278
convergence_grid,rastrigin,500,500,4,332,0.198392217278
convergence_grid,rastrigin,500,500,4,333,0.198392217278
convergence_grid,rastrigin,500,500,4,334,0.198392217278
convergence_grid,rastrigin,500,500,4,335,0.198392217278
convergence_grid,rastrigin,500,500,4,336,0.198392217278
convergence_grid,rastrigin,500,500,4,337,0.198392217278
convergence_grid,rastrigin,500,500,4,338,0.198392217278
convergence_grid,rastrigin,500,500,4,339,0.198392217278
convergence_grid,rastrigin,500,500,4,340,0.198392217278
convergence_grid,rastrigin,500,500,4,341,0.198392217278
convergence_grid,rastrigin,500,500,4,342,0.198392217278
convergence_grid,rastrigin,500,500,4,343,0.198392217278
convergence_grid,rastrigin,500,500,4,344,0.198392217278
convergence_grid,rastrigin,500,500,4,345,0.198392217278
convergence_grid,rastrigin,500,500,4,346,0.198392217278
convergence_grid,rastrigin,500,500,4,347,0.198392217278
convergence_grid,rastrigin,500,500,4,348,0.198392217278
convergence_grid,rastrigin,500,500,4,349,0.198392217278
convergence_grid,rastrigin,500,500,4,350,0.198392217278
convergence_grid,rastrigin,500,500,4,351,0.198392217278
convergence_grid,rastrigin,500,500,4,352,0.198392217278
convergence_grid,rastrigin,500,500,4,353,0.198392217278
convergence_grid,rastrigin,500,500,4,354,0.198392217278
convergence_grid,rastrigin,500,500,4,355,0.198392217278
convergence_grid,rastrigin,500,500,4,356,0.198392217278
convergence_grid,rastrigin,500,500,4,357,0.198392217278
convergence_grid,rastrigin,500,500,4,358,0.198392217278
convergence_grid,rastrigin,500,500,4,359,0.198392217278
convergence_grid,rastrigin,500,500,4,360,0.198392217278
convergence_grid,rastrigin,500,500,4,361,0.198392217278
convergence_grid,rastrigin,500,500,4,362,0.198392217278
convergence_grid,rastrigin,500,500,4,363,0.198392217278
convergence_grid,rastrigin,500,500,4,364,0.198392217278
convergence_grid,rastrigin,500,500,4,365,0.198392217278
convergence_grid,rastrigin,500,500,4,366,0.198392217278
convergence_grid,rastrigin,500,500,4,367,0.198392217278
convergence_grid,rastrigin,500,500,4,368,0.198392217278
convergence_grid,rastrigin,500,500,4,369,0.198392217278
convergence_grid,rastrigin,500,500,4,370,0.198392217278
convergence_grid,rastrigin,500,500,4,371,0.198392217278
convergence_grid,rastrigin,500,500,4,372,0.198392217278
convergence_grid,rastrigin,500,500,4,373,0.198392217278
convergence_grid,rastrigin,500,500,4,374,0.198392217278
convergence_grid,rastrigin,500,500,4,375,0.198392217278
convergence_grid,rastrigin,500,500,4,376,0.198392217278
convergence_grid,rastrigin,500,500,4,377,0.198392217278
convergence_grid,rastrigin,500,500,4,378,0.198392217278
convergence_grid,rastrigin,500,500,4,379,0.198392217278
convergence_grid,rastrigin,500,500,4,380,0.198392217278
convergence_grid,rastrigin,500,500,4,381,0.198392217278
convergence_grid,rastrigin,500,500,4,382,0.198392217278
convergence_grid,rastrigin,500,500,4,383,0.198392217278
convergence_grid,rastrigin,500,500,4,384,0.198392217278
convergence_grid,rastrigin,500,500,4,385,0.198392217278
convergence_grid,rastrigin,500,500,4,386,0.198392217278
convergence_grid,rastrigin,500,500,4,387,0.198392217278
convergence_grid,rastrigin,500,500,4,388,0.198392217278
convergence_grid,rastrigin,500,500,4,389,0.198392217278
convergence_grid,rastrigin,500,500,4,390,0.198392217278
convergence_grid,rastrigin,500,500,4,391,0.198392217278
convergence_grid,rastrigin,500,500,4,392,0.198392217278
convergence_grid,rastrigin,500,500,4,393,0.198392217278
convergence_grid,rastrigin,500,500,4,394,0.198392217278
convergence_grid,rastrigin,500,500,4,395,0.198392217278
convergence_grid,rastrigin,500,500,4,396,0.198392217278
convergence_grid,rastrigin,500,500,4,397,0.198392217278
convergence_grid,rastrigin,500,500,4,398,0.198392217278
convergence_grid,rastrigin,500,500,4,399,0.198392217278
convergence_grid,rastrigin,500,500,4,400,0.198392217278
convergence_grid,rastrigin,500,500,4,401,0.198392217278
convergence_grid,rastrigin,500,500,4,402,0.198392217278
convergence_grid,rastrigin,500,500,4,403,0.198392217278
convergence_grid,rastrigin,500,500,4,404,0.198392217278
convergence_grid,rastrigin,500,500,4,405,0.198392217278
convergence_grid,rastrigin,500,500,4,406,0.198392217278
convergence_grid,rastrigin,500,500,4,407,0.198392217278
convergence_grid,rastrigin,500,500,4,408,0.198392217278
convergence_grid,rastrigin,500,500,4,409,0.198392217278
convergence_grid,rastrigin,500,500,4,410,0.198392217278
convergence_grid,rastrigin,500,500,4,411,0.198392217278
convergence_grid,rastrigin,500,500,4,412,0.198392217278
convergence_grid,rastrigin,500,500,4,413,0.198392217278
convergence_grid,rastrigin,500,500,4,414,0.198392217278
convergence_grid,rastrigin,500,500,4,415,0.198392217278
convergence_grid,rastrigin,500,500,4,416,0.198392217278
convergence_grid,rastrigin,500,500,4,417,0.198392217278
convergence_grid,rastrigin,500,500,4,418,0.198392217278
convergence_grid,rastrigin,500,500,4,419,0.198392217278
convergence_grid,rastrigin,500,500,4,420,0.198392217278
convergence_grid,rastrigin,500,500,4,421,0.198392217278
convergence_grid,rastrigin,500,500,4,422,0.198392217278
convergence_grid,rastrigin,500,500,4,423,0.198392217278
convergence_grid,rastrigin,500,500,4,424,0.198392217278
convergence_grid,rastrigin,500,500,4,425,0.198392217278
convergence_grid,rastrigin,500,500,4,426,0.198392217278
convergence_grid,rastrigin,500,500,4,427,0.198392217278
convergence_grid,rastrigin,500,500,4,428,0.198392217278
convergence_grid,rastrigin,500,500,4,429,0.198392217278
convergence_grid,rastrigin,500,500,4,430,0.198392217278
convergence_grid,rastrigin,500,500,4,431,0.198392217278
convergence_grid,rastrigin,500,500,4,432,0.198392217278
convergence_grid,rastrigin,500,500,4,433,0.198392217278
convergence_grid,rastrigin,500,500,4,434,0.198392217278
convergence_grid,rastrigin,500,500,4,435,0.198392217278
convergence_grid,rastrigin,500,500,4,436,0.198392217278
convergence_grid,rastrigin,500,500,4,437,0.198392217278
convergence_grid,rastrigin,500,500,4,438,0.198392217278
convergence_grid,rastrigin,500,500,4,439,0.198392217278
convergence_grid,rastrigin,500,500,4,440,0.198392217278
convergence_grid,rastrigin,500,500,4,441,0.198392217278
convergence_grid,rastrigin,500,500,4,442,0.198392217278
convergence_grid,rastrigin,500,500,4,443,0.198392217278
convergence_grid,rastrigin,500,500,4,444,0.198392217278
convergence_grid,rastrigin,500,500,4,445,0.198392217278
convergence_grid,rastrigin,500,500,4,446,0.198392217278
convergence_grid,rastrigin,500,500,4,447,0.198392217278
convergence_grid,rastrigin,500,500,4,448,0.198392217278
convergence_grid,rastrigin,500,500,4,449,0.198392217278
convergence_grid,rastrigin,500,500,4,450,0.198392217278
convergence_grid,rastrigin,500,500,4,451,0.198392217278
convergence_grid,rastrigin,500,500,4,452,0.184639144264
convergence_grid,rastrigin,500,500,4,453,0.184639144264
convergence_grid,rastrigin,500,500,4,454,0.184639144264
convergence_grid,rastrigin,500,500,4,455,0.184639144264
convergence_grid,rastrigin,500,500,4,456,0.184639144264
convergence_grid,rastrigin,500,500,4,457,0.184639144264
convergence_grid,rastrigin,500,500,4,458,0.184639144264
convergence_grid,rastrigin,500,500,4,459,0.184639144264
convergence_grid,rastrigin,500,500,4,460,0.184639144264
convergence_grid,rastrigin,500,500,4,461,0.184639144264
convergence_grid,rastrigin,500,500,4,462,0.184639144264
convergence_grid,rastrigin,500,500,4,463,0.184639144264
convergence_grid,rastrigin,500,500,4,464,0.184639144264
convergence_grid,rastrigin,500,500,4,465,0.184639144264
convergence_grid,rastrigin,500,500,4,466,0.184639144264
convergence_grid,rastrigin,500,500,4,467,0.184639144264
convergence_grid,rastrigin,500,500,4,468,0.184639144264
convergence_grid,rastrigin,500,500,4,469,0.184639144264
convergence_grid,rastrigin,500,500,4,470,0.184639144264
convergence_grid,rastrigin,500,500,4,471,0.184639144264
convergence_grid,rastrigin,500,500,4,472,0.184639144264
convergence_grid,rastrigin,500,500,4,473,0.184639144264
convergence_grid,rastrigin,500,500,4,474,0.184639144264
convergence_grid,rastrigin,500,500,4,475,0.184639144264
convergence_grid,rastrigin,500,500,4,476,0.184639144264
convergence_grid,rastrigin,500,500,4,477,0.184639144264
convergence_grid,rastrigin,500,500,4,478,0.184639144264
convergence_grid,rastrigin,500,500,4,479,0.184639144264
convergence_grid,rastrigin,500,500,4,480,0.184639144264
convergence_grid,rastrigin,500,500,4,481,0.184639144264
convergence_grid,rastrigin,500,500,4,482,0.184639144264
convergence_grid,rastrigin,500,500,4,483,0.184639144264
convergence_grid,rastrigin,500,500,4,484,0.184639144264
convergence_grid,rastrigin,500,500,4,485,0.184639144264
convergence_grid,rastrigin,500,500,4,486,0.184639144264
convergence_grid,rastrigin,500,500,4,487,0.184639144264
convergence_grid,rastrigin,500,500,4,488,0.184639144264
convergence_grid,rastrigin,500,500,4,489,0.184639144264
convergence_grid,rastrigin,500,500,4,490,0.184639144264
convergence_grid,rastrigin,500,500,4,491,0.184639144264
convergence_grid,rastrigin,500,500,4,492,0.184639144264
convergence_grid,rastrigin,500,500,4,493,0.184639144264
convergence_grid,rastrigin,500,500,4,494,0.184639144264
convergence_grid,rastrigin,500,500,4,495,0.184639144264
convergence_grid,rastrigin,500,500,4,496,0.184639144264
convergence_grid,rastrigin,500,500,4,497,0.184639144264
convergence_grid,rastrigin,500,500,4,498,0.184639144264
convergence_grid,rastrigin,500,500,4,499,0.184639144264
convergence_grid,rastrigin,500,500,4,500,0.184639144264
convergence_grid,rastrigin,500,1000,4,0,243.799115664
convergence_grid,rastrigin,500,1000,4,1,198.871334707
convergence_grid,rastrigin,500,1000,4,2,172.355746626
convergence_grid,rastrigin,500,1000,4,3,128.541068258
convergence_grid,rastrigin,500,1000,4,4,128.541068258
convergence_grid,rastrigin,500,1000,4,5,128.541068258
convergence_grid,rastrigin,500,1000,4,6,100.673438893
convergence_grid,rastrigin,500,1000,4,7,100.673438893
convergence_grid,rastrigin,500,1000,4,8,92.3547597825
convergence_grid,rastrigin,500,1000,4,9,92.3547597825
convergence_grid,rastrigin,500,1000,4,10,92.3547597825
convergence_grid,rastrigin,500,1000,4,11,92.3547597825
convergence_grid,rastrigin,500,1000,4,12,44.0274740846
convergence_grid,rastrigin,500,1000,4,13,44.0274740846
convergence_grid,rastrigin,500,1000,4,14,44.0274740846
convergence_grid,rastrigin,500,1000,4,15,44.0274740846
convergence_grid,rastrigin,500,1000,4,16,44.0274740846
convergence_grid,rastrigin,500,1000,4,17,38.6390525523
convergence_grid,rastrigin,500,1000,4,18,38.6390525523
convergence_grid,rastrigin,500,1000,4,19,38.6390525523
convergence_grid,rastrigin,500,1000,4,20,38.6390525523
convergence_grid,rastrigin,500,1000,4,21,38.2823259375
convergence_grid,rastrigin,500,1000,4,22,38.2823259375
convergence_grid,rastrigin,500,1000,4,23,28.2452739805
convergence_grid,rastrigin,500,1000,4,24,25.8639083362
convergence_grid,rastrigin,500,1000,4,25,25.0157013679
convergence_grid,rastrigin,500,1000,4,26,23.3778950949
convergence_grid,rastrigin,500,1000,4,27,18.6154746284
convergence_grid,rastrigin,500,1000,4,28,12.268587485
convergence_grid,rastrigin,500,1000,4,29,12.268587485
convergence_grid,rastrigin,500,1000,4,30,11.1883208291
convergence_grid,rastrigin,500,1000,4,31,11.1883208291
convergence_grid,rastrigin,500,1000,4,32,8.84070139297
convergence_grid,rastrigin,500,1000,4,33,7.17981196551
convergence_grid,rastrigin,500,1000,4,34,7.17981196551
convergence_grid,rastrigin,500,1000,4,35,7.17981196551
convergence_grid,rastrigin,500,1000,4,36,7.17981196551
convergence_grid,rastrigin,500,1000,4,37,7.17981196551
convergence_grid,rastrigin,500,1000,4,38,7.17981196551
convergence_grid,rastrigin,500,1000,4,39,7.17981196551
convergence_grid,rastrigin,500,1000,4,40,7.17981196551
convergence_grid,rastrigin,500,1000,4,41,7.17981196551
convergence_grid,rastrigin,500,1000,4,42,7.11611595279
convergence_grid,rastrigin,500,1000,4,43,6.59323844133
convergence_grid,rastrigin,500,1000,4,44,6.59323844133
convergence_grid,rastrigin,500,1000,4,45,6.59323844133
convergence_grid,rastrigin,500,1000,4,46,6.33270390898
convergence_grid,rastrigin,500,1000,4,47,6.33270390898
convergence_grid,rastrigin,500,1000,4,48,5.69428508088
convergence_grid,rastrigin,500,1000,4,49,4.7614346465
convergence_grid,rastrigin,500,1000,4,50,4.48923053661
convergence_grid,rastrigin,500,1000,4,51,4.48923053661
convergence_grid,rastrigin,500,1000,4,52,4.32487444003
convergence_grid,rastrigin,500,1000,4,53,4.31131816774
convergence_grid,rastrigin,500,1000,4,54,4.2994073761
convergence_grid,rastrigin,500,1000,4,55,3.24646547529
convergence_grid,rastrigin,500,1000,4,56,3.24646547529
convergence_grid,rastrigin,500,1000,4,57,3.24646547529
convergence_grid,rastrigin,500,1000,4,58,3.24646547529
convergence_grid,rastrigin,500,1000,4,59,3.24646547529
convergence_grid,rastrigin,500,1000,4,60,3.24646547529
convergence_grid,rastrigin,500,1000,4,61,3.24646547529
convergence_grid,rastrigin,500,1000,4,62,3.15795881978
convergence_grid,rastrigin,500,1000,4,63,3.15795881978
convergence_grid,rastrigin,500,1000,4,64,3.15795881978
convergence_grid,rastrigin,500,1000,4,65,3.15795881978
convergence_grid,rastrigin,500,1000,4,66,3.15795881978
convergence_grid,rastrigin,500,1000,4,67,3.15795881978
convergence_grid,rastrigin,500,1000,4,68,3.15795881978
convergence_grid,rastrigin,500,1000,4,69,3.15795881978
convergence_grid,rastrigin,500,1000,4,70,3.15795881978
convergence_grid,rastrigin,500,1000,4,71,3.15795881978
convergence_grid,rastrigin,500,1000,4,72,3.15795881978
convergence_grid,rastrigin,500,1000,4,73,3.15795881978
convergence_grid,rastrigin,500,1000,4,74,3.15795881978
convergence_grid,rastrigin,500,1000,4,75,3.15795881978
convergence_grid,rastrigin,500,1000,4,76,3.15795881978
convergence_grid,rastrigin,500,1000,4,77,3.15795881978
convergence_grid,rastrigin,500,1000,4,78,3.15795881978
convergence_grid,rastrigin,500,1000,4,79,3.15795881978
convergence_grid,rastrigin,500,1000,4,80,3.15795881978
convergence_grid,rastrigin,500,1000,4,81,3.15795881978
convergence_grid,rastrigin,500,1000,4,82,3.15795881978
convergence_grid,rastrigin,500,1000,4,83,3.15795881978
convergence_grid,rastrigin,500,1000,4,84,3.15795881978
convergence_grid,rastrigin,500,1000,4,85,2.43361863023
convergence_grid,rastrigin,500,1000,4,86,2.43361863023
convergence_grid,rastrigin,500,1000,4,87,2.43361863023
convergence_grid,rastrigin,500,1000,4,88,2.43361863023
convergence_grid,rastrigin,500,1000,4,89,2.43361863023
convergence_grid,rastrigin,500,1000,4,90,2.43361863023
convergence_grid,rastrigin,500,1000,4,91,2.43361863023
convergence_grid,rastrigin,500,1000,4,92,2.43361863023
convergence_grid,rastrigin,500,1000,4,93,2.43361863023
convergence_grid,rastrigin,500,1000,4,94,2.43361863023
convergence_grid,rastrigin,500,1000,4,95,2.43361863023
convergence_grid,rastrigin,500,1000,4,96,2.43361863023
convergence_grid,rastrigin,500,1000,4,97,2.43361863023
convergence_grid,rastrigin,500,1000,4,98,2.43361863023
convergence_grid,rastrigin,500,1000,4,99,2.43361863023
convergence_grid,rastrigin,500,1000,4,100,2.43361863023
convergence_grid,rastrigin,500,1000,4,101,2.43361863023
convergence_grid,rastrigin,500,1000,4,102,2.43361863023
convergence_grid,rastrigin,500,1000,4,103,2.43361863023
convergence_grid,rastrigin,500,1000,4,104,2.43361863023
convergence_grid,rastrigin,500,1000,4,105,1.42968585318
convergence_grid,rastrigin,500,1000,4,106,1.42968585318
convergence_grid,rastrigin,500,1000,4,107,1.42968585318
convergence_grid,rastrigin,500,1000,4,108,1.42968585318
convergence_grid,rastrigin,500,1000,4,109,1.42968585318
convergence_grid,rastrigin,500,1000,4,110,1.42968585318
convergence_grid,rastrigin,500,1000,4,111,1.42968585318
convergence_grid,rastrigin,500,1000,4,112,1.42968585318
convergence_grid,rastrigin,500,1000,4,113,1.42968585318
convergence_grid,rastrigin,500,1000,4,114,1.42968585318
convergence_grid,rastrigin,500,1000,4,115,1.42968585318
convergence_grid,rastrigin,500,1000,4,116,1.42968585318
convergence_grid,rastrigin,500,1000,4,117,1.42968585318
convergence_grid,rastrigin,500,1000,4,118,1.42968585318
convergence_grid,rastrigin,500,1000,4,119,1.42968585318
convergence_grid,rastrigin,500,1000,4,120,1.42968585318
convergence_grid,rastrigin,500,1000,4,121,1.42968585318
convergence_grid,rastrigin,500,1000,4,122,1.42968585318
convergence_grid,rastrigin,500,1000,4,123,1.42968585318
convergence_grid,rastrigin,500,1000,4,124,1.42968585318
convergence_grid,rastrigin,500,1000,4,125,1.26876316147
convergence_grid,rastrigin,500,1000,4,126,1.26876316147
convergence_grid,rastrigin,500,1000,4,127,1.26876316147
convergence_grid,rastrigin,500,1000,4,128,1.26876316147
convergence_grid,rastrigin,500,1000,4,129,1.26876316147
convergence_grid,rastrigin,500,1000,4,130,1.26876316147
convergence_grid,rastrigin,500,1000,4,131,1.26876316147
convergence_grid,rastrigin,500,1000,4,132,1.26876316147
convergence_grid,rastrigin,500,1000,4,133,1.26876316147
convergence_grid,rastrigin,500,1000,4,134,1.26876316147
convergence_grid,rastrigin,500,1000,4,135,1.26876316147
convergence_grid,rastrigin,500,1000,4,136,1.26876316147
convergence_grid,rastrigin,500,1000,4,137,1.26876316147
convergence_grid,rastrigin,500,1000,4,138,1.23042289434
convergence_grid,rastrigin,500,1000,4,139,1.23042289434
convergence_grid,rastrigin,500,1000,4,140,1.23042289434
convergence_grid,rastrigin,500,1000,4,141,1.23042289434
convergence_grid,rastrigin,500,1000,4,142,1.23042289434
convergence_grid,rastrigin,500,1000,4,143,1.23042289434
convergence_grid,rastrigin,500,1000,4,144,1.23042289434
convergence_grid,rastrigin,500,1000,4,145,1.23042289434
convergence_grid,rastrigin,500,1000,4,146,1.23042289434
convergence_grid,rastrigin,500,1000,4,147,1.23042289434
convergence_grid,rastrigin,500,1000,4,148,1.23042289434
convergence_grid,rastrigin,500,1000,4,149,1.23042289434
convergence_grid,rastrigin,500,1000,4,150,1.23042289434
convergence_grid,rastrigin,500,1000,4,151,1.23042289434
convergence_grid,rastrigin,500,1000,4,152,1.23042289434
convergence_grid,rastrigin,500,1000,4,153,1.23042289434
convergence_grid,rastrigin,500,1000,4,154,1.23042289434
convergence_grid,rastrigin,500,1000,4,155,1.23042289434
convergence_grid,rastrigin,500,1000,4,156,1.23042289434
convergence_grid,rastrigin,500,1000,4,157,1.23042289434
convergence_grid,rastrigin,500,1000,4,158,1.23042289434
convergence_grid,rastrigin,500,1000,4,159,1.23042289434
convergence_grid,rastrigin,500,1000,4,160,1.23042289434
convergence_grid,rastrigin,500,1000,4,161,1.23042289434
convergence_grid,rastrigin,500,1000,4,162,1.23042289434
convergence_grid,rastrigin,500,1000,4,163,1.23042289434
convergence_grid,rastrigin,500,1000,4,164,1.23042289434
convergence_grid,rastrigin,500,1000,4,165,1.23042289434
convergence_grid,rastrigin,500,1000,4,166,1.23042289434
convergence_grid,rastrigin,500,1000,4,167,1.23042289434
convergence_grid,rastrigin,500,1000,4,168,1.23042289434
convergence_grid,rastrigin,500,1000,4,169,1.23042289434
convergence_grid,rastrigin,500,1000,4,170,1.23042289434
convergence_grid,rastrigin,500,1000,4,171,1.23042289434
convergence_grid,rastrigin,500,1000,4,172,1.23042289434
convergence_grid,rastrigin,500,1000,4,173,1.23042289434
convergence_grid,rastrigin,500,1000,4,174,1.23042289434
convergence_grid,rastrigin,500,1000,4,175,1.23042289434
convergence_grid,rastrigin,500,1000,4,176,1.23042289434
convergence_grid,rastrigin,500,1000,4,177,1.23042289434
convergence_grid,rastrigin,500,1000,4,178,1.23042289434
convergence_grid,rastrigin,500,1000,4,179,1.23042289434
convergence_grid,rastrigin,500,1000,4,180,1.23042289434
convergence_grid,rastrigin,500,1000,4,181,1.23042289434
convergence_grid,rastrigin,500,1000,4,182,1.23042289434
convergence_grid,rastrigin,500,1000,4,183,1.23042289434
convergence_grid,rastrigin,500,1000,4,184,1.23042289434
convergence_grid,rastrigin,500,1000,4,185,1.23042289434
convergence_grid,rastrigin,500,1000,4,186,1.23042289434
convergence_grid,rastrigin,500,1000,4,187,1.23042289434
convergence_grid,rastrigin,500,1000,4,188,1.23042289434
convergence_grid,rastrigin,500,1000,4,189,1.23042289434
convergence_grid,rastrigin,500,1000,4,190,1.23042289434
convergence_grid,rastrigin,500,1000,4,191,1.23042289434
convergence_grid,rastrigin,500,1000,4,192,1.23042289434
convergence_grid,rastrigin,500,1000,4,193,1.23042289434
convergence_grid,rastrigin,500,1000,4,194,1.23042289434
convergence_grid,rastrigin,500,1000,4,195,1.23042289434
convergence_grid,rastrigin,500,1000,4,196,1.23042289434
convergence_grid,rastrigin,500,1000,4,197,1.23042289434
convergence_grid,rastrigin,500,1000,4,198,1.23042289434
convergence_grid,rastrigin,500,1000,4,199,1.23042289434
convergence_grid,rastrigin,500,1000,4,200,1.23042289434
convergence_grid,rastrigin,500,1000,4,201,1.23042289434
convergence_grid,rastrigin,500,1000,4,202,1.23042289434
convergence_grid,rastrigin,500,1000,4,203,1.23042289434
convergence_grid,rastrigin,500,1000,4,204,1.23042289434
convergence_grid,rastrigin,500,1000,4,205,1.23042289434
convergence_grid,rastrigin,500,1000,4,206,1.23042289434
convergence_grid,rastrigin,500,1000,4,207,1.23042289434
convergence_grid,rastrigin,500,1000,4,208,1.23042289434
convergence_grid,rastrigin,500,1000,4,209,1.23042289434
convergence_grid,rastrigin,500,1000,4,210,1.23042289434
convergence_grid,rastrigin,500,1000,4,211,1.23042289434
convergence_grid,rastrigin,500,1000,4,212,1.23042289434
convergence_grid,rastrigin,500,1000,4,213,1.23042289434
convergence_grid,rastrigin,500,1000,4,214,1.23042289434
convergence_grid,rastrigin,500,1000,4,215,1.21507360358
convergence_grid,rastrigin,500,1000,4,216,1.21507360358
convergence_grid,rastrigin,500,1000,4,217,1.21507360358
convergence_grid,rastrigin,500,1000,4,218,1.21507360358
convergence_grid,rastrigin,500,1000,4,219,1.21507360358
convergence_grid,rastrigin,500,1000,4,220,1.21507360358
convergence_grid,rastrigin,500,1000,4,221,1.21507360358
convergence_grid,rastrigin,500,1000,4,222,1.21507360358
convergence_grid,rastrigin,500,1000,4,223,1.19424887778
convergence_grid,rastrigin,500,1000,4,224,1.19424887778
convergence_grid,rastrigin,500,1000,4,225,1.19424887778
convergence_grid,rastrigin,500,1000,4,226,1.19424887778
convergence_grid,rastrigin,500,1000,4,227,1.19424887778
convergence_grid,rastrigin,500,1000,4,228,1.19424887778
convergence_grid,rastrigin,500,1000,4,229,1.19424887778
convergence_grid,rastrigin,500,1000,4,230,1.19424887778
convergence_grid,rastrigin,500,1000,4,231,1.19424887778
convergence_grid,rastrigin,500,1000,4,232,1.19424887778
convergence_grid,rastrigin,500,1000,4,233,1.19424887778
convergence_grid,rastrigin,500,1000,4,234,1.19424887778
convergence_grid,rastrigin,500,1000,4,235,1.19424887778
convergence_grid,rastrigin,500,1000,4,236,1.19424887778
convergence_grid,rastrigin,500,1000,4,237,1.19424887778
convergence_grid,rastrigin,500,1000,4,238,1.19424887778
convergence_grid,rastrigin,500,1000,4,239,1.19424887778
convergence_grid,rastrigin,500,1000,4,240,1.19424887778
convergence_grid,rastrigin,500,1000,4,241,1.19424887778
convergence_grid,rastrigin,500,1000,4,242,1.19424887778
convergence_grid,rastrigin,500,1000,4,243,1.19424887778
convergence_grid,rastrigin,500,1000,4,244,1.19424887778
convergence_grid,rastrigin,500,1000,4,245,1.19424887778
convergence_grid,rastrigin,500,1000,4,246,1.19424887778
convergence_grid,rastrigin,500,1000,4,247,1.19424887778
convergence_grid,rastrigin,500,1000,4,248,1.19424887778
convergence_grid,rastrigin,500,1000,4,249,1.19424887778
convergence_grid,rastrigin,500,1000,4,250,1.19424887778
convergence_grid,rastrigin,500,1000,4,251,1.19424887778
convergence_grid,rastrigin,500,1000,4,252,1.19424887778
convergence_grid,rastrigin,500,1000,4,253,1.19424887778
convergence_grid,rastrigin,500,1000,4,254,1.19424887778
convergence_grid,rastrigin,500,1000,4,255,1.19424887778
convergence_grid,rastrigin,500,1000,4,256,1.19424887778
convergence_grid,rastrigin,500,1000,4,257,1.19424887778
convergence_grid,rastrigin,500,1000,4,258,1.19424887778
convergence_grid,rastrigin,500,1000,4,259,1.19424887778
convergence_grid,rastrigin,500,1000,4,260,1.19424887778
convergence_grid,rastrigin,500,1000,4,261,1.19424887778
convergence_grid,rastrigin,500,1000,4,262,1.19424887778
convergence_grid,rastrigin,500,1000,4,263,1.19424887778
convergence_grid,rastrigin,500,1000,4,264,1.19424887778
convergence_grid,rastrigin,500,1000,4,265,1.19424887778
convergence_grid,rastrigin,500,1000,4,266,1.19424887778
convergence_grid,rastrigin,500,1000,4,267,1.19424887778
convergence_grid,rastrigin,500,1000,4,268,1.19424887778
convergence_grid,rastrigin,500,1000,4,269,1.19424887778
convergence_grid,rastrigin,500,1000,4,270,1.19424887778
convergence_grid,rastrigin,500,1000,4,271,1.19424887778
convergence_grid,rastrigin,500,1000,4,272,1.19424887778
convergence_grid,rastrigin,500,1000,4,273,1.19424887778
convergence_grid,rastrigin,500,1000,4,274,1.19424887778
convergence_grid,rastrigin,500,1000,4,275,1.19424887778
convergence_grid,rastrigin,500,1000,4,276,1.19424887778
convergence_grid,rastrigin,500,1000,4,277,1.19424887778
convergence_grid,rastrigin,500,1000,4,278,1.19424887778
convergence_grid,rastrigin,500,1000,4,279,1.19424887778
convergence_grid,rastrigin,500,1000,4,280,1.19424887778
convergence_grid,rastrigin,500,1000,4,281,1.19424887778
convergence_grid,rastrigin,500,1000,4,282,1.19424887778
convergence_grid,rastrigin,500,1000,4,283,1.19424887778
convergence_grid,rastrigin,500,1000,4,284,1.13879947231
convergence_grid,rastrigin,500,1000,4,285,1.13879947231
convergence_grid,rastrigin,500,1000,4,286,1.13879947231
convergence_grid,rastrigin,500,1000,4,287,1.13879947231
convergence_grid,rastrigin,500,1000,4,288,1.13879947231
convergence_grid,rastrigin,500,1000,4,289,1.13879947231
convergence_grid,rastrigin,500,1000,4,290,1.13879947231
convergence_grid,rastrigin,500,1000,4,291,1.13879947231
convergence_grid,rastrigin,500,1000,4,292,1.13879947231
convergence_grid,rastrigin,500,1000,4,293,1.13879947231
convergence_grid,rastrigin,500,1000,4,294,1.13879947231
convergence_grid,rastrigin,500,1000,4,295,1.13879947231
convergence_grid,rastrigin,500,1000,4,296,1.13879947231
convergence_grid,rastrigin,500,1000,4,297,1.13879947231
convergence_grid,rastrigin,500,1000,4,298,1.13879947231
convergence_grid,rastrigin,500,1000,4,299,1.13879947231
convergence_grid,rastrigin,500,1000,4,300,1.13879947231
convergence_grid,rastrigin,500,1000,4,301,1.13879947231
convergence_grid,rastrigin,500,1000,4,302,1.13879947231
convergence_grid,rastrigin,500,1000,4,303,1.13879947231
convergence_grid,rastrigin,500,1000,4,304,1.13879947231
convergence_grid,rastrigin,500,1000,4,305,1.13879947231
convergence_grid,rastrigin,500,1000,4,306,1.13879947231
convergence_grid,rastrigin,500,1000,4,307,1.13879947231
convergence_grid,rastrigin,500,1000,4,308,1.13879947231
convergence_grid,rastrigin,500,1000,4,309,1.13879947231
convergence_grid,rastrigin,500,1000,4,310,1.13879947231
convergence_grid,rastrigin,500,1000,4,311,1.13879947231
convergence_grid,rastrigin,500,1000,4,312,1.13879947231
convergence_grid,rastrigin,500,1000,4,313,1.13879947231
convergence_grid,rastrigin,500,1000,4,314,1.13879947231
convergence_grid,rastrigin,500,1000,4,315,1.13879947231
convergence_grid,rastrigin,500,1000,4,316,1.13879947231
convergence_grid,rastrigin,500,1000,4,317,1.13879947231
convergence_grid,rastrigin,500,1000,4,318,1.13879947231
convergence_grid,rastrigin,500,1000,4,319,1.13879947231
convergence_grid,rastrigin,500,1000,4,320,1.13879947231
convergence_grid,rastrigin,500,1000,4,321,1.13879947231
convergence_grid,rastrigin,500,1000,4,322,1.13879947231
convergence_grid,rastrigin,500,1000,4,323,1.13879947231
convergence_grid,rastrigin,500,1000,4,324,1.13879947231
convergence_grid,rastrigin,500,1000,4,325,1.13879947231
convergence_grid,rastrigin,500,1000,4,326,1.13879947231
convergence_grid,rastrigin,500,1000,4,327,1.13879947231
convergence_grid,rastrigin,500,1000,4,328,1.13879947231
convergence_grid,rastrigin,500,1000,4,329,1.13879947231
convergence_grid,rastrigin,500,1000,4,330,1.13879947231
convergence_grid,rastrigin,500,1000,4,331,1.13879947231
convergence_grid,rastrigin,500,1000,4,332,1.13879947231
convergence_grid,rastrigin,500,1000,4,333,1.13879947231
convergence_grid,rastrigin,500,1000,4,334,1.13879947231
convergence_grid,rastrigin,500,1000,4,335,1.1023203472
convergence_grid,rastrigin,500,1000,4,336,1.1023203472
convergence_grid,rastrigin,500,1000,4,337,1.1023203472
convergence_grid,rastrigin,500,1000,4,338,1.1023203472
convergence_grid,rastrigin,500,1000,4,339,1.1023203472
convergence_grid,rastrigin,500,1000,4,340,1.1023203472
convergence_grid,rastrigin,500,1000,4,341,1.1023203472
convergence_grid,rastrigin,500,1000,4,342,1.1023203472
convergence_grid,rastrigin,500,1000,4,343,1.1023203472
convergence_grid,rastrigin,500,1000,4,344,1.1023203472
convergence_grid,rastrigin,500,1000,4,345,1.1023203472
convergence_grid,rastrigin,500,1000,4,346,1.1023203472
convergence_grid,rastrigin,500,1000,4,347,1.1023203472
convergence_grid,rastrigin,500,1000,4,348,1.1023203472
convergence_grid,rastrigin,500,1000,4,349,1.1023203472
convergence_grid,rastrigin,500,1000,4,350,1.1023203472
convergence_grid,rastrigin,500,1000,4,351,1.1023203472
convergence_grid,rastrigin,500,1000,4,352,1.1023203472
convergence_grid,rastrigin,500,1000,4,353,1.1023203472
convergence_grid,rastrigin,500,1000,4,354,1.1023203472
convergence_grid,rastrigin,500,1000,4,355,1.1023203472
convergence_grid,rastrigin,500,1000,4,356,1.1023203472
convergence_grid,rastrigin,500,1000,4,357,1.1023203472
convergence_grid,rastrigin,500,1000,4,358,1.1023203472
convergence_grid,rastrigin,500,1000,4,359,1.1023203472
convergence_grid,rastrigin,500,1000,4,360,1.1023203472
convergence_grid,rastrigin,500,1000,4,361,1.1023203472
convergence_grid,rastrigin,500,1000,4,362,1.1023203472
convergence_grid,rastrigin,500,1000,4,363,1.1023203472
convergence_grid,rastrigin,500,1000,4,364,1.1023203472
convergence_grid,rastrigin,500,1000,4,365,1.1023203472
convergence_grid,rastrigin,500,1000,4,366,1.1023203472
convergence_grid,rastrigin,500,1000,4,367,1.1023203472
convergence_grid,rastrigin,500,1000,4,368,1.1023203472
convergence_grid,rastrigin,500,1000,4,369,1.1023203472
convergence_grid,rastrigin,500,1000,4,370,1.1023203472
convergence_grid,rastrigin,500,1000,4,371,1.1023203472
convergence_grid,rastrigin,500,1000,4,372,1.1023203472
convergence_grid,rastrigin,500,1000,4,373,1.1023203472
convergence_grid,rastrigin,500,1000,4,374,1.1023203472
convergence_grid,rastrigin,500,1000,4,375,1.1023203472
convergence_grid,rastrigin,500,1000,4,376,1.1023203472
convergence_grid,rastrigin,500,1000,4,377,1.1023203472
convergence_grid,rastrigin,500,1000,4,378,1.1023203472
convergence_grid,rastrigin,500,1000,4,379,1.1023203472
convergence_grid,rastrigin,500,1000,4,380,1.1023203472
convergence_grid,rastrigin,500,1000,4,381,1.1023203472
convergence_grid,rastrigin,500,1000,4,382,1.1023203472
convergence_grid,rastrigin,500,1000,4,383,1.1023203472
convergence_grid,rastrigin,500,1000,4,384,1.1023203472
convergence_grid,rastrigin,500,1000,4,385,1.1023203472
convergence_grid,rastrigin,500,1000,4,386,1.1023203472
convergence_grid,rastrigin,500,1000,4,387,1.1023203472
convergence_grid,rastrigin,500,1000,4,388,1.1023203472
convergence_grid,rastrigin,500,1000,4,389,1.1023203472
convergence_grid,rastrigin,500,1000,4,390,1.1023203472
convergence_grid,rastrigin,500,1000,4,391,1.1023203472
convergence_grid,rastrigin,500,1000,4,392,1.1023203472
convergence_grid,rastrigin,500,1000,4,393,1.1023203472
convergence_grid,rastrigin,500,1000,4,394,1.1023203472
convergence_grid,rastrigin,500,1000,4,395,1.1023203472
convergence_grid,rastrigin,500,1000,4,396,1.1023203472
convergence_grid,rastrigin,500,1000,4,397,1.1023203472
convergence_grid,rastrigin,500,1000,4,398,1.1023203472
convergence_grid,rastrigin,500,1000,4,399,1.1023203472
convergence_grid,rastrigin,500,1000,4,400,1.1023203472
convergence_grid,rastrigin,500,1000,4,401,1.1023203472
convergence_grid,rastrigin,500,1000,4,402,1.1023203472
convergence_grid,rastrigin,500,1000,4,403,1.1023203472
convergence_grid,rastrigin,500,1000,4,404,1.1023203472
convergence_grid,rastrigin,500,1000,4,405,1.1023203472
convergence_grid,rastrigin,500,1000,4,406,1.1023203472
convergence_grid,rastrigin,500,1000,4,407,1.1023203472
convergence_grid,rastrigin,500,1000,4,408,1.1023203472
convergence_grid,rastrigin,500,1000,4,409,1.1023203472
convergence_grid,rastrigin,500,1000,4,410,1.1023203472
convergence_grid,rastrigin,500,1000,4,411,1.1023203472
convergence_grid,rastrigin,500,1000,4,412,1.1023203472
convergence_grid,rastrigin,500,1000,4,413,1.1023203472
convergence_grid,rastrigin,500,1000,4,414,1.1023203472
convergence_grid,rastrigin,500,1000,4,415,1.1023203472
convergence_grid,rastrigin,500,1000,4,416,1.1023203472
convergence_grid,rastrigin,500,1000,4,417,1.1023203472
convergence_grid,rastrigin,500,1000,4,418,1.1023203472
convergence_grid,rastrigin,500,1000,4,419,1.1023203472
convergence_grid,rastrigin,500,1000,4,420,1.1023203472
convergence_grid,rastrigin,500,1000,4,421,1.1023203472
convergence_grid,rastrigin,500,1000,4,422,1.1023203472
convergence_grid,rastrigin,500,1000,4,423,1.1023203472
convergence_grid,rastrigin,500,1000,4,424,1.1023203472
convergence_grid,rastrigin,500,1000,4,425,1.1023203472
convergence_grid,rastrigin,500,1000,4,426,1.1023203472
convergence_grid,rastrigin,500,1000,4,427,1.1023203472
convergence_grid,rastrigin,500,1000,4,428,1.1023203472
convergence_grid,rastrigin,500,1000,4,429,1.1023203472
convergence_grid,rastrigin,500,1000,4,430,1.1023203472
convergence_grid,rastrigin,500,1000,4,431,1.1023203472
convergence_grid,rastrigin,500,1000,4,432,1.1023203472
convergence_grid,rastrigin,500,1000,4,433,1.1023203472
convergence_grid,rastrigin,500,1000,4,434,1.1023203472
convergence_grid,rastrigin,500,1000,4,435,1.1023203472
convergence_grid,rastrigin,500,1000,4,436,1.1023203472
convergence_grid,rastrigin,500,1000,4,437,1.1023203472
convergence_grid,rastrigin,500,1000,4,438,1.1023203472
convergence_grid,rastrigin,500,1000,4,439,1.1023203472
convergence_grid,rastrigin,500,1000,4,440,1.1023203472
convergence_grid,rastrigin,500,1000,4,441,1.1023203472
convergence_grid,rastrigin,500,1000,4,442,1.1023203472
convergence_grid,rastrigin,500,1000,4,443,1.1023203472
convergence_grid,rastrigin,500,1000,4,444,1.1023203472
convergence_grid,rastrigin,500,1000,4,445,1.1023203472
convergence_grid,rastrigin,500,1000,4,446,1.1023203472
convergence_grid,rastrigin,500,1000,4,447,1.1023203472
convergence_grid,rastrigin,500,1000,4,448,1.1023203472
convergence_grid,rastrigin,500,1000,4,449,1.1023203472
convergence_grid,rastrigin,500,1000,4,450,1.1023203472
convergence_grid,rastrigin,500,1000,4,451,1.1023203472
convergence_grid,rastrigin,500,1000,4,452,1.1023203472
convergence_grid,rastrigin,500,1000,4,453,1.1023203472
convergence_grid,rastrigin,500,1000,4,454,1.1023203472
convergence_grid,rastrigin,500,1000,4,455,1.1023203472
convergence_grid,rastrigin,500,1000,4,456,1.1023203472
convergence_grid,rastrigin,500,1000,4,457,1.1023203472
convergence_grid,rastrigin,500,1000,4,458,1.06266465893
convergence_grid,rastrigin,500,1000,4,459,1.06266465893
convergence_grid,rastrigin,500,1000,4,460,1.06266465893
convergence_grid,rastrigin,500,1000,4,461,1.06266465893
convergence_grid,rastrigin,500,1000,4,462,1.06266465893
convergence_grid,rastrigin,500,1000,4,463,1.06266465893
convergence_grid,rastrigin,500,1000,4,464,1.06266465893
convergence_grid,rastrigin,500,1000,4,465,1.06266465893
convergence_grid,rastrigin,500,1000,4,466,1.06266465893
convergence_grid,rastrigin,500,1000,4,467,1.06266465893
convergence_grid,rastrigin,500,1000,4,468,1.06266465893
convergence_grid,rastrigin,500,1000,4,469,1.06266465893
convergence_grid,rastrigin,500,1000,4,470,1.06266465893
convergence_grid,rastrigin,500,1000,4,471,1.06266465893
convergence_grid,rastrigin,500,1000,4,472,1.06266465893
convergence_grid,rastrigin,500,1000,4,473,1.06266465893
convergence_grid,rastrigin,500,1000,4,474,1.06266465893
convergence_grid,rastrigin,500,1000,4,475,1.06266465893
convergence_grid,rastrigin,500,1000,4,476,1.06266465893
convergence_grid,rastrigin,500,1000,4,477,1.06266465893
convergence_grid,rastrigin,500,1000,4,478,1.06266465893
convergence_grid,rastrigin,500,1000,4,479,1.06266465893
convergence_grid,rastrigin,500,1000,4,480,1.06266465893
convergence_grid,rastrigin,500,1000,4,481,1.06266465893
convergence_grid,rastrigin,500,1000,4,482,1.06266465893
convergence_grid,rastrigin,500,1000,4,483,1.06266465893
convergence_grid,rastrigin,500,1000,4,484,1.06266465893
convergence_grid,rastrigin,500,1000,4,485,1.06266465893
convergence_grid,rastrigin,500,1000,4,486,1.06266465893
convergence_grid,rastrigin,500,1000,4,487,1.06266465893
convergence_grid,rastrigin,500,1000,4,488,1.06266465893
convergence_grid,rastrigin,500,1000,4,489,1.06266465893
convergence_grid,rastrigin,500,1000,4,490,1.06266465893
convergence_grid,rastrigin,500,1000,4,491,1.06266465893
convergence_grid,rastrigin,500,1000,4,492,1.06266465893
convergence_grid,rastrigin,500,1000,4,493,1.06266465893
convergence_grid,rastrigin,500,1000,4,494,1.06266465893
convergence_grid,rastrigin,500,1000,4,495,1.06266465893
convergence_grid,rastrigin,500,1000,4,496,1.06266465893
convergence_grid,rastrigin,500,1000,4,497,0.901172466654
convergence_grid,rastrigin,500,1000,4,498,0.901172466654
convergence_grid,rastrigin,500,1000,4,499,0.901172466654
convergence_grid,rastrigin,500,1000,4,500,0.901172466654
convergence_grid,rastrigin,500,1000,4,501,0.901172466654
convergence_grid,rastrigin,500,1000,4,502,0.901172466654
convergence_grid,rastrigin,500,1000,4,503,0.901172466654
convergence_grid,rastrigin,500,1000,4,504,0.901172466654
convergence_grid,rastrigin,500,1000,4,505,0.901172466654
convergence_grid,rastrigin,500,1000,4,506,0.901172466654
convergence_grid,rastrigin,500,1000,4,507,0.901172466654
convergence_grid,rastrigin,500,1000,4,508,0.901172466654
convergence_grid,rastrigin,500,1000,4,509,0.901172466654
convergence_grid,rastrigin,500,1000,4,510,0.901172466654
convergence_grid,rastrigin,500,1000,4,511,0.901172466654
convergence_grid,rastrigin,500,1000,4,512,0.901172466654
convergence_grid,rastrigin,500,1000,4,513,0.901172466654
convergence_grid,rastrigin,500,1000,4,514,0.901172466654
convergence_grid,rastrigin,500,1000,4,515,0.901172466654
convergence_grid,rastrigin,500,1000,4,516,0.901172466654
convergence_grid,rastrigin,500,1000,4,517,0.901172466654
convergence_grid,rastrigin,500,1000,4,518,0.901172466654
convergence_grid,rastrigin,500,1000,4,519,0.901172466654
convergence_grid,rastrigin,500,1000,4,520,0.901172466654
convergence_grid,rastrigin,500,1000,4,521,0.901172466654
convergence_grid,rastrigin,500,1000,4,522,0.901172466654
convergence_grid,rastrigin,500,1000,4,523,0.901172466654
convergence_grid,rastrigin,500,1000,4,524,0.901172466654
convergence_grid,rastrigin,500,1000,4,525,0.901172466654
convergence_grid,rastrigin,500,1000,4,526,0.901172466654
convergence_grid,rastrigin,500,1000,4,527,0.901172466654
convergence_grid,rastrigin,500,1000,4,528,0.901172466654
convergence_grid,rastrigin,500,1000,4,529,0.901172466654
convergence_grid,rastrigin,500,1000,4,530,0.901172466654
convergence_grid,rastrigin,500,1000,4,531,0.901172466654
convergence_grid,rastrigin,500,1000,4,532,0.901172466654
convergence_grid,rastrigin,500,1000,4,533,0.901172466654
convergence_grid,rastrigin,500,1000,4,534,0.901172466654
convergence_grid,rastrigin,500,1000,4,535,0.901172466654
convergence_grid,rastrigin,500,1000,4,536,0.901172466654
convergence_grid,rastrigin,500,1000,4,537,0.901172466654
convergence_grid,rastrigin,500,1000,4,538,0.901172466654
convergence_grid,rastrigin,500,1000,4,539,0.901172466654
convergence_grid,rastrigin,500,1000,4,540,0.901172466654
convergence_grid,rastrigin,500,1000,4,541,0.901172466654
convergence_grid,rastrigin,500,1000,4,542,0.901172466654
convergence_grid,rastrigin,500,1000,4,543,0.901172466654
convergence_grid,rastrigin,500,1000,4,544,0.901172466654
convergence_grid,rastrigin,500,1000,4,545,0.901172466654
convergence_grid,rastrigin,500,1000,4,546,0.901172466654
convergence_grid,rastrigin,500,1000,4,547,0.901172466654
convergence_grid,rastrigin,500,1000,4,548,0.901172466654
convergence_grid,rastrigin,500,1000,4,549,0.901172466654
convergence_grid,rastrigin,500,1000,4,550,0.901172466654
convergence_grid,rastrigin,500,1000,4,551,0.901172466654
convergence_grid,rastrigin,500,1000,4,552,0.901172466654
convergence_grid,rastrigin,500,1000,4,553,0.901172466654
convergence_grid,rastrigin,500,1000,4,554,0.901172466654
convergence_grid,rastrigin,500,1000,4,555,0.901172466654
convergence_grid,rastrigin,500,1000,4,556,0.901172466654
convergence_grid,rastrigin,500,1000,4,557,0.901172466654
convergence_grid,rastrigin,500,1000,4,558,0.901172466654
convergence_grid,rastrigin,500,1000,4,559,0.901172466654
convergence_grid,rastrigin,500,1000,4,560,0.901172466654
convergence_grid,rastrigin,500,1000,4,561,0.901172466654
convergence_grid,rastrigin,500,1000,4,562,0.901172466654
convergence_grid,rastrigin,500,1000,4,563,0.901172466654
convergence_grid,rastrigin,500,1000,4,564,0.901172466654
convergence_grid,rastrigin,500,1000,4,565,0.901172466654
convergence_grid,rastrigin,500,1000,4,566,0.901172466654
convergence_grid,rastrigin,500,1000,4,567,0.901172466654
convergence_grid,rastrigin,500,1000,4,568,0.901172466654
convergence_grid,rastrigin,500,1000,4,569,0.901172466654
convergence_grid,rastrigin,500,1000,4,570,0.901172466654
convergence_grid,rastrigin,500,1000,4,571,0.901172466654
convergence_grid,rastrigin,500,1000,4,572,0.901172466654
convergence_grid,rastrigin,500,1000,4,573,0.901172466654
convergence_grid,rastrigin,500,1000,4,574,0.901172466654
convergence_grid,rastrigin,500,1000,4,575,0.901172466654
convergence_grid,rastrigin,500,1000,4,576,0.901172466654
convergence_grid,rastrigin,500,1000,4,577,0.901172466654
convergence_grid,rastrigin,500,1000,4,578,0.901172466654
convergence_grid,rastrigin,500,1000,4,579,0.901172466654
convergence_grid,rastrigin,500,1000,4,580,0.901172466654
convergence_grid,rastrigin,500,1000,4,581,0.901172466654
convergence_grid,rastrigin,500,1000,4,582,0.901172466654
convergence_grid,rastrigin,500,1000,4,583,0.901172466654
convergence_grid,rastrigin,500,1000,4,584,0.901172466654
convergence_grid,rastrigin,500,1000,4,585,0.901172466654
convergence_grid,rastrigin,500,1000,4,586,0.901172466654
convergence_grid,rastrigin,500,1000,4,587,0.901172466654
convergence_grid,rastrigin,500,1000,4,588,0.901172466654
convergence_grid,rastrigin,500,1000,4,589,0.901172466654
convergence_grid,rastrigin,500,1000,4,590,0.901172466654
convergence_grid,rastrigin,500,1000,4,591,0.901172466654
convergence_grid,rastrigin,500,1000,4,592,0.901172466654
convergence_grid,rastrigin,500,1000,4,593,0.901172466654
convergence_grid,rastrigin,500,1000,4,594,0.901172466654
convergence_grid,rastrigin,500,1000,4,595,0.901172466654
convergence_grid,rastrigin,500,1000,4,596,0.901172466654
convergence_grid,rastrigin,500,1000,4,597,0.901172466654
convergence_grid,rastrigin,500,1000,4,598,0.901172466654
convergence_grid,rastrigin,500,1000,4,599,0.901172466654
convergence_grid,rastrigin,500,1000,4,600,0.901172466654
convergence_grid,rastrigin,500,1000,4,601,0.901172466654
convergence_grid,rastrigin,500,1000,4,602,0.901172466654
convergence_grid,rastrigin,500,1000,4,603,0.901172466654
convergence_grid,rastrigin,500,1000,4,604,0.901172466654
convergence_grid,rastrigin,500,1000,4,605,0.901172466654
convergence_grid,rastrigin,500,1000,4,606,0.901172466654
convergence_grid,rastrigin,500,1000,4,607,0.901172466654
convergence_grid,rastrigin,500,1000,4,608,0.901172466654
convergence_grid,rastrigin,500,1000,4,609,0.901172466654
convergence_grid,rastrigin,500,1000,4,610,0.901172466654
convergence_grid,rastrigin,500,1000,4,611,0.901172466654
convergence_grid,rastrigin,500,1000,4,612,0.901172466654
convergence_grid,rastrigin,500,1000,4,613,0.901172466654
convergence_grid,rastrigin,500,1000,4,614,0.901172466654
convergence_grid,rastrigin,500,1000,4,615,0.901172466654
convergence_grid,rastrigin,500,1000,4,616,0.901172466654
convergence_grid,rastrigin,500,1000,4,617,0.901172466654
convergence_grid,rastrigin,500,1000,4,618,0.901172466654
convergence_grid,rastrigin,500,1000,4,619,0.901172466654
convergence_grid,rastrigin,500,1000,4,620,0.901172466654
convergence_grid,rastrigin,500,1000,4,621,0.901172466654
convergence_grid,rastrigin,500,1000,4,622,0.901172466654
convergence_grid,rastrigin,500,1000,4,623,0.901172466654
convergence_grid,rastrigin,500,1000,4,624,0.901172466654
convergence_grid,rastrigin,500,1000,4,625,0.901172466654
convergence_grid,rastrigin,500,1000,4,626,0.901172466654
convergence_grid,rastrigin,500,1000,4,627,0.901172466654
convergence_grid,rastrigin,500,1000,4,628,0.901172466654
convergence_grid,rastrigin,500,1000,4,629,0.901172466654
convergence_grid,rastrigin,500,1000,4,630,0.901172466654
convergence_grid,rastrigin,500,1000,4,631,0.901172466654
convergence_grid,rastrigin,500,1000,4,632,0.901172466654
convergence_grid,rastrigin,500,1000,4,633,0.901172466654
convergence_grid,rastrigin,500,1000,4,634,0.901172466654
convergence_grid,rastrigin,500,1000,4,635,0.901172466654
convergence_grid,rastrigin,500,1000,4,636,0.901172466654
convergence_grid,rastrigin,500,1000,4,637,0.901172466654
convergence_grid,rastrigin,500,1000,4,638,0.901172466654
convergence_grid,rastrigin,500,1000,4,639,0.901172466654
convergence_grid,rastrigin,500,1000,4,640,0.901172466654
convergence_grid,rastrigin,500,1000,4,641,0.901172466654
convergence_grid,rastrigin,500,1000,4,642,0.901172466654
convergence_grid,rastrigin,500,1000,4,643,0.901172466654
convergence_grid,rastrigin,500,1000,4,644,0.901172466654
convergence_grid,rastrigin,500,1000,4,645,0.901172466654
convergence_grid,rastrigin,500,1000,4,646,0.901172466654
convergence_grid,rastrigin,500,1000,4,647,0.901172466654
convergence_grid,rastrigin,500,1000,4,648,0.901172466654
convergence_grid,rastrigin,500,1000,4,649,0.901172466654
convergence_grid,rastrigin,500,1000,4,650,0.901172466654
convergence_grid,rastrigin,500,1000,4,651,0.901172466654
convergence_grid,rastrigin,500,1000,4,652,0.901172466654
convergence_grid,rastrigin,500,1000,4,653,0.901172466654
convergence_grid,rastrigin,500,1000,4,654,0.901172466654
convergence_grid,rastrigin,500,1000,4,655,0.901172466654
convergence_grid,rastrigin,500,1000,4,656,0.901172466654
convergence_grid,rastrigin,500,1000,4,657,0.901172466654
convergence_grid,rastrigin,500,1000,4,658,0.901172466654
convergence_grid,rastrigin,500,1000,4,659,0.901172466654
convergence_grid,rastrigin,500,1000,4,660,0.901172466654
convergence_grid,rastrigin,500,1000,4,661,0.901172466654
convergence_grid,rastrigin,500,1000,4,662,0.901172466654
convergence_grid,rastrigin,500,1000,4,663,0.901172466654
convergence_grid,rastrigin,500,1000,4,664,0.901172466654
convergence_grid,rastrigin,500,1000,4,665,0.901172466654
convergence_grid,rastrigin,500,1000,4,666,0.901172466654
convergence_grid,rastrigin,500,1000,4,667,0.901172466654
convergence_grid,rastrigin,500,1000,4,668,0.901172466654
convergence_grid,rastrigin,500,1000,4,669,0.901172466654
convergence_grid,rastrigin,500,1000,4,670,0.901172466654
convergence_grid,rastrigin,500,1000,4,671,0.901172466654
convergence_grid,rastrigin,500,1000,4,672,0.901172466654
convergence_grid,rastrigin,500,1000,4,673,0.901172466654
convergence_grid,rastrigin,500,1000,4,674,0.901172466654
convergence_grid,rastrigin,500,1000,4,675,0.901172466654
convergence_grid,rastrigin,500,1000,4,676,0.901172466654
convergence_grid,rastrigin,500,1000,4,677,0.901172466654
convergence_grid,rastrigin,500,1000,4,678,0.901172466654
convergence_grid,rastrigin,500,1000,4,679,0.901172466654
convergence_grid,rastrigin,500,1000,4,680,0.901172466654
convergence_grid,rastrigin,500,1000,4,681,0.901172466654
convergence_grid,rastrigin,500,1000,4,682,0.901172466654
convergence_grid,rastrigin,500,1000,4,683,0.901172466654
convergence_grid,rastrigin,500,1000,4,684,0.901172466654
convergence_grid,rastrigin,500,1000,4,685,0.901172466654
convergence_grid,rastrigin,500,1000,4,686,0.901172466654
convergence_grid,rastrigin,500,1000,4,687,0.901172466654
convergence_grid,rastrigin,500,1000,4,688,0.901172466654
convergence_grid,rastrigin,500,1000,4,689,0.901172466654
convergence_grid,rastrigin,500,1000,4,690,0.901172466654
convergence_grid,rastrigin,500,1000,4,691,0.901172466654
convergence_grid,rastrigin,500,1000,4,692,0.901172466654
convergence_grid,rastrigin,500,1000,4,693,0.901172466654
convergence_grid,rastrigin,500,1000,4,694,0.901172466654
convergence_grid,rastrigin,500,1000,4,695,0.901172466654
convergence_grid,rastrigin,500,1000,4,696,0.901172466654
convergence_grid,rastrigin,500,1000,4,697,0.901172466654
convergence_grid,rastrigin,500,1000,4,698,0.901172466654
convergence_grid,rastrigin,500,1000,4,699,0.901172466654
convergence_grid,rastrigin,500,1000,4,700,0.901172466654
convergence_grid,rastrigin,500,1000,4,701,0.901172466654
convergence_grid,rastrigin,500,1000,4,702,0.901172466654
convergence_grid,rastrigin,500,1000,4,703,0.901172466654
convergence_grid,rastrigin,500,1000,4,704,0.901172466654
convergence_grid,rastrigin,500,1000,4,705,0.901172466654
convergence_grid,rastrigin,500,1000,4,706,0.901172466654
convergence_grid,rastrigin,500,1000,4,707,0.901172466654
convergence_grid,rastrigin,500,1000,4,708,0.901172466654
convergence_grid,rastrigin,500,1000,4,709,0.901172466654
convergence_grid,rastrigin,500,1000,4,710,0.901172466654
convergence_grid,rastrigin,500,1000,4,711,0.901172466654
convergence_grid,rastrigin,500,1000,4,712,0.901172466654
convergence_grid,rastrigin,500,1000,4,713,0.901172466654
convergence_grid,rastrigin,500,1000,4,714,0.901172466654
convergence_grid,rastrigin,500,1000,4,715,0.901172466654
convergence_grid,rastrigin,500,1000,4,716,0.901172466654
convergence_grid,rastrigin,500,1000,4,717,0.901172466654
convergence_grid,rastrigin,500,1000,4,718,0.901172466654
convergence_grid,rastrigin,500,1000,4,719,0.901172466654
convergence_grid,rastrigin,500,1000,4,720,0.901172466654
convergence_grid,rastrigin,500,1000,4,721,0.901172466654
convergence_grid,rastrigin,500,1000,4,722,0.901172466654
convergence_grid,rastrigin,500,1000,4,723,0.901172466654
convergence_grid,rastrigin,500,1000,4,724,0.901172466654
convergence_grid,rastrigin,500,1000,4,725,0.901172466654
convergence_grid,rastrigin,500,1000,4,726,0.901172466654
convergence_grid,rastrigin,500,1000,4,727,0.901172466654
convergence_grid,rastrigin,500,1000,4,728,0.901172466654
convergence_grid,rastrigin,500,1000,4,729,0.901172466654
convergence_grid,rastrigin,500,1000,4,730,0.901172466654
convergence_grid,rastrigin,500,1000,4,731,0.901172466654
convergence_grid,rastrigin,500,1000,4,732,0.901172466654
convergence_grid,rastrigin,500,1000,4,733,0.901172466654
convergence_grid,rastrigin,500,1000,4,734,0.901172466654
convergence_grid,rastrigin,500,1000,4,735,0.901172466654
convergence_grid,rastrigin,500,1000,4,736,0.901172466654
convergence_grid,rastrigin,500,1000,4,737,0.901172466654
convergence_grid,rastrigin,500,1000,4,738,0.901172466654
convergence_grid,rastrigin,500,1000,4,739,0.901172466654
convergence_grid,rastrigin,500,1000,4,740,0.901172466654
convergence_grid,rastrigin,500,1000,4,741,0.901172466654
convergence_grid,rastrigin,500,1000,4,742,0.901172466654
convergence_grid,rastrigin,500,1000,4,743,0.901172466654
convergence_grid,rastrigin,500,1000,4,744,0.901172466654
convergence_grid,rastrigin,500,1000,4,745,0.901172466654
convergence_grid,rastrigin,500,1000,4,746,0.901172466654
convergence_grid,rastrigin,500,1000,4,747,0.901172466654
convergence_grid,rastrigin,500,1000,4,748,0.901172466654
convergence_grid,rastrigin,500,1000,4,749,0.901172466654
convergence_grid,rastrigin,500,1000,4,750,0.901172466654
convergence_grid,rastrigin,500,1000,4,751,0.901172466654
convergence_grid,rastrigin,500,1000,4,752,0.901172466654
convergence_grid,rastrigin,500,1000,4,753,0.901172466654
convergence_grid,rastrigin,500,1000,4,754,0.901172466654
convergence_grid,rastrigin,500,1000,4,755,0.901172466654
convergence_grid,rastrigin,500,1000,4,756,0.901172466654
convergence_grid,rastrigin,500,1000,4,757,0.901172466654
convergence_grid,rastrigin,500,1000,4,758,0.901172466654
convergence_grid,rastrigin,500,1000,4,759,0.901172466654
convergence_grid,rastrigin,500,1000,4,760,0.901172466654
convergence_grid,rastrigin,500,1000,4,761,0.901172466654
convergence_grid,rastrigin,500,1000,4,762,0.901172466654
convergence_grid,rastrigin,500,1000,4,763,0.901172466654
convergence_grid,rastrigin,500,1000,4,764,0.901172466654
convergence_grid,rastrigin,500,1000,4,765,0.901172466654
convergence_grid,rastrigin,500,1000,4,766,0.901172466654
convergence_grid,rastrigin,500,1000,4,767,0.901172466654
convergence_grid,rastrigin,500,1000,4,768,0.901172466654
convergence_grid,rastrigin,500,1000,4,769,0.901172466654
convergence_grid,rastrigin,500,1000,4,770,0.901172466654
convergence_grid,rastrigin,500,1000,4,771,0.901172466654
convergence_grid,rastrigin,500,1000,4,772,0.901172466654
convergence_grid,rastrigin,500,1000,4,773,0.901172466654
convergence_grid,rastrigin,500,1000,4,774,0.901172466654
convergence_grid,rastrigin,500,1000,4,775,0.901172466654
convergence_grid,rastrigin,500,1000,4,776,0.901172466654
convergence_grid,rastrigin,500,1000,4,777,0.901172466654
convergence_grid,rastrigin,500,1000,4,778,0.901172466654
convergence_grid,rastrigin,500,1000,4,779,0.901172466654
convergence_grid,rastrigin,500,1000,4,780,0.901172466654
convergence_grid,rastrigin,500,1000,4,781,0.901172466654
convergence_grid,rastrigin,500,1000,4,782,0.901172466654
convergence_grid,rastrigin,500,1000,4,783,0.901172466654
convergence_grid,rastrigin,500,1000,4,784,0.901172466654
convergence_grid,rastrigin,500,1000,4,785,0.901172466654
convergence_grid,rastrigin,500,1000,4,786,0.901172466654
convergence_grid,rastrigin,500,1000,4,787,0.901172466654
convergence_grid,rastrigin,500,1000,4,788,0.901172466654
convergence_grid,rastrigin,500,1000,4,789,0.901172466654
convergence_grid,rastrigin,500,1000,4,790,0.901172466654
convergence_grid,rastrigin,500,1000,4,791,0.901172466654
convergence_grid,rastrigin,500,1000,4,792,0.901172466654
convergence_grid,rastrigin,500,1000,4,793,0.901172466654
convergence_grid,rastrigin,500,1000,4,794,0.901172466654
convergence_grid,rastrigin,500,1000,4,795,0.901172466654
convergence_grid,rastrigin,500,1000,4,796,0.901172466654
convergence_grid,rastrigin,500,1000,4,797,0.901172466654
convergence_grid,rastrigin,500,1000,4,798,0.901172466654
convergence_grid,rastrigin,500,1000,4,799,0.901172466654
convergence_grid,rastrigin,500,1000,4,800,0.901172466654
convergence_grid,rastrigin,500,1000,4,801,0.869921916652
convergence_grid,rastrigin,500,1000,4,802,0.869921916652
convergence_grid,rastrigin,500,1000,4,803,0.869921916652
convergence_grid,rastrigin,500,1000,4,804,0.869921916652
convergence_grid,rastrigin,500,1000,4,805,0.869921916652
convergence_grid,rastrigin,500,1000,4,806,0.869921916652
convergence_grid,rastrigin,500,1000,4,807,0.869921916652
convergence_grid,rastrigin,500,1000,4,808,0.869921916652
convergence_grid,rastrigin,500,1000,4,809,0.869921916652
convergence_grid,rastrigin,500,1000,4,810,0.869921916652
convergence_grid,rastrigin,500,1000,4,811,0.869921916652
convergence_grid,rastrigin,500,1000,4,812,0.869921916652
convergence_grid,rastrigin,500,1000,4,813,0.869921916652
convergence_grid,rastrigin,500,1000,4,814,0.869921916652
convergence_grid,rastrigin,500,1000,4,815,0.869921916652
convergence_grid,rastrigin,500,1000,4,816,0.869921916652
convergence_grid,rastrigin,500,1000,4,817,0.869921916652
convergence_grid,rastrigin,500,1000,4,818,0.869921916652
convergence_grid,rastrigin,500,1000,4,819,0.869921916652
convergence_grid,rastrigin,500,1000,4,820,0.869921916652
convergence_grid,rastrigin,500,1000,4,821,0.869921916652
convergence_grid,rastrigin,500,1000,4,822,0.869921916652
convergence_grid,rastrigin,500,1000,4,823,0.869921916652
convergence_grid,rastrigin,500,1000,4,824,0.869921916652
convergence_grid,rastrigin,500,1000,4,825,0.869921916652
convergence_grid,rastrigin,500,1000,4,826,0.869921916652
convergence_grid,rastrigin,500,1000,4,827,0.869921916652
convergence_grid,rastrigin,500,1000,4,828,0.869921916652
convergence_grid,rastrigin,500,1000,4,829,0.869921916652
convergence_grid,rastrigin,500,1000,4,830,0.869921916652
convergence_grid,rastrigin,500,1000,4,831,0.869921916652
convergence_grid,rastrigin,500,1000,4,832,0.869921916652
convergence_grid,rastrigin,500,1000,4,833,0.869921916652
convergence_grid,rastrigin,500,1000,4,834,0.869921916652
convergence_grid,rastrigin,500,1000,4,835,0.869921916652
convergence_grid,rastrigin,500,1000,4,836,0.869921916652
convergence_grid,rastrigin,500,1000,4,837,0.869921916652
convergence_grid,rastrigin,500,1000,4,838,0.869921916652
convergence_grid,rastrigin,500,1000,4,839,0.869921916652
convergence_grid,rastrigin,500,1000,4,840,0.869921916652
convergence_grid,rastrigin,500,1000,4,841,0.869921916652
convergence_grid,rastrigin,500,1000,4,842,0.869921916652
convergence_grid,rastrigin,500,1000,4,843,0.869921916652
convergence_grid,rastrigin,500,1000,4,844,0.869921916652
convergence_grid,rastrigin,500,1000,4,845,0.869921916652
convergence_grid,rastrigin,500,1000,4,846,0.869921916652
convergence_grid,rastrigin,500,1000,4,847,0.869921916652
convergence_grid,rastrigin,500,1000,4,848,0.869921916652
convergence_grid,rastrigin,500,1000,4,849,0.869921916652
convergence_grid,rastrigin,500,1000,4,850,0.869921916652
convergence_grid,rastrigin,500,1000,4,851,0.869921916652
convergence_grid,rastrigin,500,1000,4,852,0.869921916652
convergence_grid,rastrigin,500,1000,4,853,0.869921916652
convergence_grid,rastrigin,500,1000,4,854,0.869921916652
convergence_grid,rastrigin,500,1000,4,855,0.869921916652
convergence_grid,rastrigin,500,1000,4,856,0.869921916652
convergence_grid,rastrigin,500,1000,4,857,0.869921916652
convergence_grid,rastrigin,500,1000,4,858,0.869921916652
convergence_grid,rastrigin,500,1000,4,859,0.869921916652
convergence_grid,rastrigin,500,1000,4,860,0.869921916652
convergence_grid,rastrigin,500,1000,4,861,0.869921916652
convergence_grid,rastrigin,500,1000,4,862,0.869921916652
convergence_grid,rastrigin,500,1000,4,863,0.869921916652
convergence_grid,rastrigin,500,1000,4,864,0.869921916652
convergence_grid,rastrigin,500,1000,4,865,0.869921916652
convergence_grid,rastrigin,500,1000,4,866,0.869921916652
convergence_grid,rastrigin,500,1000,4,867,0.869921916652
convergence_grid,rastrigin,500,1000,4,868,0.869921916652
convergence_grid,rastrigin,500,1000,4,869,0.869921916652
convergence_grid,rastrigin,500,1000,4,870,0.869921916652
convergence_grid,rastrigin,500,1000,4,871,0.869921916652
convergence_grid,rastrigin,500,1000,4,872,0.869921916652
convergence_grid,rastrigin,500,1000,4,873,0.869921916652
convergence_grid,rastrigin,500,1000,4,874,0.869921916652
convergence_grid,rastrigin,500,1000,4,875,0.869921916652
convergence_grid,rastrigin,500,1000,4,876,0.869921916652
convergence_grid,rastrigin,500,1000,4,877,0.869921916652
convergence_grid,rastrigin,500,1000,4,878,0.869921916652
convergence_grid,rastrigin,500,1000,4,879,0.869921916652
convergence_grid,rastrigin,500,1000,4,880,0.869921916652
convergence_grid,rastrigin,500,1000,4,881,0.869921916652
convergence_grid,rastrigin,500,1000,4,882,0.869921916652
convergence_grid,rastrigin,500,1000,4,883,0.869921916652
convergence_grid,rastrigin,500,1000,4,884,0.869921916652
convergence_grid,rastrigin,500,1000,4,885,0.869921916652
convergence_grid,rastrigin,500,1000,4,886,0.869921916652
convergence_grid,rastrigin,500,1000,4,887,0.869921916652
convergence_grid,rastrigin,500,1000,4,888,0.869921916652
convergence_grid,rastrigin,500,1000,4,889,0.869921916652
convergence_grid,rastrigin,500,1000,4,890,0.869921916652
convergence_grid,rastrigin,500,1000,4,891,0.869921916652
convergence_grid,rastrigin,500,1000,4,892,0.869921916652
convergence_grid,rastrigin,500,1000,4,893,0.869921916652
convergence_grid,rastrigin,500,1000,4,894,0.869921916652
convergence_grid,rastrigin,500,1000,4,895,0.869921916652
convergence_grid,rastrigin,500,1000,4,896,0.869921916652
convergence_grid,rastrigin,500,1000,4,897,0.869921916652
convergence_grid,rastrigin,500,1000,4,898,0.869921916652
convergence_grid,rastrigin,500,1000,4,899,0.869921916652
convergence_grid,rastrigin,500,1000,4,900,0.869921916652
convergence_grid,rastrigin,500,1000,4,901,0.869921916652
convergence_grid,rastrigin,500,1000,4,902,0.869921916652
convergence_grid,rastrigin,500,1000,4,903,0.869921916652
convergence_grid,rastrigin,500,1000,4,904,0.869921916652
convergence_grid,rastrigin,500,1000,4,905,0.869921916652
convergence_grid,rastrigin,500,1000,4,906,0.869921916652
convergence_grid,rastrigin,500,1000,4,907,0.869921916652
convergence_grid,rastrigin,500,1000,4,908,0.869921916652
convergence_grid,rastrigin,500,1000,4,909,0.869921916652
convergence_grid,rastrigin,500,1000,4,910,0.869921916652
convergence_grid,rastrigin,500,1000,4,911,0.869921916652
convergence_grid,rastrigin,500,1000,4,912,0.869921916652
convergence_grid,rastrigin,500,1000,4,913,0.869921916652
convergence_grid,rastrigin,500,1000,4,914,0.869921916652
convergence_grid,rastrigin,500,1000,4,915,0.869921916652
convergence_grid,rastrigin,500,1000,4,916,0.869921916652
convergence_grid,rastrigin,500,1000,4,917,0.869921916652
convergence_grid,rastrigin,500,1000,4,918,0.869921916652
convergence_grid,rastrigin,500,1000,4,919,0.869921916652
convergence_grid,rastrigin,500,1000,4,920,0.869921916652
convergence_grid,rastrigin,500,1000,4,921,0.869921916652
convergence_grid,rastrigin,500,1000,4,922,0.869921916652
convergence_grid,rastrigin,500,1000,4,923,0.869921916652
convergence_grid,rastrigin,500,1000,4,924,0.869921916652
convergence_grid,rastrigin,500,1000,4,925,0.869921916652
convergence_grid,rastrigin,500,1000,4,926,0.869921916652
convergence_grid,rastrigin,500,1000,4,927,0.869921916652
convergence_grid,rastrigin,500,1000,4,928,0.869921916652
convergence_grid,rastrigin,500,1000,4,929,0.869921916652
convergence_grid,rastrigin,500,1000,4,930,0.869921916652
convergence_grid,rastrigin,500,1000,4,931,0.869921916652
convergence_grid,rastrigin,500,1000,4,932,0.869921916652
convergence_grid,rastrigin,500,1000,4,933,0.869921916652
convergence_grid,rastrigin,500,1000,4,934,0.869921916652
convergence_grid,rastrigin,500,1000,4,935,0.869921916652
convergence_grid,rastrigin,500,1000,4,936,0.869921916652
convergence_grid,rastrigin,500,1000,4,937,0.869921916652
convergence_grid,rastrigin,500,1000,4,938,0.869921916652
convergence_grid,rastrigin,500,1000,4,939,0.869921916652
convergence_grid,rastrigin,500,1000,4,940,0.869921916652
convergence_grid,rastrigin,500,1000,4,941,0.869921916652
convergence_grid,rastrigin,500,1000,4,942,0.869921916652
convergence_grid,rastrigin,500,1000,4,943,0.869921916652
convergence_grid,rastrigin,500,1000,4,944,0.869921916652
convergence_grid,rastrigin,500,1000,4,945,0.869921916652
convergence_grid,rastrigin,500,1000,4,946,0.869921916652
convergence_grid,rastrigin,500,1000,4,947,0.869921916652
convergence_grid,rastrigin,500,1000,4,948,0.869921916652
convergence_grid,rastrigin,500,1000,4,949,0.869921916652
convergence_grid,rastrigin,500,1000,4,950,0.869921916652
convergence_grid,rastrigin,500,1000,4,951,0.869921916652
convergence_grid,rastrigin,500,1000,4,952,0.869921916652
convergence_grid,rastrigin,500,1000,4,953,0.869921916652
convergence_grid,rastrigin,500,1000,4,954,0.869921916652
convergence_grid,rastrigin,500,1000,4,955,0.869921916652
convergence_grid,rastrigin,500,1000,4,956,0.869921916652
convergence_grid,rastrigin,500,1000,4,957,0.869921916652
convergence_grid,rastrigin,500,1000,4,958,0.869921916652
convergence_grid,rastrigin,500,1000,4,959,0.869921916652
convergence_grid,rastrigin,500,1000,4,960,0.869921916652
convergence_grid,rastrigin,500,1000,4,961,0.869921916652
convergence_grid,rastrigin,500,1000,4,962,0.869921916652
convergence_grid,rastrigin,500,1000,4,963,0.869921916652
convergence_grid,rastrigin,500,1000,4,964,0.869921916652
convergence_grid,rastrigin,500,1000,4,965,0.869921916652
convergence_grid,rastrigin,500,1000,4,966,0.869921916652
convergence_grid,rastrigin,500,1000,4,967,0.869921916652
convergence_grid,rastrigin,500,1000,4,968,0.869921916652
convergence_grid,rastrigin,500,1000,4,969,0.869921916652
convergence_grid,rastrigin,500,1000,4,970,0.869921916652
convergence_grid,rastrigin,500,1000,4,971,0.869921916652
convergence_grid,rastrigin,500,1000,4,972,0.869921916652
convergence_grid,rastrigin,500,1000,4,973,0.869921916652
convergence_grid,rastrigin,500,1000,4,974,0.869921916652
convergence_grid,rastrigin,500,1000,4,975,0.869921916652
convergence_grid,rastrigin,500,1000,4,976,0.869921916652
convergence_grid,rastrigin,500,1000,4,977,0.869921916652
convergence_grid,rastrigin,500,1000,4,978,0.869921916652
convergence_grid,rastrigin,500,1000,4,979,0.869921916652
convergence_grid,rastrigin,500,1000,4,980,0.869921916652
convergence_grid,rastrigin,500,1000,4,981,0.869921916652
convergence_grid,rastrigin,500,1000,4,982,0.869921916652
convergence_grid,rastrigin,500,1000,4,983,0.869921916652
convergence_grid,rastrigin,500,1000,4,984,0.869921916652
convergence_grid,rastrigin,500,1000,4,985,0.869921916652
convergence_grid,rastrigin,500,1000,4,986,0.869921916652
convergence_grid,rastrigin,500,1000,4,987,0.869921916652
convergence_grid,rastrigin,500,1000,4,988,0.869921916652
convergence_grid,rastrigin,500,1000,4,989,0.869921916652
convergence_grid,rastrigin,500,1000,4,990,0.869921916652
convergence_grid,rastrigin,500,1000,4,991,0.869921916652
convergence_grid,rastrigin,500,1000,4,992,0.869921916652
convergence_grid,rastrigin,500,1000,4,993,0.869921916652
convergence_grid,rastrigin,500,1000,4,994,0.840144300512
convergence_grid,rastrigin,500,1000,4,995,0.840144300512
convergence_grid,rastrigin,500,1000,4,996,0.840144300512
convergence_grid,rastrigin,500,1000,4,997,0.82776299012
convergence_grid,rastrigin,500,1000,4,998,0.82776299012
convergence_grid,rastrigin,500,1000,4,999,0.82776299012
convergence_grid,rastrigin,500,1000,4,1000,0.82776299012
speedup,rastrigin,300,400,1,0,239.018343667
speedup,rastrigin,300,400,1,1,192.73998538
speedup,rastrigin,300,400,1,2,168.481283467
speedup,rastrigin,300,400,1,3,160.644799607
speedup,rastrigin,300,400,1,4,126.790700398
speedup,rastrigin,300,400,1,5,126.790700398
speedup,rastrigin,300,400,1,6,110.807270055
speedup,rastrigin,300,400,1,7,110.807270055
speedup,rastrigin,300,400,1,8,110.807270055
speedup,rastrigin,300,400,1,9,106.982021267
speedup,rastrigin,300,400,1,10,94.0523376916
speedup,rastrigin,300,400,1,11,83.2447925401
speedup,rastrigin,300,400,1,12,83.2073433792
speedup,rastrigin,300,400,1,13,78.9311739695
speedup,rastrigin,300,400,1,14,65.1591667604
speedup,rastrigin,300,400,1,15,52.4952081136
speedup,rastrigin,300,400,1,16,52.4952081136
speedup,rastrigin,300,400,1,17,52.4952081136
speedup,rastrigin,300,400,1,18,48.5315149961
speedup,rastrigin,300,400,1,19,37.5560457366
speedup,rastrigin,300,400,1,20,30.2860963689
speedup,rastrigin,300,400,1,21,30.2860963689
speedup,rastrigin,300,400,1,22,27.8485628891
speedup,rastrigin,300,400,1,23,14.5839158562
speedup,rastrigin,300,400,1,24,14.5839158562
speedup,rastrigin,300,400,1,25,14.4475528989
speedup,rastrigin,300,400,1,26,14.4475528989
speedup,rastrigin,300,400,1,27,13.0125388156
speedup,rastrigin,300,400,1,28,13.0125388156
speedup,rastrigin,300,400,1,29,11.7968340796
speedup,rastrigin,300,400,1,30,11.4372030293
speedup,rastrigin,300,400,1,31,11.4372030293
speedup,rastrigin,300,400,1,32,11.4372030293
speedup,rastrigin,300,400,1,33,8.9469147617
speedup,rastrigin,300,400,1,34,8.9469147617
speedup,rastrigin,300,400,1,35,8.9469147617
speedup,rastrigin,300,400,1,36,8.25227040178
speedup,rastrigin,300,400,1,37,8.25227040178
speedup,rastrigin,300,400,1,38,7.63296171927
speedup,rastrigin,300,400,1,39,7.63296171927
speedup,rastrigin,300,400,1,40,7.63296171927
speedup,rastrigin,300,400,1,41,7.63296171927
speedup,rastrigin,300,400,1,42,7.63296171927
speedup,rastrigin,300,400,1,43,7.63296171927
speedup,rastrigin,300,400,1,44,7.63296171927
speedup,rastrigin,300,400,1,45,7.63296171927
speedup,rastrigin,300,400,1,46,7.63296171927
speedup,rastrigin,300,400,1,47,7.63296171927
speedup,rastrigin,300,400,1,48,7.63296171927
speedup,rastrigin,300,400,1,49,7.63296171927
speedup,rastrigin,300,400,1,50,7.63296171927
speedup,rastrigin,300,400,1,51,7.09504158208
speedup,rastrigin,300,400,1,52,7.09504158208
speedup,rastrigin,300,400,1,53,6.76379928704
speedup,rastrigin,300,400,1,54,6.26169238781
speedup,rastrigin,300,400,1,55,6.26169238781
speedup,rastrigin,300,400,1,56,6.26169238781
speedup,rastrigin,300,400,1,57,6.26169238781
speedup,rastrigin,300,400,1,58,6.26169238781
speedup,rastrigin,300,400,1,59,6.16921631446
speedup,rastrigin,300,400,1,60,6.16921631446
speedup,rastrigin,300,400,1,61,5.93002024147
speedup,rastrigin,300,400,1,62,5.49604508951
speedup,rastrigin,300,400,1,63,5.43326125887
speedup,rastrigin,300,400,1,64,5.43326125887
speedup,rastrigin,300,400,1,65,5.38579827137
speedup,rastrigin,300,400,1,66,5.38579827137
speedup,rastrigin,300,400,1,67,5.38579827137
speedup,rastrigin,300,400,1,68,5.23520644855
speedup,rastrigin,300,400,1,69,5.02347446568
speedup,rastrigin,300,400,1,70,4.88355503291
speedup,rastrigin,300,400,1,71,4.74645271227
speedup,rastrigin,300,400,1,72,4.51396847615
speedup,rastrigin,300,400,1,73,4.51396847615
speedup,rastrigin,300,400,1,74,4.10090808495
speedup,rastrigin,300,400,1,75,4.10090808495
speedup,rastrigin,300,400,1,76,4.10090808495
speedup,rastrigin,300,400,1,77,4.10090808495
speedup,rastrigin,300,400,1,78,4.10090808495
speedup,rastrigin,300,400,1,79,4.10090808495
speedup,rastrigin,300,400,1,80,3.9754781999
speedup,rastrigin,300,400,1,81,3.9754781999
speedup,rastrigin,300,400,1,82,3.9754781999
speedup,rastrigin,300,400,1,83,3.9754781999
speedup,rastrigin,300,400,1,84,3.9754781999
speedup,rastrigin,300,400,1,85,3.73282567917
speedup,rastrigin,300,400,1,86,3.73282567917
speedup,rastrigin,300,400,1,87,3.73282567917
speedup,rastrigin,300,400,1,88,3.73282567917
speedup,rastrigin,300,400,1,89,3.73282567917
speedup,rastrigin,300,400,1,90,3.73282567917
speedup,rastrigin,300,400,1,91,3.73282567917
speedup,rastrigin,300,400,1,92,3.6636391059
speedup,rastrigin,300,400,1,93,3.6636391059
speedup,rastrigin,300,400,1,94,3.54727413729
speedup,rastrigin,300,400,1,95,3.54727413729
speedup,rastrigin,300,400,1,96,3.54727413729
speedup,rastrigin,300,400,1,97,3.54727413729
speedup,rastrigin,300,400,1,98,3.54727413729
speedup,rastrigin,300,400,1,99,3.54727413729
speedup,rastrigin,300,400,1,100,3.54727413729
speedup,rastrigin,300,400,1,101,3.54727413729
speedup,rastrigin,300,400,1,102,3.54727413729
speedup,rastrigin,300,400,1,103,3.54727413729
speedup,rastrigin,300,400,1,104,3.54727413729
speedup,rastrigin,300,400,1,105,3.54727413729
speedup,rastrigin,300,400,1,106,3.54727413729
speedup,rastrigin,300,400,1,107,3.54727413729
speedup,rastrigin,300,400,1,108,3.54727413729
speedup,rastrigin,300,400,1,109,3.51708451326
speedup,rastrigin,300,400,1,110,3.51708451326
speedup,rastrigin,300,400,1,111,3.51708451326
speedup,rastrigin,300,400,1,112,3.51708451326
speedup,rastrigin,300,400,1,113,3.51708451326
speedup,rastrigin,300,400,1,114,3.51708451326
speedup,rastrigin,300,400,1,115,3.51708451326
speedup,rastrigin,300,400,1,116,3.42060095783
speedup,rastrigin,300,400,1,117,3.42060095783
speedup,rastrigin,300,400,1,118,3.42060095783
speedup,rastrigin,300,400,1,119,3.42060095783
speedup,rastrigin,300,400,1,120,3.42060095783
speedup,rastrigin,300,400,1,121,3.42060095783
speedup,rastrigin,300,400,1,122,3.39868421102
speedup,rastrigin,300,400,1,123,3.39868421102
speedup,rastrigin,300,400,1,124,3.39868421102
speedup,rastrigin,300,400,1,125,3.39868421102
speedup,rastrigin,300,400,1,126,3.39868421102
speedup,rastrigin,300,400,1,127,3.39868421102
speedup,rastrigin,300,400,1,128,3.39868421102
speedup,rastrigin,300,400,1,129,3.39868421102
speedup,rastrigin,300,400,1,130,3.39868421102
speedup,rastrigin,300,400,1,131,3.39868421102
speedup,rastrigin,300,400,1,132,3.39428882874
speedup,rastrigin,300,400,1,133,3.39428882874
speedup,rastrigin,300,400,1,134,3.39428882874
speedup,rastrigin,300,400,1,135,3.39428882874
speedup,rastrigin,300,400,1,136,3.39428882874
speedup,rastrigin,300,400,1,137,3.39428882874
speedup,rastrigin,300,400,1,138,3.39428882874
speedup,rastrigin,300,400,1,139,3.39428882874
speedup,rastrigin,300,400,1,140,3.39428882874
speedup,rastrigin,300,400,1,141,3.39428882874
speedup,rastrigin,300,400,1,142,3.24756235371
speedup,rastrigin,300,400,1,143,3.24756235371
speedup,rastrigin,300,400,1,144,3.24756235371
speedup,rastrigin,300,400,1,145,3.24756235371
speedup,rastrigin,300,400,1,146,3.24756235371
speedup,rastrigin,300,400,1,147,3.24756235371
speedup,rastrigin,300,400,1,148,3.24756235371
speedup,rastrigin,300,400,1,149,3.24756235371
speedup,rastrigin,300,400,1,150,3.24756235371
speedup,rastrigin,300,400,1,151,3.24756235371
speedup,rastrigin,300,400,1,152,3.24756235371
speedup,rastrigin,300,400,1,153,3.24756235371
speedup,rastrigin,300,400,1,154,3.24756235371
speedup,rastrigin,300,400,1,155,3.24756235371
speedup,rastrigin,300,400,1,156,3.24756235371
speedup,rastrigin,300,400,1,157,3.24756235371
speedup,rastrigin,300,400,1,158,3.24756235371
speedup,rastrigin,300,400,1,159,3.24756235371
speedup,rastrigin,300,400,1,160,3.24756235371
speedup,rastrigin,300,400,1,161,3.24756235371
speedup,rastrigin,300,400,1,162,3.24756235371
speedup,rastrigin,300,400,1,163,3.24756235371
speedup,rastrigin,300,400,1,164,3.24756235371
speedup,rastrigin,300,400,1,165,3.24756235371
speedup,rastrigin,300,400,1,166,3.24756235371
speedup,rastrigin,300,400,1,167,3.24756235371
speedup,rastrigin,300,400,1,168,3.24756235371
speedup,rastrigin,300,400,1,169,3.24756235371
speedup,rastrigin,300,400,1,170,3.24756235371
speedup,rastrigin,300,400,1,171,3.24756235371
speedup,rastrigin,300,400,1,172,3.24756235371
speedup,rastrigin,300,400,1,173,3.24756235371
speedup,rastrigin,300,400,1,174,3.24756235371
speedup,rastrigin,300,400,1,175,3.24756235371
speedup,rastrigin,300,400,1,176,3.24756235371
speedup,rastrigin,300,400,1,177,3.24756235371
speedup,rastrigin,300,400,1,178,3.24756235371
speedup,rastrigin,300,400,1,179,3.24756235371
speedup,rastrigin,300,400,1,180,3.24756235371
speedup,rastrigin,300,400,1,181,3.24756235371
speedup,rastrigin,300,400,1,182,3.24756235371
speedup,rastrigin,300,400,1,183,3.24756235371
speedup,rastrigin,300,400,1,184,3.24756235371
speedup,rastrigin,300,400,1,185,3.24756235371
speedup,rastrigin,300,400,1,186,3.24756235371
speedup,rastrigin,300,400,1,187,3.24756235371
speedup,rastrigin,300,400,1,188,3.24756235371
speedup,rastrigin,300,400,1,189,3.24756235371
speedup,rastrigin,300,400,1,190,3.24756235371
speedup,rastrigin,300,400,1,191,3.24756235371
speedup,rastrigin,300,400,1,192,3.24756235371
speedup,rastrigin,300,400,1,193,3.24756235371
speedup,rastrigin,300,400,1,194,3.24756235371
speedup,rastrigin,300,400,1,195,3.24756235371
speedup,rastrigin,300,400,1,196,3.24756235371
speedup,rastrigin,300,400,1,197,3.24756235371
speedup,rastrigin,300,400,1,198,3.24756235371
speedup,rastrigin,300,400,1,199,3.24756235371
speedup,rastrigin,300,400,1,200,3.24756235371
speedup,rastrigin,300,400,1,201,3.24756235371
speedup,rastrigin,300,400,1,202,3.24756235371
speedup,rastrigin,300,400,1,203,3.24756235371
speedup,rastrigin,300,400,1,204,3.24756235371
speedup,rastrigin,300,400,1,205,3.24756235371
speedup,rastrigin,300,400,1,206,3.15365676915
speedup,rastrigin,300,400,1,207,3.15365676915
speedup,rastrigin,300,400,1,208,2.92953620637
speedup,rastrigin,300,400,1,209,2.90400780898
speedup,rastrigin,300,400,1,210,2.82295357585
speedup,rastrigin,300,400,1,211,2.82295357585
speedup,rastrigin,300,400,1,212,2.82295357585
speedup,rastrigin,300,400,1,213,2.82295357585
speedup,rastrigin,300,400,1,214,2.82295357585
speedup,rastrigin,300,400,1,215,2.82295357585
speedup,rastrigin,300,400,1,216,2.82295357585
speedup,rastrigin,300,400,1,217,2.79486817624
speedup,rastrigin,300,400,1,218,2.79486817624
speedup,rastrigin,300,400,1,219,2.79486817624
speedup,rastrigin,300,400,1,220,2.79486817624
speedup,rastrigin,300,400,1,221,2.79486817624
speedup,rastrigin,300,400,1,222,2.79486817624
speedup,rastrigin,300,400,1,223,2.79486817624
speedup,rastrigin,300,400,1,224,2.79486817624
speedup,rastrigin,300,400,1,225,2.79486817624
speedup,rastrigin,300,400,1,226,2.61071535518
speedup,rastrigin,300,400,1,227,2.59712511662
speedup,rastrigin,300,400,1,228,2.59712511662
speedup,rastrigin,300,400,1,229,2.59712511662
speedup,rastrigin,300,400,1,230,2.59712511662
speedup,rastrigin,300,400,1,231,2.59712511662
speedup,rastrigin,300,400,1,232,2.59712511662
speedup,rastrigin,300,400,1,233,2.59712511662
speedup,rastrigin,300,400,1,234,2.59712511662
speedup,rastrigin,300,400,1,235,1.94918460501
speedup,rastrigin,300,400,1,236,1.94918460501
speedup,rastrigin,300,400,1,237,1.94918460501
speedup,rastrigin,300,400,1,238,1.94918460501
speedup,rastrigin,300,400,1,239,1.94918460501
speedup,rastrigin,300,400,1,240,1.77102892097
speedup,rastrigin,300,400,1,241,1.77102892097
speedup,rastrigin,300,400,1,242,1.77102892097
speedup,rastrigin,300,400,1,243,1.77102892097
speedup,rastrigin,300,400,1,244,1.77102892097
speedup,rastrigin,300,400,1,245,1.77102892097
speedup,rastrigin,300,400,1,246,1.77102892097
speedup,rastrigin,300,400,1,247,1.77102892097
speedup,rastrigin,300,400,1,248,1.77102892097
speedup,rastrigin,300,400,1,249,1.77102892097
speedup,rastrigin,300,400,1,250,1.77102892097
speedup,rastrigin,300,400,1,251,1.77102892097
speedup,rastrigin,300,400,1,252,1.77102892097
speedup,rastrigin,300,400,1,253,1.77102892097
speedup,rastrigin,300,400,1,254,1.77102892097
speedup,rastrigin,300,400,1,255,1.77102892097
speedup,rastrigin,300,400,1,256,1.77102892097
speedup,rastrigin,300,400,1,257,1.77102892097
speedup,rastrigin,300,400,1,258,1.77102892097
speedup,rastrigin,300,400,1,259,1.77102892097
speedup,rastrigin,300,400,1,260,1.77102892097
speedup,rastrigin,300,400,1,261,1.77102892097
speedup,rastrigin,300,400,1,262,1.77102892097
speedup,rastrigin,300,400,1,263,1.77102892097
speedup,rastrigin,300,400,1,264,1.77102892097
speedup,rastrigin,300,400,1,265,1.77102892097
speedup,rastrigin,300,400,1,266,1.77102892097
speedup,rastrigin,300,400,1,267,1.77102892097
speedup,rastrigin,300,400,1,268,1.77102892097
speedup,rastrigin,300,400,1,269,1.77102892097
speedup,rastrigin,300,400,1,270,1.77102892097
speedup,rastrigin,300,400,1,271,1.77102892097
speedup,rastrigin,300,400,1,272,1.77102892097
speedup,rastrigin,300,400,1,273,1.77102892097
speedup,rastrigin,300,400,1,274,1.77102892097
speedup,rastrigin,300,400,1,275,1.77102892097
speedup,rastrigin,300,400,1,276,1.77102892097
speedup,rastrigin,300,400,1,277,1.08444526271
speedup,rastrigin,300,400,1,278,1.08444526271
speedup,rastrigin,300,400,1,279,1.08444526271
speedup,rastrigin,300,400,1,280,1.08444526271
speedup,rastrigin,300,400,1,281,1.08444526271
speedup,rastrigin,300,400,1,282,1.08444526271
speedup,rastrigin,300,400,1,283,1.08444526271
speedup,rastrigin,300,400,1,284,1.08444526271
speedup,rastrigin,300,400,1,285,1.08444526271
speedup,rastrigin,300,400,1,286,1.08444526271
speedup,rastrigin,300,400,1,287,1.08444526271
speedup,rastrigin,300,400,1,288,1.08444526271
speedup,rastrigin,300,400,1,289,1.08444526271
speedup,rastrigin,300,400,1,290,1.08444526271
speedup,rastrigin,300,400,1,291,1.08444526271
speedup,rastrigin,300,400,1,292,1.08444526271
speedup,rastrigin,300,400,1,293,1.08444526271
speedup,rastrigin,300,400,1,294,1.08444526271
speedup,rastrigin,300,400,1,295,1.08444526271
speedup,rastrigin,300,400,1,296,1.08444526271
speedup,rastrigin,300,400,1,297,1.08444526271
speedup,rastrigin,300,400,1,298,1.08444526271
speedup,rastrigin,300,400,1,299,1.08444526271
speedup,rastrigin,300,400,1,300,1.08444526271
speedup,rastrigin,300,400,1,301,1.08444526271
speedup,rastrigin,300,400,1,302,1.08444526271
speedup,rastrigin,300,400,1,303,1.08444526271
speedup,rastrigin,300,400,1,304,1.08444526271
speedup,rastrigin,300,400,1,305,1.08444526271
speedup,rastrigin,300,400,1,306,1.08444526271
speedup,rastrigin,300,400,1,307,1.08444526271
speedup,rastrigin,300,400,1,308,1.08444526271
speedup,rastrigin,300,400,1,309,1.08444526271
speedup,rastrigin,300,400,1,310,1.08444526271
speedup,rastrigin,300,400,1,311,1.08444526271
speedup,rastrigin,300,400,1,312,1.08444526271
speedup,rastrigin,300,400,1,313,1.08444526271
speedup,rastrigin,300,400,1,314,1.08444526271
speedup,rastrigin,300,400,1,315,1.08444526271
speedup,rastrigin,300,400,1,316,1.08444526271
speedup,rastrigin,300,400,1,317,1.08444526271
speedup,rastrigin,300,400,1,318,1.08444526271
speedup,rastrigin,300,400,1,319,1.08444526271
speedup,rastrigin,300,400,1,320,1.08444526271
speedup,rastrigin,300,400,1,321,1.08444526271
speedup,rastrigin,300,400,1,322,1.08444526271
speedup,rastrigin,300,400,1,323,1.08444526271
speedup,rastrigin,300,400,1,324,1.03221677656
speedup,rastrigin,300,400,1,325,1.03221677656
speedup,rastrigin,300,400,1,326,1.03221677656
speedup,rastrigin,300,400,1,327,0.963921859154
speedup,rastrigin,300,400,1,328,0.963921859154
speedup,rastrigin,300,400,1,329,0.963921859154
speedup,rastrigin,300,400,1,330,0.963921859154
speedup,rastrigin,300,400,1,331,0.963921859154
speedup,rastrigin,300,400,1,332,0.963921859154
speedup,rastrigin,300,400,1,333,0.931632909588
speedup,rastrigin,300,400,1,334,0.931632909588
speedup,rastrigin,300,400,1,335,0.931632909588
speedup,rastrigin,300,400,1,336,0.931632909588
speedup,rastrigin,300,400,1,337,0.931632909588
speedup,rastrigin,300,400,1,338,0.931632909588
speedup,rastrigin,300,400,1,339,0.931632909588
speedup,rastrigin,300,400,1,340,0.931632909588
speedup,rastrigin,300,400,1,341,0.931632909588
speedup,rastrigin,300,400,1,342,0.931632909588
speedup,rastrigin,300,400,1,343,0.931632909588
speedup,rastrigin,300,400,1,344,0.931632909588
speedup,rastrigin,300,400,1,345,0.931632909588
speedup,rastrigin,300,400,1,346,0.931632909588
speedup,rastrigin,300,400,1,347,0.931632909588
speedup,rastrigin,300,400,1,348,0.931632909588
speedup,rastrigin,300,400,1,349,0.931632909588
speedup,rastrigin,300,400,1,350,0.931632909588
speedup,rastrigin,300,400,1,351,0.931632909588
speedup,rastrigin,300,400,1,352,0.931632909588
speedup,rastrigin,300,400,1,353,0.931632909588
speedup,rastrigin,300,400,1,354,0.931632909588
speedup,rastrigin,300,400,1,355,0.931632909588
speedup,rastrigin,300,400,1,356,0.931632909588
speedup,rastrigin,300,400,1,357,0.931632909588
speedup,rastrigin,300,400,1,358,0.931632909588
speedup,rastrigin,300,400,1,359,0.931632909588
speedup,rastrigin,300,400,1,360,0.931632909588
speedup,rastrigin,300,400,1,361,0.931632909588
speedup,rastrigin,300,400,1,362,0.931632909588
speedup,rastrigin,300,400,1,363,0.931632909588
speedup,rastrigin,300,400,1,364,0.931632909588
speedup,rastrigin,300,400,1,365,0.931632909588
speedup,rastrigin,300,400,1,366,0.931632909588
speedup,rastrigin,300,400,1,367,0.931632909588
speedup,rastrigin,300,400,1,368,0.931632909588
speedup,rastrigin,300,400,1,369,0.931632909588
speedup,rastrigin,300,400,1,370,0.931632909588
speedup,rastrigin,300,400,1,371,0.931632909588
speedup,rastrigin,300,400,1,372,0.931632909588
speedup,rastrigin,300,400,1,373,0.931632909588
speedup,rastrigin,300,400,1,374,0.931632909588
speedup,rastrigin,300,400,1,375,0.931632909588
speedup,rastrigin,300,400,1,376,0.931632909588
speedup,rastrigin,300,400,1,377,0.931632909588
speedup,rastrigin,300,400,1,378,0.931632909588
speedup,rastrigin,300,400,1,379,0.931632909588
speedup,rastrigin,300,400,1,380,0.931632909588
speedup,rastrigin,300,400,1,381,0.931632909588
speedup,rastrigin,300,400,1,382,0.931632909588
speedup,rastrigin,300,400,1,383,0.931632909588
speedup,rastrigin,300,400,1,384,0.931632909588
speedup,rastrigin,300,400,1,385,0.931632909588
speedup,rastrigin,300,400,1,386,0.931632909588
speedup,rastrigin,300,400,1,387,0.931632909588
speedup,rastrigin,300,400,1,388,0.931632909588
speedup,rastrigin,300,400,1,389,0.931632909588
speedup,rastrigin,300,400,1,390,0.736618701026
speedup,rastrigin,300,400,1,391,0.736618701026
speedup,rastrigin,300,400,1,392,0.736618701026
speedup,rastrigin,300,400,1,393,0.727138782407
speedup,rastrigin,300,400,1,394,0.727138782407
speedup,rastrigin,300,400,1,395,0.727138782407
speedup,rastrigin,300,400,1,396,0.727138782407
speedup,rastrigin,300,400,1,397,0.727138782407
speedup,rastrigin,300,400,1,398,0.727138782407
speedup,rastrigin,300,400,1,399,0.727138782407
speedup,rastrigin,300,400,1,400,0.727138782407
speedup,rastrigin,300,400,1,0,221.492339272
speedup,rastrigin,300,400,1,1,184.322233503
speedup,rastrigin,300,400,1,2,184.219274766
speedup,rastrigin,300,400,1,3,120.470765092
speedup,rastrigin,300,400,1,4,117.85565754
speedup,rastrigin,300,400,1,5,117.85565754
speedup,rastrigin,300,400,1,6,106.967269202
speedup,rastrigin,300,400,1,7,106.967269202
speedup,rastrigin,300,400,1,8,96.8508033108
speedup,rastrigin,300,400,1,9,96.8508033108
speedup,rastrigin,300,400,1,10,92.665092622
speedup,rastrigin,300,400,1,11,87.4153546152
speedup,rastrigin,300,400,1,12,87.4153546152
speedup,rastrigin,300,400,1,13,81.7529702384
speedup,rastrigin,300,400,1,14,81.1445793726
speedup,rastrigin,300,400,1,15,67.8012826227
speedup,rastrigin,300,400,1,16,67.8012826227
speedup,rastrigin,300,400,1,17,67.8012826227
speedup,rastrigin,300,400,1,18,64.1923575126
speedup,rastrigin,300,400,1,19,59.3326660441
speedup,rastrigin,300,400,1,20,55.4771367525
speedup,rastrigin,300,400,1,21,44.9025406171
speedup,rastrigin,300,400,1,22,44.5337905553
speedup,rastrigin,300,400,1,23,41.7138422689
speedup,rastrigin,300,400,1,24,38.4955550908
speedup,rastrigin,300,400,1,25,26.9789091743
speedup,rastrigin,300,400,1,26,23.6409350639
speedup,rastrigin,300,400,1,27,18.8356033567
speedup,rastrigin,300,400,1,28,18.8356033567
speedup,rastrigin,300,400,1,29,18.8356033567
speedup,rastrigin,300,400,1,30,18.8356033567
speedup,rastrigin,300,400,1,31,18.8356033567
speedup,rastrigin,300,400,1,32,18.8356033567
speedup,rastrigin,300,400,1,33,18.8356033567
speedup,rastrigin,300,400,1,34,18.8356033567
speedup,rastrigin,300,400,1,35,18.0499722044
speedup,rastrigin,300,400,1,36,11.5437256995
speedup,rastrigin,300,400,1,37,11.5437256995
speedup,rastrigin,300,400,1,38,11.5437256995
speedup,rastrigin,300,400,1,39,11.5437256995
speedup,rastrigin,300,400,1,40,11.5437256995
speedup,rastrigin,300,400,1,41,11.5437256995
speedup,rastrigin,300,400,1,42,11.5437256995
speedup,rastrigin,300,400,1,43,11.5437256995
speedup,rastrigin,300,400,1,44,11.5437256995
speedup,rastrigin,300,400,1,45,11.4642533701
speedup,rastrigin,300,400,1,46,11.2018511594
speedup,rastrigin,300,400,1,47,11.2018511594
speedup,rastrigin,300,400,1,48,10.9036058497
speedup,rastrigin,300,400,1,49,10.9036058497
speedup,rastrigin,300,400,1,50,9.78292778513
speedup,rastrigin,300,400,1,51,9.78292778513
speedup,rastrigin,300,400,1,52,9.78292778513
speedup,rastrigin,300,400,1,53,8.33336585487
speedup,rastrigin,300,400,1,54,8.33336585487
speedup,rastrigin,300,400,1,55,8.33336585487
speedup,rastrigin,300,400,1,56,8.33336585487
speedup,rastrigin,300,400,1,57,8.33336585487
speedup,rastrigin,300,400,1,58,8.33336585487
speedup,rastrigin,300,400,1,59,8.33336585487
speedup,rastrigin,300,400,1,60,8.33336585487
speedup,rastrigin,300,400,1,61,8.06848112025
speedup,rastrigin,300,400,1,62,8.06848112025
speedup,rastrigin,300,400,1,63,8.06848112025
speedup,rastrigin,300,400,1,64,8.06848112025
speedup,rastrigin,300,400,1,65,8.06848112025
speedup,rastrigin,300,400,1,66,8.06848112025
speedup,rastrigin,300,400,1,67,8.06848112025
speedup,rastrigin,300,400,1,68,8.06848112025
speedup,rastrigin,300,400,1,69,8.06848112025
speedup,rastrigin,300,400,1,70,8.06848112025
speedup,rastrigin,300,400,1,71,8.06848112025
speedup,rastrigin,300,400,1,72,7.6660264972
speedup,rastrigin,300,400,1,73,7.63279917917
speedup,rastrigin,300,400,1,74,7.63279917917
speedup,rastrigin,300,400,1,75,7.24489722471
speedup,rastrigin,300,400,1,76,7.24489722471
speedup,rastrigin,300,400,1,77,7.24489722471
speedup,rastrigin,300,400,1,78,7.24489722471
speedup,rastrigin,300,400,1,79,7.14195028588
speedup,rastrigin,300,400,1,80,7.14195028588
speedup,rastrigin,300,400,1,81,7.14195028588
speedup,rastrigin,300,400,1,82,7.14195028588
speedup,rastrigin,300,400,1,83,7.14195028588
speedup,rastrigin,300,400,1,84,7.14195028588
speedup,rastrigin,300,400,1,85,7.14195028588
speedup,rastrigin,300,400,1,86,7.14195028588
speedup,rastrigin,300,400,1,87,7.14195028588
speedup,rastrigin,300,400,1,88,7.14195028588
speedup,rastrigin,300,400,1,89,7.14195028588
speedup,rastrigin,300,400,1,90,7.14195028588
speedup,rastrigin,300,400,1,91,7.14195028588
speedup,rastrigin,300,400,1,92,7.14195028588
speedup,rastrigin,300,400,1,93,7.14195028588
speedup,rastrigin,300,400,1,94,7.14195028588
speedup,rastrigin,300,400,1,95,7.14195028588
speedup,rastrigin,300,400,1,96,7.14195028588
speedup,rastrigin,300,400,1,97,6.84532408322
speedup,rastrigin,300,400,1,98,6.84532408322
speedup,rastrigin,300,400,1,99,6.84532408322
speedup,rastrigin,300,400,1,100,6.84532408322
speedup,rastrigin,300,400,1,101,6.84532408322
speedup,rastrigin,300,400,1,102,6.84532408322
speedup,rastrigin,300,400,1,103,6.84532408322
speedup,rastrigin,300,400,1,104,6.84532408322
speedup,rastrigin,300,400,1,105,6.84532408322
speedup,rastrigin,300,400,1,106,6.84532408322
speedup,rastrigin,300,400,1,107,6.84532408322
speedup,rastrigin,300,400,1,108,6.84532408322
speedup,rastrigin,300,400,1,109,6.84532408322
speedup,rastrigin,300,400,1,110,6.84532408322
speedup,rastrigin,300,400,1,111,6.84532408322
speedup,rastrigin,300,400,1,112,6.42849376815
speedup,rastrigin,300,400,1,113,5.19852418306
speedup,rastrigin,300,400,1,114,5.19852418306
speedup,rastrigin,300,400,1,115,5.19852418306
speedup,rastrigin,300,400,1,116,5.04914897939
speedup,rastrigin,300,400,1,117,5.04914897939
speedup,rastrigin,300,400,1,118,5.04914897939
speedup,rastrigin,300,400,1,119,5.04914897939
speedup,rastrigin,300,400,1,120,5.04914897939
speedup,rastrigin,300,400,1,121,5.04914897939
speedup,rastrigin,300,400,1,122,5.04914897939
speedup,rastrigin,300,400,1,123,5.04914897939
speedup,rastrigin,300,400,1,124,5.04914897939
speedup,rastrigin,300,400,1,125,5.04914897939
speedup,rastrigin,300,400,1,126,5.04914897939
speedup,rastrigin,300,400,1,127,5.02504740035
speedup,rastrigin,300,400,1,128,5.02504740035
speedup,rastrigin,300,400,1,129,5.02504740035
speedup,rastrigin,300,400,1,130,5.02504740035
speedup,rastrigin,300,400,1,131,4.22918048812
speedup,rastrigin,300,400,1,132,4.22918048812
speedup,rastrigin,300,400,1,133,4.22918048812
speedup,rastrigin,300,400,1,134,4.22918048812
speedup,rastrigin,300,400,1,135,4.22918048812
speedup,rastrigin,300,400,1,136,4.22918048812
speedup,rastrigin,300,400,1,137,4.22918048812
speedup,rastrigin,300,400,1,138,4.22918048812
speedup,rastrigin,300,400,1,139,4.22918048812
speedup,rastrigin,300,400,1,140,4.22918048812
speedup,rastrigin,300,400,1,141,4.18288728061
speedup,rastrigin,300,400,1,142,4.18288728061
speedup,rastrigin,300,400,1,143,4.18288728061
speedup,rastrigin,300,400,1,144,4.18288728061
speedup,rastrigin,300,400,1,145,4.18288728061
speedup,rastrigin,300,400,1,146,4.18288728061
speedup,rastrigin,300,400,1,147,3.99360244761
speedup,rastrigin,300,400,1,148,3.99360244761
speedup,rastrigin,300,400,1,149,3.99360244761
speedup,rastrigin,300,400,1,150,3.99360244761
speedup,rastrigin,300,400,1,151,3.99360244761
speedup,rastrigin,300,400,1,152,3.99360244761
speedup,rastrigin,300,400,1,153,3.99360244761
speedup,rastrigin,300,400,1,154,3.99360244761
speedup,rastrigin,300,400,1,155,3.99360244761
speedup,rastrigin,300,400,1,156,3.99360244761
speedup,rastrigin,300,400,1,157,3.99360244761
speedup,rastrigin,300,400,1,158,3.99360244761
speedup,rastrigin,300,400,1,159,3.99360244761
speedup,rastrigin,300,400,1,160,3.99360244761
speedup,rastrigin,300,400,1,161,3.99360244761
speedup,rastrigin,300,400,1,162,3.99360244761
speedup,rastrigin,300,400,1,163,3.99360244761
speedup,rastrigin,300,400,1,164,3.99360244761
speedup,rastrigin,300,400,1,165,3.99360244761
speedup,rastrigin,300,400,1,166,3.99360244761
speedup,rastrigin,300,400,1,167,3.99360244761
speedup,rastrigin,300,400,1,168,3.99360244761
speedup,rastrigin,300,400,1,169,3.99360244761
speedup,rastrigin,300,400,1,170,3.99360244761
speedup,rastrigin,300,400,1,171,3.99360244761
speedup,rastrigin,300,400,1,172,3.99360244761
speedup,rastrigin,300,400,1,173,3.99360244761
speedup,rastrigin,300,400,1,174,3.99360244761
speedup,rastrigin,300,400,1,175,3.99360244761
speedup,rastrigin,300,400,1,176,3.99360244761
speedup,rastrigin,300,400,1,177,3.99360244761
speedup,rastrigin,300,400,1,178,3.99360244761
speedup,rastrigin,300,400,1,179,3.99360244761
speedup,rastrigin,300,400,1,180,3.99360244761
speedup,rastrigin,300,400,1,181,3.99360244761
speedup,rastrigin,300,400,1,182,3.99360244761
speedup,rastrigin,300,400,1,183,3.99360244761
speedup,rastrigin,300,400,1,184,3.99360244761
speedup,rastrigin,300,400,1,185,3.99360244761
speedup,rastrigin,300,400,1,186,3.99360244761
speedup,rastrigin,300,400,1,187,3.99360244761
speedup,rastrigin,300,400,1,188,3.99360244761
speedup,rastrigin,300,400,1,189,3.99360244761
speedup,rastrigin,300,400,1,190,3.99360244761
speedup,rastrigin,300,400,1,191,3.99360244761
speedup,rastrigin,300,400,1,192,3.99360244761
speedup,rastrigin,300,400,1,193,3.99360244761
speedup,rastrigin,300,400,1,194,3.99360244761
speedup,rastrigin,300,400,1,195,3.99360244761
speedup,rastrigin,300,400,1,196,3.99360244761
speedup,rastrigin,300,400,1,197,3.99360244761
speedup,rastrigin,300,400,1,198,3.99360244761
speedup,rastrigin,300,400,1,199,3.99360244761
speedup,rastrigin,300,400,1,200,3.99360244761
speedup,rastrigin,300,400,1,201,3.17743637518
speedup,rastrigin,300,400,1,202,3.17743637518
speedup,rastrigin,300,400,1,203,3.17743637518
speedup,rastrigin,300,400,1,204,3.17743637518
speedup,rastrigin,300,400,1,205,3.17743637518
speedup,rastrigin,300,400,1,206,3.17743637518
speedup,rastrigin,300,400,1,207,3.17743637518
speedup,rastrigin,300,400,1,208,3.17743637518
speedup,rastrigin,300,400,1,209,3.17743637518
speedup,rastrigin,300,400,1,210,3.17743637518
speedup,rastrigin,300,400,1,211,3.17743637518
speedup,rastrigin,300,400,1,212,3.17743637518
speedup,rastrigin,300,400,1,213,3.17743637518
speedup,rastrigin,300,400,1,214,3.17743637518
speedup,rastrigin,300,400,1,215,3.17743637518
speedup,rastrigin,300,400,1,216,3.17743637518
speedup,rastrigin,300,400,1,217,3.17743637518
speedup,rastrigin,300,400,1,218,3.17743637518
speedup,rastrigin,300,400,1,219,3.17743637518
speedup,rastrigin,300,400,1,220,3.17743637518
speedup,rastrigin,300,400,1,221,3.17743637518
speedup,rastrigin,300,400,1,222,3.17743637518
speedup,rastrigin,300,400,1,223,3.17743637518
speedup,rastrigin,300,400,1,224,3.08952812472
speedup,rastrigin,300,400,1,225,3.08952812472
speedup,rastrigin,300,400,1,226,3.08952812472
speedup,rastrigin,300,400,1,227,3.08952812472
speedup,rastrigin,300,400,1,228,3.08952812472
speedup,rastrigin,300,400,1,229,3.08952812472
speedup,rastrigin,300,400,1,230,3.08952812472
speedup,rastrigin,300,400,1,231,3.08952812472
speedup,rastrigin,300,400,1,232,3.08952812472
speedup,rastrigin,300,400,1,233,3.08952812472
speedup,rastrigin,300,400,1,234,3.08952812472
speedup,rastrigin,300,400,1,235,3.08952812472
speedup,rastrigin,300,400,1,236,3.08952812472
speedup,rastrigin,300,400,1,237,3.08952812472
speedup,rastrigin,300,400,1,238,3.06438919103
speedup,rastrigin,300,400,1,239,3.06438919103
speedup,rastrigin,300,400,1,240,3.06438919103
speedup,rastrigin,300,400,1,241,3.01855965224
speedup,rastrigin,300,400,1,242,3.01855965224
speedup,rastrigin,300,400,1,243,3.01855965224
speedup,rastrigin,300,400,1,244,3.01855965224
speedup,rastrigin,300,400,1,245,3.01855965224
speedup,rastrigin,300,400,1,246,2.76803880872
speedup,rastrigin,300,400,1,247,2.76803880872
speedup,rastrigin,300,400,1,248,2.76803880872
speedup,rastrigin,300,400,1,249,2.76803880872
speedup,rastrigin,300,400,1,250,2.76803880872
speedup,rastrigin,300,400,1,251,2.76803880872
speedup,rastrigin,300,400,1,252,2.76803880872
speedup,rastrigin,300,400,1,253,2.76803880872
speedup,rastrigin,300,400,1,254,2.76803880872
speedup,rastrigin,300,400,1,255,2.76803880872
speedup,rastrigin,300,400,1,256,2.76803880872
speedup,rastrigin,300,400,1,257,2.76803880872
speedup,rastrigin,300,400,1,258,2.76803880872
speedup,rastrigin,300,400,1,259,2.76803880872
speedup,rastrigin,300,400,1,260,2.76803880872
speedup,rastrigin,300,400,1,261,2.76803880872
speedup,rastrigin,300,400,1,262,2.76803880872
speedup,rastrigin,300,400,1,263,2.76803880872
speedup,rastrigin,300,400,1,264,2.76803880872
speedup,rastrigin,300,400,1,265,2.76803880872
speedup,rastrigin,300,400,1,266,2.76803880872
speedup,rastrigin,300,400,1,267,2.76803880872
speedup,rastrigin,300,400,1,268,2.76803880872
speedup,rastrigin,300,400,1,269,2.76803880872
speedup,rastrigin,300,400,1,270,2.76803880872
speedup,rastrigin,300,400,1,271,2.76803880872
speedup,rastrigin,300,400,1,272,2.76803880872
speedup,rastrigin,300,400,1,273,2.76803880872
speedup,rastrigin,300,400,1,274,2.76803880872
speedup,rastrigin,300,400,1,275,2.76803880872
speedup,rastrigin,300,400,1,276,1.86398823377
speedup,rastrigin,300,400,1,277,1.86398823377
speedup,rastrigin,300,400,1,278,1.86398823377
speedup,rastrigin,300,400,1,279,1.86398823377
speedup,rastrigin,300,400,1,280,1.86398823377
speedup,rastrigin,300,400,1,281,1.86398823377
speedup,rastrigin,300,400,1,282,1.86398823377
speedup,rastrigin,300,400,1,283,1.86398823377
speedup,rastrigin,300,400,1,284,1.86398823377
speedup,rastrigin,300,400,1,285,1.86398823377
speedup,rastrigin,300,400,1,286,1.86398823377
speedup,rastrigin,300,400,1,287,1.86398823377
speedup,rastrigin,300,400,1,288,1.86398823377
speedup,rastrigin,300,400,1,289,1.86398823377
speedup,rastrigin,300,400,1,290,1.86398823377
speedup,rastrigin,300,400,1,291,1.86398823377
speedup,rastrigin,300,400,1,292,1.86398823377
speedup,rastrigin,300,400,1,293,1.86398823377
speedup,rastrigin,300,400,1,294,1.86398823377
speedup,rastrigin,300,400,1,295,1.86398823377
speedup,rastrigin,300,400,1,296,1.86398823377
speedup,rastrigin,300,400,1,297,1.86398823377
speedup,rastrigin,300,400,1,298,1.86398823377
speedup,rastrigin,300,400,1,299,1.86398823377
speedup,rastrigin,300,400,1,300,1.86398823377
speedup,rastrigin,300,400,1,301,1.86398823377
speedup,rastrigin,300,400,1,302,1.86398823377
speedup,rastrigin,300,400,1,303,1.86398823377
speedup,rastrigin,300,400,1,304,1.86398823377
speedup,rastrigin,300,400,1,305,1.86398823377
speedup,rastrigin,300,400,1,306,1.86398823377
speedup,rastrigin,300,400,1,307,1.86398823377
speedup,rastrigin,300,400,1,308,1.86398823377
speedup,rastrigin,300,400,1,309,1.86398823377
speedup,rastrigin,300,400,1,310,1.86398823377
speedup,rastrigin,300,400,1,311,1.86398823377
speedup,rastrigin,300,400,1,312,1.86398823377
speedup,rastrigin,300,400,1,313,1.86398823377
speedup,rastrigin,300,400,1,314,1.86398823377
speedup,rastrigin,300,400,1,315,1.86398823377
speedup,rastrigin,300,400,1,316,1.86398823377
speedup,rastrigin,300,400,1,317,1.86398823377
speedup,rastrigin,300,400,1,318,1.86398823377
speedup,rastrigin,300,400,1,319,1.86398823377
speedup,rastrigin,300,400,1,320,1.86398823377
speedup,rastrigin,300,400,1,321,1.86398823377
speedup,rastrigin,300,400,1,322,1.86398823377
speedup,rastrigin,300,400,1,323,1.86398823377
speedup,rastrigin,300,400,1,324,1.86398823377
speedup,rastrigin,300,400,1,325,1.86398823377
speedup,rastrigin,300,400,1,326,1.86398823377
speedup,rastrigin,300,400,1,327,1.86398823377
speedup,rastrigin,300,400,1,328,1.86398823377
speedup,rastrigin,300,400,1,329,1.86398823377
speedup,rastrigin,300,400,1,330,1.86398823377
speedup,rastrigin,300,400,1,331,1.86398823377
speedup,rastrigin,300,400,1,332,1.86398823377
speedup,rastrigin,300,400,1,333,1.86398823377
speedup,rastrigin,300,400,1,334,1.86398823377
speedup,rastrigin,300,400,1,335,1.86398823377
speedup,rastrigin,300,400,1,336,1.86398823377
speedup,rastrigin,300,400,1,337,1.86398823377
speedup,rastrigin,300,400,1,338,1.86398823377
speedup,rastrigin,300,400,1,339,1.86398823377
speedup,rastrigin,300,400,1,340,1.86398823377
speedup,rastrigin,300,400,1,341,1.86398823377
speedup,rastrigin,300,400,1,342,1.86398823377
speedup,rastrigin,300,400,1,343,1.86398823377
speedup,rastrigin,300,400,1,344,1.86398823377
speedup,rastrigin,300,400,1,345,1.86398823377
speedup,rastrigin,300,400,1,346,1.86398823377
speedup,rastrigin,300,400,1,347,1.86398823377
speedup,rastrigin,300,400,1,348,1.86398823377
speedup,rastrigin,300,400,1,349,1.86398823377
speedup,rastrigin,300,400,1,350,1.86398823377
speedup,rastrigin,300,400,1,351,1.86398823377
speedup,rastrigin,300,400,1,352,1.86398823377
speedup,rastrigin,300,400,1,353,1.86398823377
speedup,rastrigin,300,400,1,354,1.86398823377
speedup,rastrigin,300,400,1,355,1.86398823377
speedup,rastrigin,300,400,1,356,1.86398823377
speedup,rastrigin,300,400,1,357,1.86398823377
speedup,rastrigin,300,400,1,358,1.86398823377
speedup,rastrigin,300,400,1,359,1.86398823377
speedup,rastrigin,300,400,1,360,1.86398823377
speedup,rastrigin,300,400,1,361,1.86398823377
speedup,rastrigin,300,400,1,362,1.86398823377
speedup,rastrigin,300,400,1,363,1.86398823377
speedup,rastrigin,300,400,1,364,1.63816362631
speedup,rastrigin,300,400,1,365,1.63816362631
speedup,rastrigin,300,400,1,366,1.63816362631
speedup,rastrigin,300,400,1,367,1.63816362631
speedup,rastrigin,300,400,1,368,1.63816362631
speedup,rastrigin,300,400,1,369,1.63816362631
speedup,rastrigin,300,400,1,370,1.63816362631
speedup,rastrigin,300,400,1,371,1.63816362631
speedup,rastrigin,300,400,1,372,1.63816362631
speedup,rastrigin,300,400,1,373,1.63816362631
speedup,rastrigin,300,400,1,374,1.63816362631
speedup,rastrigin,300,400,1,375,1.63816362631
speedup,rastrigin,300,400,1,376,1.63816362631
speedup,rastrigin,300,400,1,377,1.63816362631
speedup,rastrigin,300,400,1,378,1.63816362631
speedup,rastrigin,300,400,1,379,1.63816362631
speedup,rastrigin,300,400,1,380,1.63816362631
speedup,rastrigin,300,400,1,381,1.62062949093
speedup,rastrigin,300,400,1,382,1.62062949093
speedup,rastrigin,300,400,1,383,1.59896509657
speedup,rastrigin,300,400,1,384,1.59896509657
speedup,rastrigin,300,400,1,385,1.59896509657
speedup,rastrigin,300,400,1,386,1.53159009434
speedup,rastrigin,300,400,1,387,1.53159009434
speedup,rastrigin,300,400,1,388,1.47949355376
speedup,rastrigin,300,400,1,389,1.47949355376
speedup,rastrigin,300,400,1,390,1.47949355376
speedup,rastrigin,300,400,1,391,1.47949355376
speedup,rastrigin,300,400,1,392,1.47949355376
speedup,rastrigin,300,400,1,393,1.47949355376
speedup,rastrigin,300,400,1,394,1.47949355376
speedup,rastrigin,300,400,1,395,1.47949355376
speedup,rastrigin,300,400,1,396,1.47949355376
speedup,rastrigin,300,400,1,397,1.47949355376
speedup,rastrigin,300,400,1,398,1.44201662683
speedup,rastrigin,300,400,1,399,1.44201662683
speedup,rastrigin,300,400,1,400,1.44201662683
speedup,rastrigin,300,400,1,0,249.865655202
speedup,rastrigin,300,400,1,1,191.457843952
speedup,rastrigin,300,400,1,2,180.727965398
speedup,rastrigin,300,400,1,3,143.025279549
speedup,rastrigin,300,400,1,4,141.922342215
speedup,rastrigin,300,400,1,5,134.306726379
speedup,rastrigin,300,400,1,6,106.377682431
speedup,rastrigin,300,400,1,7,104.384572695
speedup,rastrigin,300,400,1,8,95.7446019813
speedup,rastrigin,300,400,1,9,95.7446019813
speedup,rastrigin,300,400,1,10,73.2750485104
speedup,rastrigin,300,400,1,11,68.7527820546
speedup,rastrigin,300,400,1,12,68.7527820546
speedup,rastrigin,300,400,1,13,60.7011162653
speedup,rastrigin,300,400,1,14,60.7011162653
speedup,rastrigin,300,400,1,15,60.7011162653
speedup,rastrigin,300,400,1,16,60.7011162653
speedup,rastrigin,300,400,1,17,43.2904077202
speedup,rastrigin,300,400,1,18,41.9454836514
speedup,rastrigin,300,400,1,19,41.9454836514
speedup,rastrigin,300,400,1,20,38.729371528
speedup,rastrigin,300,400,1,21,36.188784578
speedup,rastrigin,300,400,1,22,36.188784578
speedup,rastrigin,300,400,1,23,32.1049086617
speedup,rastrigin,300,400,1,24,32.1049086617
speedup,rastrigin,300,400,1,25,25.1561826625
speedup,rastrigin,300,400,1,26,25.1561826625
speedup,rastrigin,300,400,1,27,24.5860332382
speedup,rastrigin,300,400,1,28,24.5860332382
speedup,rastrigin,300,400,1,29,16.270140247
speedup,rastrigin,300,400,1,30,16.270140247
speedup,rastrigin,300,400,1,31,11.661114903
speedup,rastrigin,300,400,1,32,11.661114903
speedup,rastrigin,300,400,1,33,11.661114903
speedup,rastrigin,300,400,1,34,11.661114903
speedup,rastrigin,300,400,1,35,11.661114903
speedup,rastrigin,300,400,1,36,11.5450528594
speedup,rastrigin,300,400,1,37,11.5450528594
speedup,rastrigin,300,400,1,38,11.5450528594
speedup,rastrigin,300,400,1,39,6.48107437429
speedup,rastrigin,300,400,1,40,6.48107437429
speedup,rastrigin,300,400,1,41,6.48107437429
speedup,rastrigin,300,400,1,42,6.48107437429
speedup,rastrigin,300,400,1,43,6.14238077537
speedup,rastrigin,300,400,1,44,6.14238077537
speedup,rastrigin,300,400,1,45,5.81632099105
speedup,rastrigin,300,400,1,46,5.81632099105
speedup,rastrigin,300,400,1,47,5.81632099105
speedup,rastrigin,300,400,1,48,5.23879100031
speedup,rastrigin,300,400,1,49,4.39836907998
speedup,rastrigin,300,400,1,50,4.21181704656
speedup,rastrigin,300,400,1,51,4.13872737943
speedup,rastrigin,300,400,1,52,3.93421334983
speedup,rastrigin,300,400,1,53,3.86938668282
speedup,rastrigin,300,400,1,54,3.86938668282
speedup,rastrigin,300,400,1,55,3.86938668282
speedup,rastrigin,300,400,1,56,2.69488029273
speedup,rastrigin,300,400,1,57,2.69488029273
speedup,rastrigin,300,400,1,58,2.69488029273
speedup,rastrigin,300,400,1,59,2.69488029273
speedup,rastrigin,300,400,1,60,2.69488029273
speedup,rastrigin,300,400,1,61,2.69488029273
speedup,rastrigin,300,400,1,62,2.69488029273
speedup,rastrigin,300,400,1,63,2.69488029273
speedup,rastrigin,300,400,1,64,2.69488029273
speedup,rastrigin,300,400,1,65,2.69488029273
speedup,rastrigin,300,400,1,66,2.69488029273
speedup,rastrigin,300,400,1,67,2.69488029273
speedup,rastrigin,300,400,1,68,2.69488029273
speedup,rastrigin,300,400,1,69,2.69488029273
speedup,rastrigin,300,400,1,70,2.69488029273
speedup,rastrigin,300,400,1,71,2.69488029273
speedup,rastrigin,300,400,1,72,2.69488029273
speedup,rastrigin,300,400,1,73,2.69488029273
speedup,rastrigin,300,400,1,74,2.54988747578
speedup,rastrigin,300,400,1,75,2.54988747578
speedup,rastrigin,300,400,1,76,2.54988747578
speedup,rastrigin,300,400,1,77,2.54988747578
speedup,rastrigin,300,400,1,78,2.54988747578
speedup,rastrigin,300,400,1,79,2.54988747578
speedup,rastrigin,300,400,1,80,2.54988747578
speedup,rastrigin,300,400,1,81,2.51761115043
speedup,rastrigin,300,400,1,82,2.51761115043
speedup,rastrigin,300,400,1,83,2.51761115043
speedup,rastrigin,300,400,1,84,2.51761115043
speedup,rastrigin,300,400,1,85,2.51761115043
speedup,rastrigin,300,400,1,86,2.51761115043
speedup,rastrigin,300,400,1,87,2.51761115043
speedup,rastrigin,300,400,1,88,2.51761115043
speedup,rastrigin,300,400,1,89,2.51761115043
speedup,rastrigin,300,400,1,90,2.51761115043
speedup,rastrigin,300,400,1,91,2.51761115043
speedup,rastrigin,300,400,1,92,2.37132851876
speedup,rastrigin,300,400,1,93,2.37132851876
speedup,rastrigin,300,400,1,94,2.37132851876
speedup,rastrigin,300,400,1,95,2.37132851876
speedup,rastrigin,300,400,1,96,2.37132851876
speedup,rastrigin,300,400,1,97,2.37132851876
speedup,rastrigin,300,400,1,98,2.37132851876
speedup,rastrigin,300,400,1,99,2.27312974131
speedup,rastrigin,300,400,1,100,2.27312974131
speedup,rastrigin,300,400,1,101,2.27312974131
speedup,rastrigin,300,400,1,102,2.27312974131
speedup,rastrigin,300,400,1,103,2.27312974131
speedup,rastrigin,300,400,1,104,2.27312974131
speedup,rastrigin,300,400,1,105,2.27312974131
speedup,rastrigin,300,400,1,106,1.99844491677
speedup,rastrigin,300,400,1,107,1.99844491677
speedup,rastrigin,300,400,1,108,1.99844491677
speedup,rastrigin,300,400,1,109,1.99844491677
speedup,rastrigin,300,400,1,110,1.99844491677
speedup,rastrigin,300,400,1,111,1.99844491677
speedup,rastrigin,300,400,1,112,1.99844491677
speedup,rastrigin,300,400,1,113,1.99844491677
speedup,rastrigin,300,400,1,114,1.99844491677
speedup,rastrigin,300,400,1,115,1.99844491677
speedup,rastrigin,300,400,1,116,1.99844491677
speedup,rastrigin,300,400,1,117,1.99844491677
speedup,rastrigin,300,400,1,118,1.99844491677
speedup,rastrigin,300,400,1,119,1.67515700218
speedup,rastrigin,300,400,1,120,1.67515700218
speedup,rastrigin,300,400,1,121,1.67515700218
speedup,rastrigin,300,400,1,122,1.67515700218
speedup,rastrigin,300,400,1,123,1.67515700218
speedup,rastrigin,300,400,1,124,1.67515700218
speedup,rastrigin,300,400,1,125,1.67515700218
speedup,rastrigin,300,400,1,126,1.67515700218
speedup,rastrigin,300,400,1,127,1.67515700218
speedup,rastrigin,300,400,1,128,1.67515700218
speedup,rastrigin,300,400,1,129,1.67515700218
speedup,rastrigin,300,400,1,130,1.67515700218
speedup,rastrigin,300,400,1,131,1.67515700218
speedup,rastrigin,300,400,1,132,1.67515700218
speedup,rastrigin,300,400,1,133,1.67515700218
speedup,rastrigin,300,400,1,134,1.67515700218
speedup,rastrigin,300,400,1,135,1.67515700218
speedup,rastrigin,300,400,1,136,1.67515700218
speedup,rastrigin,300,400,1,137,1.67515700218
speedup,rastrigin,300,400,1,138,1.67515700218
speedup,rastrigin,300,400,1,139,1.67515700218
speedup,rastrigin,300,400,1,140,1.67515700218
speedup,rastrigin,300,400,1,141,1.67515700218
speedup,rastrigin,300,400,1,142,1.67515700218
speedup,rastrigin,300,400,1,143,1.67515700218
speedup,rastrigin,300,400,1,144,1.67515700218
speedup,rastrigin,300,400,1,145,1.67515700218
speedup,rastrigin,300,400,1,146,1.67515700218
speedup,rastrigin,300,400,1,147,1.67515700218
speedup,rastrigin,300,400,1,148,1.67515700218
speedup,rastrigin,300,400,1,149,1.67515700218
speedup,rastrigin,300,400,1,150,1.67515700218
speedup,rastrigin,300,400,1,151,1.67515700218
speedup,rastrigin,300,400,1,152,1.67515700218
speedup,rastrigin,300,400,1,153,1.67515700218
speedup,rastrigin,300,400,1,154,1.67515700218
speedup,rastrigin,300,400,1,155,1.64577610104
speedup,rastrigin,300,400,1,156,1.64577610104
speedup,rastrigin,300,400,1,157,1.64577610104
speedup,rastrigin,300,400,1,158,1.64577610104
speedup,rastrigin,300,400,1,159,1.64577610104
speedup,rastrigin,300,400,1,160,1.64577610104
speedup,rastrigin,300,400,1,161,1.54828040078
speedup,rastrigin,300,400,1,162,1.54828040078
speedup,rastrigin,300,400,1,163,1.54828040078
speedup,rastrigin,300,400,1,164,1.54828040078
speedup,rastrigin,300,400,1,165,1.54828040078
speedup,rastrigin,300,400,1,166,1.54828040078
speedup,rastrigin,300,400,1,167,1.54828040078
speedup,rastrigin,300,400,1,168,1.54828040078
speedup,rastrigin,300,400,1,169,1.54828040078
speedup,rastrigin,300,400,1,170,1.54828040078
speedup,rastrigin,300,400,1,171,1.54828040078
speedup,rastrigin,300,400,1,172,1.54828040078
speedup,rastrigin,300,400,1,173,1.54828040078
speedup,rastrigin,300,400,1,174,1.54828040078
speedup,rastrigin,300,400,1,175,1.54828040078
speedup,rastrigin,300,400,1,176,1.54828040078
speedup,rastrigin,300,400,1,177,1.54828040078
speedup,rastrigin,300,400,1,178,1.54828040078
speedup,rastrigin,300,400,1,179,1.54828040078
speedup,rastrigin,300,400,1,180,1.54828040078
speedup,rastrigin,300,400,1,181,1.54828040078
speedup,rastrigin,300,400,1,182,1.54828040078
speedup,rastrigin,300,400,1,183,1.54828040078
speedup,rastrigin,300,400,1,184,1.54828040078
speedup,rastrigin,300,400,1,185,1.54828040078
speedup,rastrigin,300,400,1,186,1.54828040078
speedup,rastrigin,300,400,1,187,1.54828040078
speedup,rastrigin,300,400,1,188,1.54828040078
speedup,rastrigin,300,400,1,189,1.54828040078
speedup,rastrigin,300,400,1,190,1.54828040078
speedup,rastrigin,300,400,1,191,1.43847976168
speedup,rastrigin,300,400,1,192,1.43847976168
speedup,rastrigin,300,400,1,193,1.43847976168
speedup,rastrigin,300,400,1,194,1.43847976168
speedup,rastrigin,300,400,1,195,1.43847976168
speedup,rastrigin,300,400,1,196,1.43847976168
speedup,rastrigin,300,400,1,197,1.43847976168
speedup,rastrigin,300,400,1,198,1.16945304474
speedup,rastrigin,300,400,1,199,1.16945304474
speedup,rastrigin,300,400,1,200,1.16945304474
speedup,rastrigin,300,400,1,201,1.16945304474
speedup,rastrigin,300,400,1,202,1.16945304474
speedup,rastrigin,300,400,1,203,1.16945304474
speedup,rastrigin,300,400,1,204,1.16945304474
speedup,rastrigin,300,400,1,205,1.16945304474
speedup,rastrigin,300,400,1,206,1.16945304474
speedup,rastrigin,300,400,1,207,1.16945304474
speedup,rastrigin,300,400,1,208,1.16945304474
speedup,rastrigin,300,400,1,209,1.16945304474
speedup,rastrigin,300,400,1,210,1.16945304474
speedup,rastrigin,300,400,1,211,1.16945304474
speedup,rastrigin,300,400,1,212,1.16945304474
speedup,rastrigin,300,400,1,213,1.16945304474
speedup,rastrigin,300,400,1,214,1.16945304474
speedup,rastrigin,300,400,1,215,1.16945304474
speedup,rastrigin,300,400,1,216,1.16945304474
speedup,rastrigin,300,400,1,217,1.16945304474
speedup,rastrigin,300,400,1,218,1.16945304474
speedup,rastrigin,300,400,1,219,1.16945304474
speedup,rastrigin,300,400,1,220,1.16945304474
speedup,rastrigin,300,400,1,221,1.16945304474
speedup,rastrigin,300,400,1,222,1.16945304474
speedup,rastrigin,300,400,1,223,1.16945304474
speedup,rastrigin,300,400,1,224,1.16945304474
speedup,rastrigin,300,400,1,225,1.16945304474
speedup,rastrigin,300,400,1,226,1.16945304474
speedup,rastrigin,300,400,1,227,1.16945304474
speedup,rastrigin,300,400,1,228,1.16945304474
speedup,rastrigin,300,400,1,229,1.16945304474
speedup,rastrigin,300,400,1,230,1.16945304474
speedup,rastrigin,300,400,1,231,1.16945304474
speedup,rastrigin,300,400,1,232,1.16945304474
speedup,rastrigin,300,400,1,233,1.16945304474
speedup,rastrigin,300,400,1,234,1.16945304474
speedup,rastrigin,300,400,1,235,1.16945304474
speedup,rastrigin,300,400,1,236,1.16945304474
speedup,rastrigin,300,400,1,237,1.16945304474
speedup,rastrigin,300,400,1,238,1.16945304474
speedup,rastrigin,300,400,1,239,1.16945304474
speedup,rastrigin,300,400,1,240,1.16945304474
speedup,rastrigin,300,400,1,241,1.16945304474
speedup,rastrigin,300,400,1,242,1.16945304474
speedup,rastrigin,300,400,1,243,1.16945304474
speedup,rastrigin,300,400,1,244,1.16945304474
speedup,rastrigin,300,400,1,245,1.16945304474
speedup,rastrigin,300,400,1,246,1.16945304474
speedup,rastrigin,300,400,1,247,1.16945304474
speedup,rastrigin,300,400,1,248,1.16945304474
speedup,rastrigin,300,400,1,249,1.16945304474
speedup,rastrigin,300,400,1,250,1.16945304474
speedup,rastrigin,300,400,1,251,1.16945304474
speedup,rastrigin,300,400,1,252,1.16945304474
speedup,rastrigin,300,400,1,253,1.16945304474
speedup,rastrigin,300,400,1,254,1.16945304474
speedup,rastrigin,300,400,1,255,1.16945304474
speedup,rastrigin,300,400,1,256,1.16945304474
speedup,rastrigin,300,400,1,257,1.16945304474
speedup,rastrigin,300,400,1,258,1.16945304474
speedup,rastrigin,300,400,1,259,1.16945304474
speedup,rastrigin,300,400,1,260,1.16945304474
speedup,rastrigin,300,400,1,261,1.16945304474
speedup,rastrigin,300,400,1,262,1.16945304474
speedup,rastrigin,300,400,1,263,1.16945304474
speedup,rastrigin,300,400,1,264,1.16945304474
speedup,rastrigin,300,400,1,265,1.16945304474
speedup,rastrigin,300,400,1,266,1.16945304474
speedup,rastrigin,300,400,1,267,1.16945304474
speedup,rastrigin,300,400,1,268,1.16945304474
speedup,rastrigin,300,400,1,269,1.16945304474
speedup,rastrigin,300,400,1,270,1.16945304474
speedup,rastrigin,300,400,1,271,1.16945304474
speedup,rastrigin,300,400,1,272,1.16945304474
speedup,rastrigin,300,400,1,273,1.16945304474
speedup,rastrigin,300,400,1,274,1.16945304474
speedup,rastrigin,300,400,1,275,1.16945304474
speedup,rastrigin,300,400,1,276,1.16945304474
speedup,rastrigin,300,400,1,277,1.16945304474
speedup,rastrigin,300,400,1,278,1.16945304474
speedup,rastrigin,300,400,1,279,1.16945304474
speedup,rastrigin,300,400,1,280,1.16945304474
speedup,rastrigin,300,400,1,281,1.16945304474
speedup,rastrigin,300,400,1,282,1.12070228567
speedup,rastrigin,300,400,1,283,0.914086421524
speedup,rastrigin,300,400,1,284,0.914086421524
speedup,rastrigin,300,400,1,285,0.914086421524
speedup,rastrigin,300,400,1,286,0.914086421524
speedup,rastrigin,300,400,1,287,0.914086421524
speedup,rastrigin,300,400,1,288,0.914086421524
speedup,rastrigin,300,400,1,289,0.881125866908
speedup,rastrigin,300,400,1,290,0.881125866908
speedup,rastrigin,300,400,1,291,0.881125866908
speedup,rastrigin,300,400,1,292,0.881125866908
speedup,rastrigin,300,400,1,293,0.881125866908
speedup,rastrigin,300,400,1,294,0.881125866908
speedup,rastrigin,300,400,1,295,0.881125866908
speedup,rastrigin,300,400,1,296,0.881125866908
speedup,rastrigin,300,400,1,297,0.881125866908
speedup,rastrigin,300,400,1,298,0.881125866908
speedup,rastrigin,300,400,1,299,0.881125866908
speedup,rastrigin,300,400,1,300,0.875133609332
speedup,rastrigin,300,400,1,301,0.875133609332
speedup,rastrigin,300,400,1,302,0.875133609332
speedup,rastrigin,300,400,1,303,0.875133609332
speedup,rastrigin,300,400,1,304,0.875133609332
speedup,rastrigin,300,400,1,305,0.875133609332
speedup,rastrigin,300,400,1,306,0.875133609332
speedup,rastrigin,300,400,1,307,0.875133609332
speedup,rastrigin,300,400,1,308,0.875133609332
speedup,rastrigin,300,400,1,309,0.875133609332
speedup,rastrigin,300,400,1,310,0.729744504304
speedup,rastrigin,300,400,1,311,0.729744504304
speedup,rastrigin,300,400,1,312,0.729744504304
speedup,rastrigin,300,400,1,313,0.729744504304
speedup,rastrigin,300,400,1,314,0.729744504304
speedup,rastrigin,300,400,1,315,0.729744504304
speedup,rastrigin,300,400,1,316,0.729744504304
speedup,rastrigin,300,400,1,317,0.729744504304
speedup,rastrigin,300,400,1,318,0.729744504304
speedup,rastrigin,300,400,1,319,0.633325536316
speedup,rastrigin,300,400,1,320,0.633325536316
speedup,rastrigin,300,400,1,321,0.633325536316
speedup,rastrigin,300,400,1,322,0.633325536316
speedup,rastrigin,300,400,1,323,0.633325536316
speedup,rastrigin,300,400,1,324,0.633325536316
speedup,rastrigin,300,400,1,325,0.633325536316
speedup,rastrigin,300,400,1,326,0.514838338909
speedup,rastrigin,300,400,1,327,0.514838338909
speedup,rastrigin,300,400,1,328,0.514838338909
speedup,rastrigin,300,400,1,329,0.443832494901
speedup,rastrigin,300,400,1,330,0.443832494901
speedup,rastrigin,300,400,1,331,0.401915091397
speedup,rastrigin,300,400,1,332,0.401915091397
speedup,rastrigin,300,400,1,333,0.401915091397
speedup,rastrigin,300,400,1,334,0.401915091397
speedup,rastrigin,300,400,1,335,0.401915091397
speedup,rastrigin,300,400,1,336,0.401915091397
speedup,rastrigin,300,400,1,337,0.401915091397
speedup,rastrigin,300,400,1,338,0.401915091397
speedup,rastrigin,300,400,1,339,0.401915091397
speedup,rastrigin,300,400,1,340,0.401915091397
speedup,rastrigin,300,400,1,341,0.401915091397
speedup,rastrigin,300,400,1,342,0.401915091397
speedup,rastrigin,300,400,1,343,0.401915091397
speedup,rastrigin,300,400,1,344,0.401915091397
speedup,rastrigin,300,400,1,345,0.401915091397
speedup,rastrigin,300,400,1,346,0.401915091397
speedup,rastrigin,300,400,1,347,0.401915091397
speedup,rastrigin,300,400,1,348,0.401915091397
speedup,rastrigin,300,400,1,349,0.401915091397
speedup,rastrigin,300,400,1,350,0.401915091397
speedup,rastrigin,300,400,1,351,0.401915091397
speedup,rastrigin,300,400,1,352,0.401915091397
speedup,rastrigin,300,400,1,353,0.401915091397
speedup,rastrigin,300,400,1,354,0.401915091397
speedup,rastrigin,300,400,1,355,0.401915091397
speedup,rastrigin,300,400,1,356,0.401915091397
speedup,rastrigin,300,400,1,357,0.401915091397
speedup,rastrigin,300,400,1,358,0.401915091397
speedup,rastrigin,300,400,1,359,0.397475198844
speedup,rastrigin,300,400,1,360,0.397475198844
speedup,rastrigin,300,400,1,361,0.397475198844
speedup,rastrigin,300,400,1,362,0.397475198844
speedup,rastrigin,300,400,1,363,0.397475198844
speedup,rastrigin,300,400,1,364,0.380842335684
speedup,rastrigin,300,400,1,365,0.380842335684
speedup,rastrigin,300,400,1,366,0.380842335684
speedup,rastrigin,300,400,1,367,0.380842335684
speedup,rastrigin,300,400,1,368,0.380842335684
speedup,rastrigin,300,400,1,369,0.380842335684
speedup,rastrigin,300,400,1,370,0.380842335684
speedup,rastrigin,300,400,1,371,0.380842335684
speedup,rastrigin,300,400,1,372,0.380842335684
speedup,rastrigin,300,400,1,373,0.380842335684
speedup,rastrigin,300,400,1,374,0.380842335684
speedup,rastrigin,300,400,1,375,0.380842335684
speedup,rastrigin,300,400,1,376,0.380842335684
speedup,rastrigin,300,400,1,377,0.380842335684
speedup,rastrigin,300,400,1,378,0.380842335684
speedup,rastrigin,300,400,1,379,0.380842335684
speedup,rastrigin,300,400,1,380,0.380842335684
speedup,rastrigin,300,400,1,381,0.380842335684
speedup,rastrigin,300,400,1,382,0.380842335684
speedup,rastrigin,300,400,1,383,0.380842335684
speedup,rastrigin,300,400,1,384,0.380842335684
speedup,rastrigin,300,400,1,385,0.380842335684
speedup,rastrigin,300,400,1,386,0.380842335684
speedup,rastrigin,300,400,1,387,0.380842335684
speedup,rastrigin,300,400,1,388,0.380842335684
speedup,rastrigin,300,400,1,389,0.380842335684
speedup,rastrigin,300,400,1,390,0.380842335684
speedup,rastrigin,300,400,1,391,0.380842335684
speedup,rastrigin,300,400,1,392,0.380842335684
speedup,rastrigin,300,400,1,393,0.380842335684
speedup,rastrigin,300,400,1,394,0.380842335684
speedup,rastrigin,300,400,1,395,0.380842335684
speedup,rastrigin,300,400,1,396,0.380842335684
speedup,rastrigin,300,400,1,397,0.380842335684
speedup,rastrigin,300,400,1,398,0.380842335684
speedup,rastrigin,300,400,1,399,0.380842335684
speedup,rastrigin,300,400,1,400,0.380842335684
speedup,rastrigin,300,400,1,0,243.104882831
speedup,rastrigin,300,400,1,1,184.980375193
speedup,rastrigin,300,400,1,2,168.922422846
speedup,rastrigin,300,400,1,3,154.221075061
speedup,rastrigin,300,400,1,4,120.716537741
speedup,rastrigin,300,400,1,5,118.94049343
speedup,rastrigin,300,400,1,6,118.94049343
speedup,rastrigin,300,400,1,7,91.4935206242
speedup,rastrigin,300,400,1,8,78.400786492
speedup,rastrigin,300,400,1,9,78.400786492
speedup,rastrigin,300,400,1,10,78.400786492
speedup,rastrigin,300,400,1,11,78.400786492
speedup,rastrigin,300,400,1,12,78.400786492
speedup,rastrigin,300,400,1,13,78.400786492
speedup,rastrigin,300,400,1,14,76.6370184529
speedup,rastrigin,300,400,1,15,74.2212899748
speedup,rastrigin,300,400,1,16,61.4227711805
speedup,rastrigin,300,400,1,17,60.6842958632
speedup,rastrigin,300,400,1,18,42.9678604046
speedup,rastrigin,300,400,1,19,42.9678604046
speedup,rastrigin,300,400,1,20,42.8081005598
speedup,rastrigin,300,400,1,21,36.8471635342
speedup,rastrigin,300,400,1,22,36.8471635342
speedup,rastrigin,300,400,1,23,29.4235070173
speedup,rastrigin,300,400,1,24,29.4235070173
speedup,rastrigin,300,400,1,25,29.4235070173
speedup,rastrigin,300,400,1,26,27.1780157481
speedup,rastrigin,300,400,1,27,27.1780157481
speedup,rastrigin,300,400,1,28,27.1780157481
speedup,rastrigin,300,400,1,29,27.1780157481
speedup,rastrigin,300,400,1,30,24.1006390989
speedup,rastrigin,300,400,1,31,24.1006390989
speedup,rastrigin,300,400,1,32,22.7096922904
speedup,rastrigin,300,400,1,33,20.5640757322
speedup,rastrigin,300,400,1,34,17.7172516345
speedup,rastrigin,300,400,1,35,17.7172516345
speedup,rastrigin,300,400,1,36,17.7172516345
speedup,rastrigin,300,400,1,37,17.7172516345
speedup,rastrigin,300,400,1,38,17.7172516345
speedup,rastrigin,300,400,1,39,15.6047984353
speedup,rastrigin,300,400,1,40,15.6047984353
speedup,rastrigin,300,400,1,41,15.6047984353
speedup,rastrigin,300,400,1,42,14.8362409431
speedup,rastrigin,300,400,1,43,14.0832323668
speedup,rastrigin,300,400,1,44,14.0832323668
speedup,rastrigin,300,400,1,45,14.0832323668
speedup,rastrigin,300,400,1,46,14.0832323668
speedup,rastrigin,300,400,1,47,14.0832323668
speedup,rastrigin,300,400,1,48,14.0832323668
speedup,rastrigin,300,400,1,49,14.0832323668
speedup,rastrigin,300,400,1,50,14.0832323668
speedup,rastrigin,300,400,1,51,14.0832323668
speedup,rastrigin,300,400,1,52,12.7877201128
speedup,rastrigin,300,400,1,53,12.7877201128
speedup,rastrigin,300,400,1,54,12.7877201128
speedup,rastrigin,300,400,1,55,12.7877201128
speedup,rastrigin,300,400,1,56,12.7877201128
speedup,rastrigin,300,400,1,57,12.7800575283
speedup,rastrigin,300,400,1,58,12.7800575283
speedup,rastrigin,300,400,1,59,12.5280417242
speedup,rastrigin,300,400,1,60,11.2314581276
speedup,rastrigin,300,400,1,61,11.2314581276
speedup,rastrigin,300,400,1,62,11.2314581276
speedup,rastrigin,300,400,1,63,11.2314581276
speedup,rastrigin,300,400,1,64,11.2314581276
speedup,rastrigin,300,400,1,65,11.2314581276
speedup,rastrigin,300,400,1,66,11.2314581276
speedup,rastrigin,300,400,1,67,10.7341729329
speedup,rastrigin,300,400,1,68,10.7341729329
speedup,rastrigin,300,400,1,69,10.7341729329
speedup,rastrigin,300,400,1,70,10.7341729329
speedup,rastrigin,300,400,1,71,10.7341729329
speedup,rastrigin,300,400,1,72,10.7341729329
speedup,rastrigin,300,400,1,73,10.7341729329
speedup,rastrigin,300,400,1,74,10.7341729329
speedup,rastrigin,300,400,1,75,9.00444762621
speedup,rastrigin,300,400,1,76,8.68003446917
speedup,rastrigin,300,400,1,77,8.68003446917
speedup,rastrigin,300,400,1,78,8.68003446917
speedup,rastrigin,300,400,1,79,6.92916418108
speedup,rastrigin,300,400,1,80,6.92916418108
speedup,rastrigin,300,400,1,81,6.92916418108
speedup,rastrigin,300,400,1,82,6.92916418108
speedup,rastrigin,300,400,1,83,6.92916418108
speedup,rastrigin,300,400,1,84,6.92916418108
speedup,rastrigin,300,400,1,85,6.92916418108
speedup,rastrigin,300,400,1,86,6.92916418108
speedup,rastrigin,300,400,1,87,6.92916418108
speedup,rastrigin,300,400,1,88,6.92916418108
speedup,rastrigin,300,400,1,89,6.92916418108
speedup,rastrigin,300,400,1,90,6.92916418108
speedup,rastrigin,300,400,1,91,6.92916418108
speedup,rastrigin,300,400,1,92,6.92916418108
speedup,rastrigin,300,400,1,93,6.92916418108
speedup,rastrigin,300,400,1,94,6.92916418108
speedup,rastrigin,300,400,1,95,6.92916418108
speedup,rastrigin,300,400,1,96,6.92916418108
speedup,rastrigin,300,400,1,97,6.17664840757
speedup,rastrigin,300,400,1,98,6.17664840757
speedup,rastrigin,300,400,1,99,6.17664840757
speedup,rastrigin,300,400,1,100,6.17664840757
speedup,rastrigin,300,400,1,101,6.17664840757
speedup,rastrigin,300,400,1,102,6.17664840757
speedup,rastrigin,300,400,1,103,6.17664840757
speedup,rastrigin,300,400,1,104,6.17664840757
speedup,rastrigin,300,400,1,105,6.17664840757
speedup,rastrigin,300,400,1,106,6.17664840757
speedup,rastrigin,300,400,1,107,6.15954996911
speedup,rastrigin,300,400,1,108,6.15954996911
speedup,rastrigin,300,400,1,109,6.15954996911
speedup,rastrigin,300,400,1,110,5.61533307091
speedup,rastrigin,300,400,1,111,5.61533307091
speedup,rastrigin,300,400,1,112,5.61533307091
speedup,rastrigin,300,400,1,113,5.61533307091
speedup,rastrigin,300,400,1,114,5.61533307091
speedup,rastrigin,300,400,1,115,5.61533307091
speedup,rastrigin,300,400,1,116,5.4646549001
speedup,rastrigin,300,400,1,117,5.4646549001
speedup,rastrigin,300,400,1,118,5.12931646509
speedup,rastrigin,300,400,1,119,5.12931646509
speedup,rastrigin,300,400,1,120,5.12931646509
speedup,rastrigin,300,400,1,121,5.12931646509
speedup,rastrigin,300,400,1,122,5.12931646509
speedup,rastrigin,300,400,1,123,4.70908100672
speedup,rastrigin,300,400,1,124,4.70908100672
speedup,rastrigin,300,400,1,125,4.70908100672
speedup,rastrigin,300,400,1,126,4.70908100672
speedup,rastrigin,300,400,1,127,4.70908100672
speedup,rastrigin,300,400,1,128,4.70908100672
speedup,rastrigin,300,400,1,129,4.70908100672
speedup,rastrigin,300,400,1,130,4.70908100672
speedup,rastrigin,300,400,1,131,4.70908100672
speedup,rastrigin,300,400,1,132,4.70908100672
speedup,rastrigin,300,400,1,133,4.70908100672
speedup,rastrigin,300,400,1,134,4.70908100672
speedup,rastrigin,300,400,1,135,4.70908100672
speedup,rastrigin,300,400,1,136,4.70908100672
speedup,rastrigin,300,400,1,137,4.70908100672
speedup,rastrigin,300,400,1,138,4.50305850561
speedup,rastrigin,300,400,1,139,4.50305850561
speedup,rastrigin,300,400,1,140,4.50305850561
speedup,rastrigin,300,400,1,141,4.50305850561
speedup,rastrigin,300,400,1,142,4.50305850561
speedup,rastrigin,300,400,1,143,4.50305850561
speedup,rastrigin,300,400,1,144,4.42754502859
speedup,rastrigin,300,400,1,145,4.42754502859
speedup,rastrigin,300,400,1,146,3.92843045227
speedup,rastrigin,300,400,1,147,3.92843045227
speedup,rastrigin,300,400,1,148,3.92843045227
speedup,rastrigin,300,400,1,149,3.92843045227
speedup,rastrigin,300,400,1,150,3.92843045227
speedup,rastrigin,300,400,1,151,3.92843045227
speedup,rastrigin,300,400,1,152,3.92843045227
speedup,rastrigin,300,400,1,153,3.92843045227
speedup,rastrigin,300,400,1,154,3.92843045227
speedup,rastrigin,300,400,1,155,3.92843045227
speedup,rastrigin,300,400,1,156,3.92843045227
speedup,rastrigin,300,400,1,157,3.92843045227
speedup,rastrigin,300,400,1,158,3.92843045227
speedup,rastrigin,300,400,1,159,3.92843045227
speedup,rastrigin,300,400,1,160,3.84531041827
speedup,rastrigin,300,400,1,161,3.84531041827
speedup,rastrigin,300,400,1,162,3.84531041827
speedup,rastrigin,300,400,1,163,3.84531041827
speedup,rastrigin,300,400,1,164,3.84531041827
speedup,rastrigin,300,400,1,165,3.84531041827
speedup,rastrigin,300,400,1,166,3.84531041827
speedup,rastrigin,300,400,1,167,3.84531041827
speedup,rastrigin,300,400,1,168,3.84531041827
speedup,rastrigin,300,400,1,169,3.84531041827
speedup,rastrigin,300,400,1,170,3.84531041827
speedup,rastrigin,300,400,1,171,3.84531041827
speedup,rastrigin,300,400,1,172,3.84531041827
speedup,rastrigin,300,400,1,173,3.84531041827
speedup,rastrigin,300,400,1,174,3.84531041827
speedup,rastrigin,300,400,1,175,3.84531041827
speedup,rastrigin,300,400,1,176,3.84531041827
speedup,rastrigin,300,400,1,177,2.88920130051
speedup,rastrigin,300,400,1,178,2.88920130051
speedup,rastrigin,300,400,1,179,2.88920130051
speedup,rastrigin,300,400,1,180,2.88920130051
speedup,rastrigin,300,400,1,181,2.88920130051
speedup,rastrigin,300,400,1,182,2.88920130051
speedup,rastrigin,300,400,1,183,2.88920130051
speedup,rastrigin,300,400,1,184,2.88920130051
speedup,rastrigin,300,400,1,185,2.88920130051
speedup,rastrigin,300,400,1,186,2.88920130051
speedup,rastrigin,300,400,1,187,2.88920130051
speedup,rastrigin,300,400,1,188,2.88920130051
speedup,rastrigin,300,400,1,189,2.88920130051
speedup,rastrigin,300,400,1,190,2.88920130051
speedup,rastrigin,300,400,1,191,2.88920130051
speedup,rastrigin,300,400,1,192,2.88920130051
speedup,rastrigin,300,400,1,193,2.88920130051
speedup,rastrigin,300,400,1,194,2.88920130051
speedup,rastrigin,300,400,1,195,2.88920130051
speedup,rastrigin,300,400,1,196,2.88920130051
speedup,rastrigin,300,400,1,197,2.88920130051
speedup,rastrigin,300,400,1,198,2.88920130051
speedup,rastrigin,300,400,1,199,2.88920130051
speedup,rastrigin,300,400,1,200,2.88920130051
speedup,rastrigin,300,400,1,201,2.88920130051
speedup,rastrigin,300,400,1,202,2.88920130051
speedup,rastrigin,300,400,1,203,2.88920130051
speedup,rastrigin,300,400,1,204,2.88920130051
speedup,rastrigin,300,400,1,205,2.88920130051
speedup,rastrigin,300,400,1,206,2.88920130051
speedup,rastrigin,300,400,1,207,2.88920130051
speedup,rastrigin,300,400,1,208,2.88920130051
speedup,rastrigin,300,400,1,209,2.88920130051
speedup,rastrigin,300,400,1,210,2.88920130051
speedup,rastrigin,300,400,1,211,2.88920130051
speedup,rastrigin,300,400,1,212,2.88920130051
speedup,rastrigin,300,400,1,213,2.88920130051
speedup,rastrigin,300,400,1,214,2.88920130051
speedup,rastrigin,300,400,1,215,2.88920130051
speedup,rastrigin,300,400,1,216,2.88920130051
speedup,rastrigin,300,400,1,217,2.88920130051
speedup,rastrigin,300,400,1,218,2.88920130051
speedup,rastrigin,300,400,1,219,2.88920130051
speedup,rastrigin,300,400,1,220,2.88920130051
speedup,rastrigin,300,400,1,221,2.88920130051
speedup,rastrigin,300,400,1,222,2.88920130051
speedup,rastrigin,300,400,1,223,2.88920130051
speedup,rastrigin,300,400,1,224,2.88920130051
speedup,rastrigin,300,400,1,225,2.88920130051
speedup,rastrigin,300,400,1,226,2.88920130051
speedup,rastrigin,300,400,1,227,2.88920130051
speedup,rastrigin,300,400,1,228,2.88920130051
speedup,rastrigin,300,400,1,229,2.88920130051
speedup,rastrigin,300,400,1,230,2.88920130051
speedup,rastrigin,300,400,1,231,2.88920130051
speedup,rastrigin,300,400,1,232,2.88920130051
speedup,rastrigin,300,400,1,233,2.88920130051
speedup,rastrigin,300,400,1,234,2.88920130051
speedup,rastrigin,300,400,1,235,2.88920130051
speedup,rastrigin,300,400,1,236,2.88920130051
speedup,rastrigin,300,400,1,237,2.88920130051
speedup,rastrigin,300,400,1,238,2.88920130051
speedup,rastrigin,300,400,1,239,2.88920130051
speedup,rastrigin,300,400,1,240,2.88920130051
speedup,rastrigin,300,400,1,241,2.41933354159
speedup,rastrigin,300,400,1,242,2.41933354159
speedup,rastrigin,300,400,1,243,2.41933354159
speedup,rastrigin,300,400,1,244,2.41933354159
speedup,rastrigin,300,400,1,245,2.41933354159
speedup,rastrigin,300,400,1,246,2.41933354159
speedup,rastrigin,300,400,1,247,2.41933354159
speedup,rastrigin,300,400,1,248,2.41933354159
speedup,rastrigin,300,400,1,249,2.41933354159
speedup,rastrigin,300,400,1,250,2.41933354159
speedup,rastrigin,300,400,1,251,2.41933354159
speedup,rastrigin,300,400,1,252,2.41933354159
speedup,rastrigin,300,400,1,253,2.41933354159
speedup,rastrigin,300,400,1,254,2.41933354159
speedup,rastrigin,300,400,1,255,2.41933354159
speedup,rastrigin,300,400,1,256,2.41933354159
speedup,rastrigin,300,400,1,257,2.41933354159
speedup,rastrigin,300,400,1,258,2.41933354159
speedup,rastrigin,300,400,1,259,2.41933354159
speedup,rastrigin,300,400,1,260,2.37761948407
speedup,rastrigin,300,400,1,261,2.37761948407
speedup,rastrigin,300,400,1,262,2.37761948407
speedup,rastrigin,300,400,1,263,2.37761948407
speedup,rastrigin,300,400,1,264,2.37761948407
speedup,rastrigin,300,400,1,265,2.37761948407
speedup,rastrigin,300,400,1,266,2.37761948407
speedup,rastrigin,300,400,1,267,2.37761948407
speedup,rastrigin,300,400,1,268,2.37761948407
speedup,rastrigin,300,400,1,269,2.2881415327
speedup,rastrigin,300,400,1,270,2.2881415327
speedup,rastrigin,300,400,1,271,2.2881415327
speedup,rastrigin,300,400,1,272,2.2881415327
speedup,rastrigin,300,400,1,273,2.2881415327
speedup,rastrigin,300,400,1,274,2.2881415327
speedup,rastrigin,300,400,1,275,2.2881415327
speedup,rastrigin,300,400,1,276,2.2881415327
speedup,rastrigin,300,400,1,277,2.2881415327
speedup,rastrigin,300,400,1,278,2.2881415327
speedup,rastrigin,300,400,1,279,2.2881415327
speedup,rastrigin,300,400,1,280,2.2881415327
speedup,rastrigin,300,400,1,281,2.2881415327
speedup,rastrigin,300,400,1,282,2.2881415327
speedup,rastrigin,300,400,1,283,2.2881415327
speedup,rastrigin,300,400,1,284,2.2881415327
speedup,rastrigin,300,400,1,285,2.2881415327
speedup,rastrigin,300,400,1,286,2.2881415327
speedup,rastrigin,300,400,1,287,2.2881415327
speedup,rastrigin,300,400,1,288,2.2881415327
speedup,rastrigin,300,400,1,289,2.2881415327
speedup,rastrigin,300,400,1,290,2.25850154576
speedup,rastrigin,300,400,1,291,2.25850154576
speedup,rastrigin,300,400,1,292,2.20681075018
speedup,rastrigin,300,400,1,293,2.20681075018
speedup,rastrigin,300,400,1,294,2.20681075018
speedup,rastrigin,300,400,1,295,1.95830838571
speedup,rastrigin,300,400,1,296,1.95830838571
speedup,rastrigin,300,400,1,297,1.95830838571
speedup,rastrigin,300,400,1,298,1.95830838571
speedup,rastrigin,300,400,1,299,1.95830838571
speedup,rastrigin,300,400,1,300,1.95830838571
speedup,rastrigin,300,400,1,301,1.95830838571
speedup,rastrigin,300,400,1,302,1.95830838571
speedup,rastrigin,300,400,1,303,1.95830838571
speedup,rastrigin,300,400,1,304,1.95830838571
speedup,rastrigin,300,400,1,305,1.95830838571
speedup,rastrigin,300,400,1,306,1.95830838571
speedup,rastrigin,300,400,1,307,1.95830838571
speedup,rastrigin,300,400,1,308,1.95830838571
speedup,rastrigin,300,400,1,309,1.95830838571
speedup,rastrigin,300,400,1,310,1.95830838571
speedup,rastrigin,300,400,1,311,1.95830838571
speedup,rastrigin,300,400,1,312,1.95830838571
speedup,rastrigin,300,400,1,313,1.95830838571
speedup,rastrigin,300,400,1,314,1.95830838571
speedup,rastrigin,300,400,1,315,1.80597447353
speedup,rastrigin,300,400,1,316,1.80597447353
speedup,rastrigin,300,400,1,317,1.80597447353
speedup,rastrigin,300,400,1,318,1.79921063319
speedup,rastrigin,300,400,1,319,1.79921063319
speedup,rastrigin,300,400,1,320,1.79921063319
speedup,rastrigin,300,400,1,321,1.79921063319
speedup,rastrigin,300,400,1,322,1.70728909947
speedup,rastrigin,300,400,1,323,1.70728909947
speedup,rastrigin,300,400,1,324,1.66039269432
speedup,rastrigin,300,400,1,325,1.60265183616
speedup,rastrigin,300,400,1,326,1.60265183616
speedup,rastrigin,300,400,1,327,1.5226970227
speedup,rastrigin,300,400,1,328,1.44694371754
speedup,rastrigin,300,400,1,329,1.44694371754
speedup,rastrigin,300,400,1,330,1.44694371754
speedup,rastrigin,300,400,1,331,1.44694371754
speedup,rastrigin,300,400,1,332,1.44694371754
speedup,rastrigin,300,400,1,333,1.44694371754
speedup,rastrigin,300,400,1,334,1.41253033315
speedup,rastrigin,300,400,1,335,1.41253033315
speedup,rastrigin,300,400,1,336,1.41253033315
speedup,rastrigin,300,400,1,337,1.41253033315
speedup,rastrigin,300,400,1,338,1.41253033315
speedup,rastrigin,300,400,1,339,1.41253033315
speedup,rastrigin,300,400,1,340,1.41253033315
speedup,rastrigin,300,400,1,341,1.41253033315
speedup,rastrigin,300,400,1,342,1.41253033315
speedup,rastrigin,300,400,1,343,1.41253033315
speedup,rastrigin,300,400,1,344,1.41253033315
speedup,rastrigin,300,400,1,345,1.41253033315
speedup,rastrigin,300,400,1,346,1.41253033315
speedup,rastrigin,300,400,1,347,1.41253033315
speedup,rastrigin,300,400,1,348,1.41253033315
speedup,rastrigin,300,400,1,349,1.41253033315
speedup,rastrigin,300,400,1,350,1.41253033315
speedup,rastrigin,300,400,1,351,1.41253033315
speedup,rastrigin,300,400,1,352,0.696058956041
speedup,rastrigin,300,400,1,353,0.696058956041
speedup,rastrigin,300,400,1,354,0.696058956041
speedup,rastrigin,300,400,1,355,0.696058956041
speedup,rastrigin,300,400,1,356,0.696058956041
speedup,rastrigin,300,400,1,357,0.696058956041
speedup,rastrigin,300,400,1,358,0.696058956041
speedup,rastrigin,300,400,1,359,0.696058956041
speedup,rastrigin,300,400,1,360,0.696058956041
speedup,rastrigin,300,400,1,361,0.696058956041
speedup,rastrigin,300,400,1,362,0.696058956041
speedup,rastrigin,300,400,1,363,0.696058956041
speedup,rastrigin,300,400,1,364,0.696058956041
speedup,rastrigin,300,400,1,365,0.696058956041
speedup,rastrigin,300,400,1,366,0.696058956041
speedup,rastrigin,300,400,1,367,0.696058956041
speedup,rastrigin,300,400,1,368,0.696058956041
speedup,rastrigin,300,400,1,369,0.696058956041
speedup,rastrigin,300,400,1,370,0.696058956041
speedup,rastrigin,300,400,1,371,0.696058956041
speedup,rastrigin,300,400,1,372,0.696058956041
speedup,rastrigin,300,400,1,373,0.696058956041
speedup,rastrigin,300,400,1,374,0.696058956041
speedup,rastrigin,300,400,1,375,0.696058956041
speedup,rastrigin,300,400,1,376,0.696058956041
speedup,rastrigin,300,400,1,377,0.696058956041
speedup,rastrigin,300,400,1,378,0.696058956041
speedup,rastrigin,300,400,1,379,0.696058956041
speedup,rastrigin,300,400,1,380,0.696058956041
speedup,rastrigin,300,400,1,381,0.696058956041
speedup,rastrigin,300,400,1,382,0.696058956041
speedup,rastrigin,300,400,1,383,0.696058956041
speedup,rastrigin,300,400,1,384,0.551616356146
speedup,rastrigin,300,400,1,385,0.551616356146
speedup,rastrigin,300,400,1,386,0.551616356146
speedup,rastrigin,300,400,1,387,0.551616356146
speedup,rastrigin,300,400,1,388,0.551616356146
speedup,rastrigin,300,400,1,389,0.551616356146
speedup,rastrigin,300,400,1,390,0.551616356146
speedup,rastrigin,300,400,1,391,0.551616356146
speedup,rastrigin,300,400,1,392,0.551616356146
speedup,rastrigin,300,400,1,393,0.551616356146
speedup,rastrigin,300,400,1,394,0.551616356146
speedup,rastrigin,300,400,1,395,0.551616356146
speedup,rastrigin,300,400,1,396,0.551616356146
speedup,rastrigin,300,400,1,397,0.551616356146
speedup,rastrigin,300,400,1,398,0.551616356146
speedup,rastrigin,300,400,1,399,0.551616356146
speedup,rastrigin,300,400,1,400,0.551616356146
speedup,rastrigin,300,400,1,0,219.124050522
speedup,rastrigin,300,400,1,1,219.124050522
speedup,rastrigin,300,400,1,2,176.363285494
speedup,rastrigin,300,400,1,3,154.87390294
speedup,rastrigin,300,400,1,4,141.205602952
speedup,rastrigin,300,400,1,5,108.030628187
speedup,rastrigin,300,400,1,6,108.030628187
speedup,rastrigin,300,400,1,7,67.8469510045
speedup,rastrigin,300,400,1,8,67.8469510045
speedup,rastrigin,300,400,1,9,60.9179039889
speedup,rastrigin,300,400,1,10,60.9179039889
speedup,rastrigin,300,400,1,11,60.9179039889
speedup,rastrigin,300,400,1,12,60.9179039889
speedup,rastrigin,300,400,1,13,60.9179039889
speedup,rastrigin,300,400,1,14,60.9179039889
speedup,rastrigin,300,400,1,15,54.5869737601
speedup,rastrigin,300,400,1,16,43.2175232203
speedup,rastrigin,300,400,1,17,43.2175232203
speedup,rastrigin,300,400,1,18,43.2175232203
speedup,rastrigin,300,400,1,19,43.2175232203
speedup,rastrigin,300,400,1,20,43.2175232203
speedup,rastrigin,300,400,1,21,43.2175232203
speedup,rastrigin,300,400,1,22,43.2175232203
speedup,rastrigin,300,400,1,23,43.189206104
speedup,rastrigin,300,400,1,24,31.3735091717
speedup,rastrigin,300,400,1,25,31.3735091717
speedup,rastrigin,300,400,1,26,31.3735091717
speedup,rastrigin,300,400,1,27,31.3735091717
speedup,rastrigin,300,400,1,28,21.916053108
speedup,rastrigin,300,400,1,29,21.916053108
speedup,rastrigin,300,400,1,30,21.916053108
speedup,rastrigin,300,400,1,31,21.916053108
speedup,rastrigin,300,400,1,32,20.425335835
speedup,rastrigin,300,400,1,33,20.425335835
speedup,rastrigin,300,400,1,34,20.425335835
speedup,rastrigin,300,400,1,35,17.8252021543
speedup,rastrigin,300,400,1,36,17.8252021543
speedup,rastrigin,300,400,1,37,17.8252021543
speedup,rastrigin,300,400,1,38,16.5520594949
speedup,rastrigin,300,400,1,39,16.5520594949
speedup,rastrigin,300,400,1,40,16.5520594949
speedup,rastrigin,300,400,1,41,16.5520594949
speedup,rastrigin,300,400,1,42,15.2761505226
speedup,rastrigin,300,400,1,43,12.7248678239
speedup,rastrigin,300,400,1,44,12.7248678239
speedup,rastrigin,300,400,1,45,12.7248678239
speedup,rastrigin,300,400,1,46,12.7248678239
speedup,rastrigin,300,400,1,47,9.47385522554
speedup,rastrigin,300,400,1,48,9.47385522554
speedup,rastrigin,300,400,1,49,9.47385522554
speedup,rastrigin,300,400,1,50,9.47385522554
speedup,rastrigin,300,400,1,51,9.47385522554
speedup,rastrigin,300,400,1,52,8.76487039891
speedup,rastrigin,300,400,1,53,8.76487039891
speedup,rastrigin,300,400,1,54,7.25074083036
speedup,rastrigin,300,400,1,55,7.19076322499
speedup,rastrigin,300,400,1,56,6.85253737926
speedup,rastrigin,300,400,1,57,6.85253737926
speedup,rastrigin,300,400,1,58,5.74633336338
speedup,rastrigin,300,400,1,59,5.74633336338
speedup,rastrigin,300,400,1,60,5.74633336338
speedup,rastrigin,300,400,1,61,5.74633336338
speedup,rastrigin,300,400,1,62,5.74633336338
speedup,rastrigin,300,400,1,63,5.1854183906
speedup,rastrigin,300,400,1,64,5.1854183906
speedup,rastrigin,300,400,1,65,5.1854183906
speedup,rastrigin,300,400,1,66,5.1854183906
speedup,rastrigin,300,400,1,67,4.96041332483
speedup,rastrigin,300,400,1,68,4.96041332483
speedup,rastrigin,300,400,1,69,4.96041332483
speedup,rastrigin,300,400,1,70,4.96041332483
speedup,rastrigin,300,400,1,71,4.96041332483
speedup,rastrigin,300,400,1,72,4.86622797086
speedup,rastrigin,300,400,1,73,4.86622797086
speedup,rastrigin,300,400,1,74,4.86622797086
speedup,rastrigin,300,400,1,75,4.86622797086
speedup,rastrigin,300,400,1,76,4.86622797086
speedup,rastrigin,300,400,1,77,4.86622797086
speedup,rastrigin,300,400,1,78,4.86622797086
speedup,rastrigin,300,400,1,79,4.86622797086
speedup,rastrigin,300,400,1,80,4.64498668559
speedup,rastrigin,300,400,1,81,4.64498668559
speedup,rastrigin,300,400,1,82,4.46643862925
speedup,rastrigin,300,400,1,83,4.46643862925
speedup,rastrigin,300,400,1,84,4.45895368657
speedup,rastrigin,300,400,1,85,4.36234910618
speedup,rastrigin,300,400,1,86,4.36234910618
speedup,rastrigin,300,400,1,87,4.36234910618
speedup,rastrigin,300,400,1,88,4.36234910618
speedup,rastrigin,300,400,1,89,4.35792236418
speedup,rastrigin,300,400,1,90,4.35792236418
speedup,rastrigin,300,400,1,91,4.35792236418
speedup,rastrigin,300,400,1,92,4.35792236418
speedup,rastrigin,300,400,1,93,4.35792236418
speedup,rastrigin,300,400,1,94,4.28253043005
speedup,rastrigin,300,400,1,95,4.28253043005
speedup,rastrigin,300,400,1,96,4.28253043005
speedup,rastrigin,300,400,1,97,4.28253043005
speedup,rastrigin,300,400,1,98,4.28253043005
speedup,rastrigin,300,400,1,99,4.28253043005
speedup,rastrigin,300,400,1,100,4.28253043005
speedup,rastrigin,300,400,1,101,4.28253043005
speedup,rastrigin,300,400,1,102,4.08493105202
speedup,rastrigin,300,400,1,103,4.08493105202
speedup,rastrigin,300,400,1,104,4.08493105202
speedup,rastrigin,300,400,1,105,3.99902746786
speedup,rastrigin,300,400,1,106,3.99902746786
speedup,rastrigin,300,400,1,107,3.99902746786
speedup,rastrigin,300,400,1,108,3.99902746786
speedup,rastrigin,300,400,1,109,3.99902746786
speedup,rastrigin,300,400,1,110,3.99835475615
speedup,rastrigin,300,400,1,111,3.99835475615
speedup,rastrigin,300,400,1,112,3.99835475615
speedup,rastrigin,300,400,1,113,3.99835475615
speedup,rastrigin,300,400,1,114,3.99835475615
speedup,rastrigin,300,400,1,115,3.99835475615
speedup,rastrigin,300,400,1,116,3.99835475615
speedup,rastrigin,300,400,1,117,3.99835475615
speedup,rastrigin,300,400,1,118,3.99835475615
speedup,rastrigin,300,400,1,119,3.99835475615
speedup,rastrigin,300,400,1,120,3.99835475615
speedup,rastrigin,300,400,1,121,3.99835475615
speedup,rastrigin,300,400,1,122,3.99835475615
speedup,rastrigin,300,400,1,123,3.99835475615
speedup,rastrigin,300,400,1,124,3.99835475615
speedup,rastrigin,300,400,1,125,3.99835475615
speedup,rastrigin,300,400,1,126,3.99835475615
speedup,rastrigin,300,400,1,127,3.99835475615
speedup,rastrigin,300,400,1,128,3.99835475615
speedup,rastrigin,300,400,1,129,3.99835475615
speedup,rastrigin,300,400,1,130,3.99835475615
speedup,rastrigin,300,400,1,131,3.92665802773
speedup,rastrigin,300,400,1,132,3.92665802773
speedup,rastrigin,300,400,1,133,3.69222952665
speedup,rastrigin,300,400,1,134,3.59149441909
speedup,rastrigin,300,400,1,135,3.59149441909
speedup,rastrigin,300,400,1,136,3.59149441909
speedup,rastrigin,300,400,1,137,3.40540781399
speedup,rastrigin,300,400,1,138,3.40540781399
speedup,rastrigin,300,400,1,139,3.40540781399
speedup,rastrigin,300,400,1,140,3.40540781399
speedup,rastrigin,300,400,1,141,3.40540781399
speedup,rastrigin,300,400,1,142,3.40540781399
speedup,rastrigin,300,400,1,143,3.40540781399
speedup,rastrigin,300,400,1,144,3.40540781399
speedup,rastrigin,300,400,1,145,3.40540781399
speedup,rastrigin,300,400,1,146,3.40540781399
speedup,rastrigin,300,400,1,147,3.40540781399
speedup,rastrigin,300,400,1,148,3.40540781399
speedup,rastrigin,300,400,1,149,3.40540781399
speedup,rastrigin,300,400,1,150,3.40540781399
speedup,rastrigin,300,400,1,151,3.40540781399
speedup,rastrigin,300,400,1,152,3.40540781399
speedup,rastrigin,300,400,1,153,3.40540781399
speedup,rastrigin,300,400,1,154,3.35905956462
speedup,rastrigin,300,400,1,155,3.35905956462
speedup,rastrigin,300,400,1,156,3.35905956462
speedup,rastrigin,300,400,1,157,3.35905956462
speedup,rastrigin,300,400,1,158,3.35905956462
speedup,rastrigin,300,400,1,159,3.35905956462
speedup,rastrigin,300,400,1,160,3.35905956462
speedup,rastrigin,300,400,1,161,3.35905956462
speedup,rastrigin,300,400,1,162,3.35905956462
speedup,rastrigin,300,400,1,163,3.35905956462
speedup,rastrigin,300,400,1,164,2.56809016495
speedup,rastrigin,300,400,1,165,2.56809016495
speedup,rastrigin,300,400,1,166,2.56809016495
speedup,rastrigin,300,400,1,167,2.56809016495
speedup,rastrigin,300,400,1,168,2.56809016495
speedup,rastrigin,300,400,1,169,2.56809016495
speedup,rastrigin,300,400,1,170,2.56809016495
speedup,rastrigin,300,400,1,171,2.56809016495
speedup,rastrigin,300,400,1,172,2.56809016495
speedup,rastrigin,300,400,1,173,2.56809016495
speedup,rastrigin,300,400,1,174,2.56809016495
speedup,rastrigin,300,400,1,175,2.56809016495
speedup,rastrigin,300,400,1,176,2.56809016495
speedup,rastrigin,300,400,1,177,2.56809016495
speedup,rastrigin,300,400,1,178,2.56809016495
speedup,rastrigin,300,400,1,179,2.56809016495
speedup,rastrigin,300,400,1,180,2.56809016495
speedup,rastrigin,300,400,1,181,2.56809016495
speedup,rastrigin,300,400,1,182,2.56809016495
speedup,rastrigin,300,400,1,183,2.56809016495
speedup,rastrigin,300,400,1,184,2.56809016495
speedup,rastrigin,300,400,1,185,2.56809016495
speedup,rastrigin,300,400,1,186,2.56809016495
speedup,rastrigin,300,400,1,187,2.56809016495
speedup,rastrigin,300,400,1,188,2.56809016495
speedup,rastrigin,300,400,1,189,2.56809016495
speedup,rastrigin,300,400,1,190,2.56809016495
speedup,rastrigin,300,400,1,191,2.56809016495
speedup,rastrigin,300,400,1,192,2.56809016495
speedup,rastrigin,300,400,1,193,2.56809016495
speedup,rastrigin,300,400,1,194,2.56809016495
speedup,rastrigin,300,400,1,195,2.56809016495
speedup,rastrigin,300,400,1,196,2.56809016495
speedup,rastrigin,300,400,1,197,2.56809016495
speedup,rastrigin,300,400,1,198,2.56809016495
speedup,rastrigin,300,400,1,199,2.56809016495
speedup,rastrigin,300,400,1,200,2.56809016495
speedup,rastrigin,300,400,1,201,2.56809016495
speedup,rastrigin,300,400,1,202,2.56809016495
speedup,rastrigin,300,400,1,203,2.56809016495
speedup,rastrigin,300,400,1,204,2.56809016495
speedup,rastrigin,300,400,1,205,2.56809016495
speedup,rastrigin,300,400,1,206,2.56809016495
speedup,rastrigin,300,400,1,207,2.56809016495
speedup,rastrigin,300,400,1,208,2.56809016495
speedup,rastrigin,300,400,1,209,2.56809016495
speedup,rastrigin,300,400,1,210,2.56809016495
speedup,rastrigin,300,400,1,211,2.56809016495
speedup,rastrigin,300,400,1,212,2.56809016495
speedup,rastrigin,300,400,1,213,2.56809016495
speedup,rastrigin,300,400,1,214,2.56809016495
speedup,rastrigin,300,400,1,215,2.56809016495
speedup,rastrigin,300,400,1,216,2.56809016495
speedup,rastrigin,300,400,1,217,2.56809016495
speedup,rastrigin,300,400,1,218,2.56809016495
speedup,rastrigin,300,400,1,219,2.56809016495
speedup,rastrigin,300,400,1,220,2.56809016495
speedup,rastrigin,300,400,1,221,2.56809016495
speedup,rastrigin,300,400,1,222,2.56809016495
speedup,rastrigin,300,400,1,223,2.56809016495
speedup,rastrigin,300,400,1,224,2.56809016495
speedup,rastrigin,300,400,1,225,2.56809016495
speedup,rastrigin,300,400,1,226,2.56809016495
speedup,rastrigin,300,400,1,227,2.56809016495
speedup,rastrigin,300,400,1,228,2.56809016495
speedup,rastrigin,300,400,1,229,2.56809016495
speedup,rastrigin,300,400,1,230,2.56809016495
speedup,rastrigin,300,400,1,231,2.56809016495
speedup,rastrigin,300,400,1,232,2.56809016495
speedup,rastrigin,300,400,1,233,2.56809016495
speedup,rastrigin,300,400,1,234,2.56809016495
speedup,rastrigin,300,400,1,235,2.56809016495
speedup,rastrigin,300,400,1,236,2.56809016495
speedup,rastrigin,300,400,1,237,2.56809016495
speedup,rastrigin,300,400,1,238,2.56809016495
speedup,rastrigin,300,400,1,239,2.56809016495
speedup,rastrigin,300,400,1,240,2.56809016495
speedup,rastrigin,300,400,1,241,2.56809016495
speedup,rastrigin,300,400,1,242,2.56809016495
speedup,rastrigin,300,400,1,243,2.56809016495
speedup,rastrigin,300,400,1,244,2.56809016495
speedup,rastrigin,300,400,1,245,2.56809016495
speedup,rastrigin,300,400,1,246,2.56809016495
speedup,rastrigin,300,400,1,247,2.56809016495
speedup,rastrigin,300,400,1,248,2.56809016495
speedup,rastrigin,300,400,1,249,2.56809016495
speedup,rastrigin,300,400,1,250,2.56809016495
speedup,rastrigin,300,400,1,251,2.56809016495
speedup,rastrigin,300,400,1,252,2.56809016495
speedup,rastrigin,300,400,1,253,2.56809016495
speedup,rastrigin,300,400,1,254,2.56809016495
speedup,rastrigin,300,400,1,255,2.56809016495
speedup,rastrigin,300,400,1,256,2.56809016495
speedup,rastrigin,300,400,1,257,2.56809016495
speedup,rastrigin,300,400,1,258,2.56809016495
speedup,rastrigin,300,400,1,259,2.56809016495
speedup,rastrigin,300,400,1,260,2.56809016495
speedup,rastrigin,300,400,1,261,2.56809016495
speedup,rastrigin,300,400,1,262,2.56809016495
speedup,rastrigin,300,400,1,263,2.56809016495
speedup,rastrigin,300,400,1,264,2.56809016495
speedup,rastrigin,300,400,1,265,2.56809016495
speedup,rastrigin,300,400,1,266,2.56809016495
speedup,rastrigin,300,400,1,267,2.56809016495
speedup,rastrigin,300,400,1,268,2.56809016495
speedup,rastrigin,300,400,1,269,2.56809016495
speedup,rastrigin,300,400,1,270,2.56809016495
speedup,rastrigin,300,400,1,271,2.56809016495
speedup,rastrigin,300,400,1,272,2.56809016495
speedup,rastrigin,300,400,1,273,2.56809016495
speedup,rastrigin,300,400,1,274,2.56809016495
speedup,rastrigin,300,400,1,275,2.56809016495
speedup,rastrigin,300,400,1,276,2.56809016495
speedup,rastrigin,300,400,1,277,2.56809016495
speedup,rastrigin,300,400,1,278,2.56809016495
speedup,rastrigin,300,400,1,279,2.56809016495
speedup,rastrigin,300,400,1,280,2.56809016495
speedup,rastrigin,300,400,1,281,2.56809016495
speedup,rastrigin,300,400,1,282,2.56809016495
speedup,rastrigin,300,400,1,283,2.56809016495
speedup,rastrigin,300,400,1,284,2.56809016495
speedup,rastrigin,300,400,1,285,2.56809016495
speedup,rastrigin,300,400,1,286,2.56809016495
speedup,rastrigin,300,400,1,287,2.56809016495
speedup,rastrigin,300,400,1,288,2.56809016495
speedup,rastrigin,300,400,1,289,2.56809016495
speedup,rastrigin,300,400,1,290,2.56809016495
speedup,rastrigin,300,400,1,291,2.56809016495
speedup,rastrigin,300,400,1,292,2.56809016495
speedup,rastrigin,300,400,1,293,2.56809016495
speedup,rastrigin,300,400,1,294,2.56809016495
speedup,rastrigin,300,400,1,295,2.56809016495
speedup,rastrigin,300,400,1,296,2.56809016495
speedup,rastrigin,300,400,1,297,2.55401033752
speedup,rastrigin,300,400,1,298,2.55401033752
speedup,rastrigin,300,400,1,299,2.55401033752
speedup,rastrigin,300,400,1,300,2.55401033752
speedup,rastrigin,300,400,1,301,2.50983194879
speedup,rastrigin,300,400,1,302,2.50983194879
speedup,rastrigin,300,400,1,303,2.30064597265
speedup,rastrigin,300,400,1,304,2.30064597265
speedup,rastrigin,300,400,1,305,2.30064597265
speedup,rastrigin,300,400,1,306,2.30064597265
speedup,rastrigin,300,400,1,307,2.29636018431
speedup,rastrigin,300,400,1,308,2.28395494705
speedup,rastrigin,300,400,1,309,2.01663637843
speedup,rastrigin,300,400,1,310,2.00461164621
speedup,rastrigin,300,400,1,311,1.88544004462
speedup,rastrigin,300,400,1,312,1.63580203291
speedup,rastrigin,300,400,1,313,1.63580203291
speedup,rastrigin,300,400,1,314,1.63580203291
speedup,rastrigin,300,400,1,315,1.63580203291
speedup,rastrigin,300,400,1,316,1.63580203291
speedup,rastrigin,300,400,1,317,1.50094514804
speedup,rastrigin,300,400,1,318,1.50094514804
speedup,rastrigin,300,400,1,319,1.50094514804
speedup,rastrigin,300,400,1,320,1.50094514804
speedup,rastrigin,300,400,1,321,1.50094514804
speedup,rastrigin,300,400,1,322,1.50094514804
speedup,rastrigin,300,400,1,323,1.50094514804
speedup,rastrigin,300,400,1,324,1.50094514804
speedup,rastrigin,300,400,1,325,1.50094514804
speedup,rastrigin,300,400,1,326,1.50094514804
speedup,rastrigin,300,400,1,327,1.50094514804
speedup,rastrigin,300,400,1,328,1.50094514804
speedup,rastrigin,300,400,1,329,1.50094514804
speedup,rastrigin,300,400,1,330,1.50094514804
speedup,rastrigin,300,400,1,331,1.50094514804
speedup,rastrigin,300,400,1,332,1.50094514804
speedup,rastrigin,300,400,1,333,1.50094514804
speedup,rastrigin,300,400,1,334,1.50094514804
speedup,rastrigin,300,400,1,335,1.50094514804
speedup,rastrigin,300,400,1,336,1.50094514804
speedup,rastrigin,300,400,1,337,1.50094514804
speedup,rastrigin,300,400,1,338,1.50094514804
speedup,rastrigin,300,400,1,339,1.50094514804
speedup,rastrigin,300,400,1,340,1.50094514804
speedup,rastrigin,300,400,1,341,1.50094514804
speedup,rastrigin,300,400,1,342,1.40594286088
speedup,rastrigin,300,400,1,343,1.40594286088
speedup,rastrigin,300,400,1,344,1.40594286088
speedup,rastrigin,300,400,1,345,1.40594286088
speedup,rastrigin,300,400,1,346,1.40594286088
speedup,rastrigin,300,400,1,347,1.40594286088
speedup,rastrigin,300,400,1,348,1.40594286088
speedup,rastrigin,300,400,1,349,1.40594286088
speedup,rastrigin,300,400,1,350,1.35775403625
speedup,rastrigin,300,400,1,351,1.35775403625
speedup,rastrigin,300,400,1,352,1.35775403625
speedup,rastrigin,300,400,1,353,1.35775403625
speedup,rastrigin,300,400,1,354,1.35775403625
speedup,rastrigin,300,400,1,355,1.35775403625
speedup,rastrigin,300,400,1,356,1.35775403625
speedup,rastrigin,300,400,1,357,1.35775403625
speedup,rastrigin,300,400,1,358,1.35775403625
speedup,rastrigin,300,400,1,359,1.35775403625
speedup,rastrigin,300,400,1,360,1.35775403625
speedup,rastrigin,300,400,1,361,1.35775403625
speedup,rastrigin,300,400,1,362,1.35775403625
speedup,rastrigin,300,400,1,363,1.35775403625
speedup,rastrigin,300,400,1,364,1.35775403625
speedup,rastrigin,300,400,1,365,1.35775403625
speedup,rastrigin,300,400,1,366,1.35775403625
speedup,rastrigin,300,400,1,367,1.35775403625
speedup,rastrigin,300,400,1,368,1.35775403625
speedup,rastrigin,300,400,1,369,1.35775403625
speedup,rastrigin,300,400,1,370,1.35775403625
speedup,rastrigin,300,400,1,371,1.35775403625
speedup,rastrigin,300,400,1,372,1.35775403625
speedup,rastrigin,300,400,1,373,1.35775403625
speedup,rastrigin,300,400,1,374,1.35775403625
speedup,rastrigin,300,400,1,375,1.35775403625
speedup,rastrigin,300,400,1,376,1.35775403625
speedup,rastrigin,300,400,1,377,1.35775403625
speedup,rastrigin,300,400,1,378,1.35775403625
speedup,rastrigin,300,400,1,379,1.35775403625
speedup,rastrigin,300,400,1,380,1.35775403625
speedup,rastrigin,300,400,1,381,1.35775403625
speedup,rastrigin,300,400,1,382,1.35775403625
speedup,rastrigin,300,400,1,383,1.35775403625
speedup,rastrigin,300,400,1,384,1.35775403625
speedup,rastrigin,300,400,1,385,1.35775403625
speedup,rastrigin,300,400,1,386,1.35775403625
speedup,rastrigin,300,400,1,387,1.35775403625
speedup,rastrigin,300,400,1,388,1.30846634819
speedup,rastrigin,300,400,1,389,1.30846634819
speedup,rastrigin,300,400,1,390,1.30846634819
speedup,rastrigin,300,400,1,391,1.30846634819
speedup,rastrigin,300,400,1,392,1.30846634819
speedup,rastrigin,300,400,1,393,1.265565389
speedup,rastrigin,300,400,1,394,1.265565389
speedup,rastrigin,300,400,1,395,1.265565389
speedup,rastrigin,300,400,1,396,1.265565389
speedup,rastrigin,300,400,1,397,1.265565389
speedup,rastrigin,300,400,1,398,1.265565389
speedup,rastrigin,300,400,1,399,1.265565389
speedup,rastrigin,300,400,1,400,1.265565389
speedup,rastrigin,300,400,2,0,246.44241937
speedup,rastrigin,300,400,2,1,187.171161363
speedup,rastrigin,300,400,2,2,177.696277851
speedup,rastrigin,300,400,2,3,153.69823704
speedup,rastrigin,300,400,2,4,135.195180689
speedup,rastrigin,300,400,2,5,133.181023296
speedup,rastrigin,300,400,2,6,122.685481275
speedup,rastrigin,300,400,2,7,107.729248502
speedup,rastrigin,300,400,2,8,107.729248502
speedup,rastrigin,300,400,2,9,106.232570189
speedup,rastrigin,300,400,2,10,90.8124420562
speedup,rastrigin,300,400,2,11,90.8124420562
speedup,rastrigin,300,400,2,12,90.8124420562
speedup,rastrigin,300,400,2,13,80.6051654758
speedup,rastrigin,300,400,2,14,75.7333715036
speedup,rastrigin,300,400,2,15,66.7660109344
speedup,rastrigin,300,400,2,16,60.1343289245
speedup,rastrigin,300,400,2,17,56.1529174451
speedup,rastrigin,300,400,2,18,56.1529174451
speedup,rastrigin,300,400,2,19,50.7411661758
speedup,rastrigin,300,400,2,20,50.7411661758
speedup,rastrigin,300,400,2,21,38.6149071837
speedup,rastrigin,300,400,2,22,38.6149071837
speedup,rastrigin,300,400,2,23,29.1880759144
speedup,rastrigin,300,400,2,24,25.6109337632
speedup,rastrigin,300,400,2,25,20.3610283524
speedup,rastrigin,300,400,2,26,17.9457622711
speedup,rastrigin,300,400,2,27,17.9457622711
speedup,rastrigin,300,400,2,28,15.4369464146
speedup,rastrigin,300,400,2,29,15.4369464146
speedup,rastrigin,300,400,2,30,15.4369464146
speedup,rastrigin,300,400,2,31,15.4369464146
speedup,rastrigin,300,400,2,32,13.1156265553
speedup,rastrigin,300,400,2,33,13.1156265553
speedup,rastrigin,300,400,2,34,13.1156265553
speedup,rastrigin,300,400,2,35,11.218658246
speedup,rastrigin,300,400,2,36,8.00492573403
speedup,rastrigin,300,400,2,37,6.70969780265
speedup,rastrigin,300,400,2,38,6.70969780265
speedup,rastrigin,300,400,2,39,6.70969780265
speedup,rastrigin,300,400,2,40,6.35631967783
speedup,rastrigin,300,400,2,41,4.65586035375
speedup,rastrigin,300,400,2,42,4.35042794208
speedup,rastrigin,300,400,2,43,4.35042794208
speedup,rastrigin,300,400,2,44,3.41758403822
speedup,rastrigin,300,400,2,45,3.41758403822
speedup,rastrigin,300,400,2,46,3.41758403822
speedup,rastrigin,300,400,2,47,3.41758403822
speedup,rastrigin,300,400,2,48,3.41758403822
speedup,rastrigin,300,400,2,49,3.41758403822
speedup,rastrigin,300,400,2,50,3.41758403822
speedup,rastrigin,300,400,2,51,3.41758403822
speedup,rastrigin,300,400,2,52,3.26580434783
speedup,rastrigin,300,400,2,53,3.19639692065
speedup,rastrigin,300,400,2,54,3.04640148338
speedup,rastrigin,300,400,2,55,2.64699114266
speedup,rastrigin,300,400,2,56,2.48189749962
speedup,rastrigin,300,400,2,57,1.76020516033
speedup,rastrigin,300,400,2,58,1.75626780296
speedup,rastrigin,300,400,2,59,1.75626780296
speedup,rastrigin,300,400,2,60,1.49453677062
speedup,rastrigin,300,400,2,61,1.49453677062
speedup,rastrigin,300,400,2,62,1.49453677062
speedup,rastrigin,300,400,2,63,1.49453677062
speedup,rastrigin,300,400,2,64,1.49453677062
speedup,rastrigin,300,400,2,65,1.49453677062
speedup,rastrigin,300,400,2,66,1.49453677062
speedup,rastrigin,300,400,2,67,1.49453677062
speedup,rastrigin,300,400,2,68,1.49453677062
speedup,rastrigin,300,400,2,69,1.49453677062
speedup,rastrigin,300,400,2,70,1.49453677062
speedup,rastrigin,300,400,2,71,1.49453677062
speedup,rastrigin,300,400,2,72,1.37426750604
speedup,rastrigin,300,400,2,73,1.37426750604
speedup,rastrigin,300,400,2,74,1.34259255132
speedup,rastrigin,300,400,2,75,1.34259255132
speedup,rastrigin,300,400,2,76,1.34259255132
speedup,rastrigin,300,400,2,77,1.34259255132
speedup,rastrigin,300,400,2,78,1.14029965096
speedup,rastrigin,300,400,2,79,1.14029965096
speedup,rastrigin,300,400,2,80,0.757920955554
speedup,rastrigin,300,400,2,81,0.757920955554
speedup,rastrigin,300,400,2,82,0.757920955554
speedup,rastrigin,300,400,2,83,0.757920955554
speedup,rastrigin,300,400,2,84,0.757920955554
speedup,rastrigin,300,400,2,85,0.757920955554
speedup,rastrigin,300,400,2,86,0.757920955554
speedup,rastrigin,300,400,2,87,0.757920955554
speedup,rastrigin,300,400,2,88,0.757920955554
speedup,rastrigin,300,400,2,89,0.757920955554
speedup,rastrigin,300,400,2,90,0.757920955554
speedup,rastrigin,300,400,2,91,0.757920955554
speedup,rastrigin,300,400,2,92,0.589897579093
speedup,rastrigin,300,400,2,93,0.589897579093
speedup,rastrigin,300,400,2,94,0.589897579093
speedup,rastrigin,300,400,2,95,0.589897579093
speedup,rastrigin,300,400,2,96,0.589897579093
speedup,rastrigin,300,400,2,97,0.589897579093
speedup,rastrigin,300,400,2,98,0.589897579093
speedup,rastrigin,300,400,2,99,0.589897579093
speedup,rastrigin,300,400,2,100,0.589897579093
speedup,rastrigin,300,400,2,101,0.589897579093
speedup,rastrigin,300,400,2,102,0.589897579093
speedup,rastrigin,300,400,2,103,0.589897579093
speedup,rastrigin,300,400,2,104,0.589897579093
speedup,rastrigin,300,400,2,105,0.589897579093
speedup,rastrigin,300,400,2,106,0.589897579093
speedup,rastrigin,300,400,2,107,0.589897579093
speedup,rastrigin,300,400,2,108,0.589897579093
speedup,rastrigin,300,400,2,109,0.589897579093
speedup,rastrigin,300,400,2,110,0.589897579093
speedup,rastrigin,300,400,2,111,0.589897579093
speedup,rastrigin,300,400,2,112,0.589897579093
speedup,rastrigin,300,400,2,113,0.589897579093
speedup,rastrigin,300,400,2,114,0.589897579093
speedup,rastrigin,300,400,2,115,0.589897579093
speedup,rastrigin,300,400,2,116,0.504098326062
speedup,rastrigin,300,400,2,117,0.504098326062
speedup,rastrigin,300,400,2,118,0.504098326062
speedup,rastrigin,300,400,2,119,0.504098326062
speedup,rastrigin,300,400,2,120,0.504098326062
speedup,rastrigin,300,400,2,121,0.504098326062
speedup,rastrigin,300,400,2,122,0.504098326062
speedup,rastrigin,300,400,2,123,0.37286546825
speedup,rastrigin,300,400,2,124,0.37286546825
speedup,rastrigin,300,400,2,125,0.37286546825
speedup,rastrigin,300,400,2,126,0.37286546825
speedup,rastrigin,300,400,2,127,0.37286546825
speedup,rastrigin,300,400,2,128,0.37286546825
speedup,rastrigin,300,400,2,129,0.37286546825
speedup,rastrigin,300,400,2,130,0.37286546825
speedup,rastrigin,300,400,2,131,0.37286546825
speedup,rastrigin,300,400,2,132,0.37286546825
speedup,rastrigin,300,400,2,133,0.37286546825
speedup,rastrigin,300,400,2,134,0.37286546825
speedup,rastrigin,300,400,2,135,0.37286546825
speedup,rastrigin,300,400,2,136,0.37286546825
speedup,rastrigin,300,400,2,137,0.37286546825
speedup,rastrigin,300,400,2,138,0.37286546825
speedup,rastrigin,300,400,2,139,0.37286546825
speedup,rastrigin,300,400,2,140,0.37286546825
speedup,rastrigin,300,400,2,141,0.37286546825
speedup,rastrigin,300,400,2,142,0.37286546825
speedup,rastrigin,300,400,2,143,0.37286546825
speedup,rastrigin,300,400,2,144,0.37286546825
speedup,rastrigin,300,400,2,145,0.37286546825
speedup,rastrigin,300,400,2,146,0.37286546825
speedup,rastrigin,300,400,2,147,0.37286546825
speedup,rastrigin,300,400,2,148,0.37286546825
speedup,rastrigin,300,400,2,149,0.37286546825
speedup,rastrigin,300,400,2,150,0.37286546825
speedup,rastrigin,300,400,2,151,0.37286546825
speedup,rastrigin,300,400,2,152,0.37286546825
speedup,rastrigin,300,400,2,153,0.37286546825
speedup,rastrigin,300,400,2,154,0.37286546825
speedup,rastrigin,300,400,2,155,0.37286546825
speedup,rastrigin,300,400,2,156,0.37286546825
speedup,rastrigin,300,400,2,157,0.37286546825
speedup,rastrigin,300,400,2,158,0.340507519342
speedup,rastrigin,300,400,2,159,0.340507519342
speedup,rastrigin,300,400,2,160,0.340507519342
speedup,rastrigin,300,400,2,161,0.340507519342
speedup,rastrigin,300,400,2,162,0.340507519342
speedup,rastrigin,300,400,2,163,0.340507519342
speedup,rastrigin,300,400,2,164,0.340507519342
speedup,rastrigin,300,400,2,165,0.340507519342
speedup,rastrigin,300,400,2,166,0.340507519342
speedup,rastrigin,300,400,2,167,0.340507519342
speedup,rastrigin,300,400,2,168,0.340507519342
speedup,rastrigin,300,400,2,169,0.340507519342
speedup,rastrigin,300,400,2,170,0.340507519342
speedup,rastrigin,300,400,2,171,0.340507519342
speedup,rastrigin,300,400,2,172,0.340507519342
speedup,rastrigin,300,400,2,173,0.340507519342
speedup,rastrigin,300,400,2,174,0.340507519342
speedup,rastrigin,300,400,2,175,0.340507519342
speedup,rastrigin,300,400,2,176,0.340507519342
speedup,rastrigin,300,400,2,177,0.340507519342
speedup,rastrigin,300,400,2,178,0.340507519342
speedup,rastrigin,300,400,2,179,0.340507519342
speedup,rastrigin,300,400,2,180,0.340507519342
speedup,rastrigin,300,400,2,181,0.340507519342
speedup,rastrigin,300,400,2,182,0.340507519342
speedup,rastrigin,300,400,2,183,0.340507519342
speedup,rastrigin,300,400,2,184,0.340507519342
speedup,rastrigin,300,400,2,185,0.340507519342
speedup,rastrigin,300,400,2,186,0.340507519342
speedup,rastrigin,300,400,2,187,0.340507519342
speedup,rastrigin,300,400,2,188,0.340507519342
speedup,rastrigin,300,400,2,189,0.340507519342
speedup,rastrigin,300,400,2,190,0.340507519342
speedup,rastrigin,300,400,2,191,0.340507519342
speedup,rastrigin,300,400,2,192,0.340507519342
speedup,rastrigin,300,400,2,193,0.340507519342
speedup,rastrigin,300,400,2,194,0.340507519342
speedup,rastrigin,300,400,2,195,0.340507519342
speedup,rastrigin,300,400,2,196,0.340507519342
speedup,rastrigin,300,400,2,197,0.337180602184
speedup,rastrigin,300,400,2,198,0.337180602184
speedup,rastrigin,300,400,2,199,0.337180602184
speedup,rastrigin,300,400,2,200,0.337180602184
speedup,rastrigin,300,400,2,201,0.337180602184
speedup,rastrigin,300,400,2,202,0.337180602184
speedup,rastrigin,300,400,2,203,0.337180602184
speedup,rastrigin,300,400,2,204,0.337180602184
speedup,rastrigin,300,400,2,205,0.337180602184
speedup,rastrigin,300,400,2,206,0.337180602184
speedup,rastrigin,300,400,2,207,0.337180602184
speedup,rastrigin,300,400,2,208,0.337180602184
speedup,rastrigin,300,400,2,209,0.337180602184
speedup,rastrigin,300,400,2,210,0.337180602184
speedup,rastrigin,300,400,2,211,0.337180602184
speedup,rastrigin,300,400,2,212,0.337180602184
speedup,rastrigin,300,400,2,213,0.337180602184
speedup,rastrigin,300,400,2,214,0.337180602184
speedup,rastrigin,300,400,2,215,0.337180602184
speedup,rastrigin,300,400,2,216,0.337180602184
speedup,rastrigin,300,400,2,217,0.337180602184
speedup,rastrigin,300,400,2,218,0.337180602184
speedup,rastrigin,300,400,2,219,0.337180602184
speedup,rastrigin,300,400,2,220,0.337180602184
speedup,rastrigin,300,400,2,221,0.337180602184
speedup,rastrigin,300,400,2,222,0.337180602184
speedup,rastrigin,300,400,2,223,0.299590637743
speedup,rastrigin,300,400,2,224,0.285416504573
speedup,rastrigin,300,400,2,225,0.285416504573
speedup,rastrigin,300,400,2,226,0.285416504573
speedup,rastrigin,300,400,2,227,0.285416504573
speedup,rastrigin,300,400,2,228,0.285416504573
speedup,rastrigin,300,400,2,229,0.285416504573
speedup,rastrigin,300,400,2,230,0.285416504573
speedup,rastrigin,300,400,2,231,0.285416504573
speedup,rastrigin,300,400,2,232,0.285416504573
speedup,rastrigin,300,400,2,233,0.285416504573
speedup,rastrigin,300,400,2,234,0.285416504573
speedup,rastrigin,300,400,2,235,0.285416504573
speedup,rastrigin,300,400,2,236,0.285416504573
speedup,rastrigin,300,400,2,237,0.285416504573
speedup,rastrigin,300,400,2,238,0.285416504573
speedup,rastrigin,300,400,2,239,0.285416504573
speedup,rastrigin,300,400,2,240,0.285416504573
speedup,rastrigin,300,400,2,241,0.285416504573
speedup,rastrigin,300,400,2,242,0.285416504573
speedup,rastrigin,300,400,2,243,0.285416504573
speedup,rastrigin,300,400,2,244,0.285416504573
speedup,rastrigin,300,400,2,245,0.285416504573
speedup,rastrigin,300,400,2,246,0.285416504573
speedup,rastrigin,300,400,2,247,0.285416504573
speedup,rastrigin,300,400,2,248,0.212424810133
speedup,rastrigin,300,400,2,249,0.212424810133
speedup,rastrigin,300,400,2,250,0.212424810133
speedup,rastrigin,300,400,2,251,0.212424810133
speedup,rastrigin,300,400,2,252,0.212424810133
speedup,rastrigin,300,400,2,253,0.212424810133
speedup,rastrigin,300,400,2,254,0.212424810133
speedup,rastrigin,300,400,2,255,0.212424810133
speedup,rastrigin,300,400,2,256,0.212424810133
speedup,rastrigin,300,400,2,257,0.212424810133
speedup,rastrigin,300,400,2,258,0.212424810133
speedup,rastrigin,300,400,2,259,0.201783009981
speedup,rastrigin,300,400,2,260,0.201783009981
speedup,rastrigin,300,400,2,261,0.201783009981
speedup,rastrigin,300,400,2,262,0.201783009981
speedup,rastrigin,300,400,2,263,0.201783009981
speedup,rastrigin,300,400,2,264,0.201783009981
speedup,rastrigin,300,400,2,265,0.201783009981
speedup,rastrigin,300,400,2,266,0.201783009981
speedup,rastrigin,300,400,2,267,0.201783009981
speedup,rastrigin,300,400,2,268,0.201783009981
speedup,rastrigin,300,400,2,269,0.201783009981
speedup,rastrigin,300,400,2,270,0.201783009981
speedup,rastrigin,300,400,2,271,0.201783009981
speedup,rastrigin,300,400,2,272,0.201783009981
speedup,rastrigin,300,400,2,273,0.201783009981
speedup,rastrigin,300,400,2,274,0.201783009981
speedup,rastrigin,300,400,2,275,0.201783009981
speedup,rastrigin,300,400,2,276,0.201783009981
speedup,rastrigin,300,400,2,277,0.201783009981
speedup,rastrigin,300,400,2,278,0.201783009981
speedup,rastrigin,300,400,2,279,0.201783009981
speedup,rastrigin,300,400,2,280,0.201783009981
speedup,rastrigin,300,400,2,281,0.201783009981
speedup,rastrigin,300,400,2,282,0.201783009981
speedup,rastrigin,300,400,2,283,0.201783009981
speedup,rastrigin,300,400,2,284,0.201783009981
speedup,rastrigin,300,400,2,285,0.201783009981
speedup,rastrigin,300,400,2,286,0.201783009981
speedup,rastrigin,300,400,2,287,0.201783009981
speedup,rastrigin,300,400,2,288,0.201783009981
speedup,rastrigin,300,400,2,289,0.201783009981
speedup,rastrigin,300,400,2,290,0.182946776348
speedup,rastrigin,300,400,2,291,0.182946776348
speedup,rastrigin,300,400,2,292,0.182946776348
speedup,rastrigin,300,400,2,293,0.182946776348
speedup,rastrigin,300,400,2,294,0.182946776348
speedup,rastrigin,300,400,2,295,0.182946776348
speedup,rastrigin,300,400,2,296,0.182946776348
speedup,rastrigin,300,400,2,297,0.182946776348
speedup,rastrigin,300,400,2,298,0.182946776348
speedup,rastrigin,300,400,2,299,0.182946776348
speedup,rastrigin,300,400,2,300,0.182946776348
speedup,rastrigin,300,400,2,301,0.182946776348
speedup,rastrigin,300,400,2,302,0.182946776348
speedup,rastrigin,300,400,2,303,0.166884528602
speedup,rastrigin,300,400,2,304,0.166884528602
speedup,rastrigin,300,400,2,305,0.129032126808
speedup,rastrigin,300,400,2,306,0.129032126808
speedup,rastrigin,300,400,2,307,0.129032126808
speedup,rastrigin,300,400,2,308,0.129032126808
speedup,rastrigin,300,400,2,309,0.115013164764
speedup,rastrigin,300,400,2,310,0.115013164764
speedup,rastrigin,300,400,2,311,0.115013164764
speedup,rastrigin,300,400,2,312,0.115013164764
speedup,rastrigin,300,400,2,313,0.115013164764
speedup,rastrigin,300,400,2,314,0.115013164764
speedup,rastrigin,300,400,2,315,0.115013164764
speedup,rastrigin,300,400,2,316,0.115013164764
speedup,rastrigin,300,400,2,317,0.115013164764
speedup,rastrigin,300,400,2,318,0.115013164764
speedup,rastrigin,300,400,2,319,0.115013164764
speedup,rastrigin,300,400,2,320,0.115013164764
speedup,rastrigin,300,400,2,321,0.115013164764
speedup,rastrigin,300,400,2,322,0.115013164764
speedup,rastrigin,300,400,2,323,0.115013164764
speedup,rastrigin,300,400,2,324,0.115013164764
speedup,rastrigin,300,400,2,325,0.115013164764
speedup,rastrigin,300,400,2,326,0.115013164764
speedup,rastrigin,300,400,2,327,0.115013164764
speedup,rastrigin,300,400,2,328,0.115013164764
speedup,rastrigin,300,400,2,329,0.115013164764
speedup,rastrigin,300,400,2,330,0.115013164764
speedup,rastrigin,300,400,2,331,0.115013164764
speedup,rastrigin,300,400,2,332,0.115013164764
speedup,rastrigin,300,400,2,333,0.115013164764
speedup,rastrigin,300,400,2,334,0.115013164764
speedup,rastrigin,300,400,2,335,0.115013164764
speedup,rastrigin,300,400,2,336,0.115013164764
speedup,rastrigin,300,400,2,337,0.115013164764
speedup,rastrigin,300,400,2,338,0.115013164764
speedup,rastrigin,300,400,2,339,0.115013164764
speedup,rastrigin,300,400,2,340,0.115013164764
speedup,rastrigin,300,400,2,341,0.115013164764
speedup,rastrigin,300,400,2,342,0.115013164764
speedup,rastrigin,300,400,2,343,0.115013164764
speedup,rastrigin,300,400,2,344,0.115013164764
speedup,rastrigin,300,400,2,345,0.115013164764
speedup,rastrigin,300,400,2,346,0.115013164764
speedup,rastrigin,300,400,2,347,0.115013164764
speedup,rastrigin,300,400,2,348,0.115013164764
speedup,rastrigin,300,400,2,349,0.115013164764
speedup,rastrigin,300,400,2,350,0.087571760964
speedup,rastrigin,300,400,2,351,0.087571760964
speedup,rastrigin,300,400,2,352,0.087571760964
speedup,rastrigin,300,400,2,353,0.087571760964
speedup,rastrigin,300,400,2,354,0.087571760964
speedup,rastrigin,300,400,2,355,0.087571760964
speedup,rastrigin,300,400,2,356,0.087571760964
speedup,rastrigin,300,400,2,357,0.087571760964
speedup,rastrigin,300,400,2,358,0.087571760964
speedup,rastrigin,300,400,2,359,0.087571760964
speedup,rastrigin,300,400,2,360,0.087571760964
speedup,rastrigin,300,400,2,361,0.087571760964
speedup,rastrigin,300,400,2,362,0.087571760964
speedup,rastrigin,300,400,2,363,0.087571760964
speedup,rastrigin,300,400,2,364,0.087571760964
speedup,rastrigin,300,400,2,365,0.087571760964
speedup,rastrigin,300,400,2,366,0.087571760964
speedup,rastrigin,300,400,2,367,0.087571760964
speedup,rastrigin,300,400,2,368,0.087571760964
speedup,rastrigin,300,400,2,369,0.087571760964
speedup,rastrigin,300,400,2,370,0.087571760964
speedup,rastrigin,300,400,2,371,0.087571760964
speedup,rastrigin,300,400,2,372,0.087571760964
speedup,rastrigin,300,400,2,373,0.087571760964
speedup,rastrigin,300,400,2,374,0.087571760964
speedup,rastrigin,300,400,2,375,0.087571760964
speedup,rastrigin,300,400,2,376,0.087571760964
speedup,rastrigin,300,400,2,377,0.087571760964
speedup,rastrigin,300,400,2,378,0.087571760964
speedup,rastrigin,300,400,2,379,0.087571760964
speedup,rastrigin,300,400,2,380,0.087571760964
speedup,rastrigin,300,400,2,381,0.087571760964
speedup,rastrigin,300,400,2,382,0.087571760964
speedup,rastrigin,300,400,2,383,0.087571760964
speedup,rastrigin,300,400,2,384,0.087571760964
speedup,rastrigin,300,400,2,385,0.087571760964
speedup,rastrigin,300,400,2,386,0.087571760964
speedup,rastrigin,300,400,2,387,0.087571760964
speedup,rastrigin,300,400,2,388,0.087571760964
speedup,rastrigin,300,400,2,389,0.087571760964
speedup,rastrigin,300,400,2,390,0.087571760964
speedup,rastrigin,300,400,2,391,0.087571760964
speedup,rastrigin,300,400,2,392,0.087571760964
speedup,rastrigin,300,400,2,393,0.087571760964
speedup,rastrigin,300,400,2,394,0.087571760964
speedup,rastrigin,300,400,2,395,0.087571760964
speedup,rastrigin,300,400,2,396,0.087571760964
speedup,rastrigin,300,400,2,397,0.087571760964
speedup,rastrigin,300,400,2,398,0.087571760964
speedup,rastrigin,300,400,2,399,0.087571760964
speedup,rastrigin,300,400,2,400,0.087571760964
speedup,rastrigin,300,400,2,0,263.765721573
speedup,rastrigin,300,400,2,1,195.907190419
speedup,rastrigin,300,400,2,2,166.957611752
speedup,rastrigin,300,400,2,3,154.009573586
speedup,rastrigin,300,400,2,4,131.743944604
speedup,rastrigin,300,400,2,5,131.743944604
speedup,rastrigin,300,400,2,6,115.87344028
speedup,rastrigin,300,400,2,7,101.47286762
speedup,rastrigin,300,400,2,8,101.47286762
speedup,rastrigin,300,400,2,9,97.1738087381
speedup,rastrigin,300,400,2,10,97.1738087381
speedup,rastrigin,300,400,2,11,97.1738087381
speedup,rastrigin,300,400,2,12,97.1738087381
speedup,rastrigin,300,400,2,13,88.6335274954
speedup,rastrigin,300,400,2,14,88.6335274954
speedup,rastrigin,300,400,2,15,88.6335274954
speedup,rastrigin,300,400,2,16,83.3677052457
speedup,rastrigin,300,400,2,17,75.0315381969
speedup,rastrigin,300,400,2,18,70.3627746666
speedup,rastrigin,300,400,2,19,64.1074846787
speedup,rastrigin,300,400,2,20,64.1074846787
speedup,rastrigin,300,400,2,21,59.0628641477
speedup,rastrigin,300,400,2,22,49.3591560354
speedup,rastrigin,300,400,2,23,49.3591560354
speedup,rastrigin,300,400,2,24,34.8237009859
speedup,rastrigin,300,400,2,25,34.8237009859
speedup,rastrigin,300,400,2,26,34.8237009859
speedup,rastrigin,300,400,2,27,34.8237009859
speedup,rastrigin,300,400,2,28,29.7047925233
speedup,rastrigin,300,400,2,29,29.7047925233
speedup,rastrigin,300,400,2,30,29.7047925233
speedup,rastrigin,300,400,2,31,29.7047925233
speedup,rastrigin,300,400,2,32,29.7047925233
speedup,rastrigin,300,400,2,33,28.6161567005
speedup,rastrigin,300,400,2,34,25.6002745547
speedup,rastrigin,300,400,2,35,24.5409273101
speedup,rastrigin,300,400,2,36,24.5409273101
speedup,rastrigin,300,400,2,37,21.8371765082
speedup,rastrigin,300,400,2,38,21.6872723172
speedup,rastrigin,300,400,2,39,18.0573695569
speedup,rastrigin,300,400,2,40,17.8949567613
speedup,rastrigin,300,400,2,41,17.3798018456
speedup,rastrigin,300,400,2,42,17.3798018456
speedup,rastrigin,300,400,2,43,13.7734863953
speedup,rastrigin,300,400,2,44,13.7734863953
speedup,rastrigin,300,400,2,45,11.7160982818
speedup,rastrigin,300,400,2,46,11.7160982818
speedup,rastrigin,300,400,2,47,9.39705277917
speedup,rastrigin,300,400,2,48,9.39705277917
speedup,rastrigin,300,400,2,49,9.39705277917
speedup,rastrigin,300,400,2,50,9.39705277917
speedup,rastrigin,300,400,2,51,9.39705277917
speedup,rastrigin,300,400,2,52,9.39705277917
speedup,rastrigin,300,400,2,53,8.67027299214
speedup,rastrigin,300,400,2,54,7.22077511396
speedup,rastrigin,300,400,2,55,7.22077511396
speedup,rastrigin,300,400,2,56,7.22077511396
speedup,rastrigin,300,400,2,57,7.22077511396
speedup,rastrigin,300,400,2,58,7.22077511396
speedup,rastrigin,300,400,2,59,6.23827804259
speedup,rastrigin,300,400,2,60,6.23827804259
speedup,rastrigin,300,400,2,61,6.23827804259
speedup,rastrigin,300,400,2,62,6.23827804259
speedup,rastrigin,300,400,2,63,6.23827804259
speedup,rastrigin,300,400,2,64,6.23827804259
speedup,rastrigin,300,400,2,65,6.23827804259
speedup,rastrigin,300,400,2,66,6.23827804259
speedup,rastrigin,300,400,2,67,6.23827804259
speedup,rastrigin,300,400,2,68,6.23827804259
speedup,rastrigin,300,400,2,69,6.23827804259
speedup,rastrigin,300,400,2,70,6.23827804259
speedup,rastrigin,300,400,2,71,6.23827804259
speedup,rastrigin,300,400,2,72,6.23827804259
speedup,rastrigin,300,400,2,73,6.23827804259
speedup,rastrigin,300,400,2,74,6.23827804259
speedup,rastrigin,300,400,2,75,6.23827804259
speedup,rastrigin,300,400,2,76,6.23827804259
speedup,rastrigin,300,400,2,77,6.23827804259
speedup,rastrigin,300,400,2,78,6.23827804259
speedup,rastrigin,300,400,2,79,6.23827804259
speedup,rastrigin,300,400,2,80,6.23827804259
speedup,rastrigin,300,400,2,81,6.23827804259
speedup,rastrigin,300,400,2,82,6.23827804259
speedup,rastrigin,300,400,2,83,6.23827804259
speedup,rastrigin,300,400,2,84,6.23827804259
speedup,rastrigin,300,400,2,85,6.23827804259
speedup,rastrigin,300,400,2,86,5.43086054926
speedup,rastrigin,300,400,2,87,5.0127946305
speedup,rastrigin,300,400,2,88,5.0127946305
speedup,rastrigin,300,400,2,89,5.0127946305
speedup,rastrigin,300,400,2,90,5.0127946305
speedup,rastrigin,300,400,2,91,5.0127946305
speedup,rastrigin,300,400,2,92,5.0127946305
speedup,rastrigin,300,400,2,93,5.0127946305
speedup,rastrigin,300,400,2,94,5.0127946305
speedup,rastrigin,300,400,2,95,5.0127946305
speedup,rastrigin,300,400,2,96,5.0127946305
speedup,rastrigin,300,400,2,97,5.0127946305
speedup,rastrigin,300,400,2,98,5.0127946305
speedup,rastrigin,300,400,2,99,5.0127946305
speedup,rastrigin,300,400,2,100,4.95126673238
speedup,rastrigin,300,400,2,101,4.95126673238
speedup,rastrigin,300,400,2,102,4.86397005045
speedup,rastrigin,300,400,2,103,4.86397005045
speedup,rastrigin,300,400,2,104,4.6939320108
speedup,rastrigin,300,400,2,105,4.6939320108
speedup,rastrigin,300,400,2,106,4.6939320108
speedup,rastrigin,300,400,2,107,4.6939320108
speedup,rastrigin,300,400,2,108,4.6939320108
speedup,rastrigin,300,400,2,109,4.6939320108
speedup,rastrigin,300,400,2,110,4.6939320108
speedup,rastrigin,300,400,2,111,4.6939320108
speedup,rastrigin,300,400,2,112,4.6939320108
speedup,rastrigin,300,400,2,113,4.6939320108
speedup,rastrigin,300,400,2,114,4.19889248476
speedup,rastrigin,300,400,2,115,4.19889248476
speedup,rastrigin,300,400,2,116,4.19889248476
speedup,rastrigin,300,400,2,117,4.19889248476
speedup,rastrigin,300,400,2,118,4.19889248476
speedup,rastrigin,300,400,2,119,4.19889248476
speedup,rastrigin,300,400,2,120,4.19889248476
speedup,rastrigin,300,400,2,121,4.19889248476
speedup,rastrigin,300,400,2,122,4.19889248476
speedup,rastrigin,300,400,2,123,4.19889248476
speedup,rastrigin,300,400,2,124,4.19889248476
speedup,rastrigin,300,400,2,125,4.19889248476
speedup,rastrigin,300,400,2,126,4.19889248476
speedup,rastrigin,300,400,2,127,4.19889248476
speedup,rastrigin,300,400,2,128,4.19889248476
speedup,rastrigin,300,400,2,129,4.19889248476
speedup,rastrigin,300,400,2,130,4.19889248476
speedup,rastrigin,300,400,2,131,4.19889248476
speedup,rastrigin,300,400,2,132,4.19889248476
speedup,rastrigin,300,400,2,133,4.19889248476
speedup,rastrigin,300,400,2,134,4.19889248476
speedup,rastrigin,300,400,2,135,4.19889248476
speedup,rastrigin,300,400,2,136,4.19889248476
speedup,rastrigin,300,400,2,137,4.19889248476
speedup,rastrigin,300,400,2,138,4.19889248476
speedup,rastrigin,300,400,2,139,4.19889248476
speedup,rastrigin,300,400,2,140,4.19889248476
speedup,rastrigin,300,400,2,141,4.19889248476
speedup,rastrigin,300,400,2,142,4.19889248476
speedup,rastrigin,300,400,2,143,4.19889248476
speedup,rastrigin,300,400,2,144,4.19889248476
speedup,rastrigin,300,400,2,145,4.19889248476
speedup,rastrigin,300,400,2,146,4.19889248476
speedup,rastrigin,300,400,2,147,4.19889248476
speedup,rastrigin,300,400,2,148,4.19889248476
speedup,rastrigin,300,400,2,149,4.19889248476
speedup,rastrigin,300,400,2,150,3.96627874247
speedup,rastrigin,300,400,2,151,3.96627874247
speedup,rastrigin,300,400,2,152,3.96627874247
speedup,rastrigin,300,400,2,153,3.96627874247
speedup,rastrigin,300,400,2,154,3.96627874247
speedup,rastrigin,300,400,2,155,3.96627874247
speedup,rastrigin,300,400,2,156,3.94486236705
speedup,rastrigin,300,400,2,157,3.94486236705
speedup,rastrigin,300,400,2,158,3.94486236705
speedup,rastrigin,300,400,2,159,3.94486236705
speedup,rastrigin,300,400,2,160,3.94486236705
speedup,rastrigin,300,400,2,161,3.94486236705
speedup,rastrigin,300,400,2,162,3.94486236705
speedup,rastrigin,300,400,2,163,3.94486236705
speedup,rastrigin,300,400,2,164,3.94486236705
speedup,rastrigin,300,400,2,165,3.94486236705
speedup,rastrigin,300,400,2,166,3.94486236705
speedup,rastrigin,300,400,2,167,3.94486236705
speedup,rastrigin,300,400,2,168,3.94486236705
speedup,rastrigin,300,400,2,169,3.94486236705
speedup,rastrigin,300,400,2,170,3.94486236705
speedup,rastrigin,300,400,2,171,3.94486236705
speedup,rastrigin,300,400,2,172,3.94486236705
speedup,rastrigin,300,400,2,173,3.94486236705
speedup,rastrigin,300,400,2,174,3.94486236705
speedup,rastrigin,300,400,2,175,3.94486236705
speedup,rastrigin,300,400,2,176,3.94486236705
speedup,rastrigin,300,400,2,177,3.94486236705
speedup,rastrigin,300,400,2,178,3.94486236705
speedup,rastrigin,300,400,2,179,3.94486236705
speedup,rastrigin,300,400,2,180,3.94486236705
speedup,rastrigin,300,400,2,181,3.94486236705
speedup,rastrigin,300,400,2,182,3.94486236705
speedup,rastrigin,300,400,2,183,3.94486236705
speedup,rastrigin,300,400,2,184,3.94486236705
speedup,rastrigin,300,400,2,185,3.58105679277
speedup,rastrigin,300,400,2,186,3.58105679277
speedup,rastrigin,300,400,2,187,3.58105679277
speedup,rastrigin,300,400,2,188,3.58105679277
speedup,rastrigin,300,400,2,189,3.58105679277
speedup,rastrigin,300,400,2,190,3.58105679277
speedup,rastrigin,300,400,2,191,3.58105679277
speedup,rastrigin,300,400,2,192,3.58105679277
speedup,rastrigin,300,400,2,193,3.58105679277
speedup,rastrigin,300,400,2,194,3.58105679277
speedup,rastrigin,300,400,2,195,3.58105679277
speedup,rastrigin,300,400,2,196,3.58105679277
speedup,rastrigin,300,400,2,197,3.47008098523
speedup,rastrigin,300,400,2,198,3.47008098523
speedup,rastrigin,300,400,2,199,3.47008098523
speedup,rastrigin,300,400,2,200,3.47008098523
speedup,rastrigin,300,400,2,201,3.47008098523
speedup,rastrigin,300,400,2,202,3.47008098523
speedup,rastrigin,300,400,2,203,3.47008098523
speedup,rastrigin,300,400,2,204,3.47008098523
speedup,rastrigin,300,400,2,205,3.47008098523
speedup,rastrigin,300,400,2,206,3.47008098523
speedup,rastrigin,300,400,2,207,3.47008098523
speedup,rastrigin,300,400,2,208,3.45218319287
speedup,rastrigin,300,400,2,209,3.45218319287
speedup,rastrigin,300,400,2,210,3.45218319287
speedup,rastrigin,300,400,2,211,3.45218319287
speedup,rastrigin,300,400,2,212,3.22084126801
speedup,rastrigin,300,400,2,213,3.22084126801
speedup,rastrigin,300,400,2,214,3.22084126801
speedup,rastrigin,300,400,2,215,3.22084126801
speedup,rastrigin,300,400,2,216,3.22084126801
speedup,rastrigin,300,400,2,217,3.22084126801
speedup,rastrigin,300,400,2,218,3.22084126801
speedup,rastrigin,300,400,2,219,3.00702314761
speedup,rastrigin,300,400,2,220,2.92189645546
speedup,rastrigin,300,400,2,221,2.77980847936
speedup,rastrigin,300,400,2,222,2.77980847936
speedup,rastrigin,300,400,2,223,2.77980847936
speedup,rastrigin,300,400,2,224,2.77980847936
speedup,rastrigin,300,400,2,225,2.77980847936
speedup,rastrigin,300,400,2,226,2.77980847936
speedup,rastrigin,300,400,2,227,2.77980847936
speedup,rastrigin,300,400,2,228,2.77980847936
speedup,rastrigin,300,400,2,229,2.77980847936
speedup,rastrigin,300,400,2,230,2.77980847936
speedup,rastrigin,300,400,2,231,2.77980847936
speedup,rastrigin,300,400,2,232,2.77980847936
speedup,rastrigin,300,400,2,233,2.77980847936
speedup,rastrigin,300,400,2,234,2.77980847936
speedup,rastrigin,300,400,2,235,2.77980847936
speedup,rastrigin,300,400,2,236,2.77980847936
speedup,rastrigin,300,400,2,237,2.77980847936
speedup,rastrigin,300,400,2,238,2.77980847936
speedup,rastrigin,300,400,2,239,2.77980847936
speedup,rastrigin,300,400,2,240,2.77980847936
speedup,rastrigin,300,400,2,241,2.77980847936
speedup,rastrigin,300,400,2,242,2.42277608752
speedup,rastrigin,300,400,2,243,2.42277608752
speedup,rastrigin,300,400,2,244,2.42277608752
speedup,rastrigin,300,400,2,245,2.42277608752
speedup,rastrigin,300,400,2,246,2.42277608752
speedup,rastrigin,300,400,2,247,2.08967780533
speedup,rastrigin,300,400,2,248,2.08967780533
speedup,rastrigin,300,400,2,249,2.08967780533
speedup,rastrigin,300,400,2,250,2.08967780533
speedup,rastrigin,300,400,2,251,2.08967780533
speedup,rastrigin,300,400,2,252,2.08967780533
speedup,rastrigin,300,400,2,253,2.08967780533
speedup,rastrigin,300,400,2,254,2.08967780533
speedup,rastrigin,300,400,2,255,2.08967780533
speedup,rastrigin,300,400,2,256,2.08967780533
speedup,rastrigin,300,400,2,257,2.08967780533
speedup,rastrigin,300,400,2,258,2.08967780533
speedup,rastrigin,300,400,2,259,2.08967780533
speedup,rastrigin,300,400,2,260,2.08967780533
speedup,rastrigin,300,400,2,261,2.08967780533
speedup,rastrigin,300,400,2,262,2.08967780533
speedup,rastrigin,300,400,2,263,2.08967780533
speedup,rastrigin,300,400,2,264,2.08967780533
speedup,rastrigin,300,400,2,265,2.08967780533
speedup,rastrigin,300,400,2,266,2.08967780533
speedup,rastrigin,300,400,2,267,2.08967780533
speedup,rastrigin,300,400,2,268,2.08967780533
speedup,rastrigin,300,400,2,269,2.08967780533
speedup,rastrigin,300,400,2,270,2.08967780533
speedup,rastrigin,300,400,2,271,2.08967780533
speedup,rastrigin,300,400,2,272,2.08967780533
speedup,rastrigin,300,400,2,273,2.08967780533
speedup,rastrigin,300,400,2,274,2.0888323138
speedup,rastrigin,300,400,2,275,2.0888323138
speedup,rastrigin,300,400,2,276,2.0888323138
speedup,rastrigin,300,400,2,277,2.0888323138
speedup,rastrigin,300,400,2,278,2.0888323138
speedup,rastrigin,300,400,2,279,2.0888323138
speedup,rastrigin,300,400,2,280,2.0888323138
speedup,rastrigin,300,400,2,281,2.0888323138
speedup,rastrigin,300,400,2,282,2.0888323138
speedup,rastrigin,300,400,2,283,2.0888323138
speedup,rastrigin,300,400,2,284,2.0888323138
speedup,rastrigin,300,400,2,285,2.0888323138
speedup,rastrigin,300,400,2,286,2.0888323138
speedup,rastrigin,300,400,2,287,2.0888323138
speedup,rastrigin,300,400,2,288,2.0888323138
speedup,rastrigin,300,400,2,289,2.0888323138
speedup,rastrigin,300,400,2,290,2.0888323138
speedup,rastrigin,300,400,2,291,2.0888323138
speedup,rastrigin,300,400,2,292,2.0888323138
speedup,rastrigin,300,400,2,293,2.0888323138
speedup,rastrigin,300,400,2,294,2.0888323138
speedup,rastrigin,300,400,2,295,2.0888323138
speedup,rastrigin,300,400,2,296,1.98349416931
speedup,rastrigin,300,400,2,297,1.98349416931
speedup,rastrigin,300,400,2,298,1.98349416931
speedup,rastrigin,300,400,2,299,1.98349416931
speedup,rastrigin,300,400,2,300,1.98349416931
speedup,rastrigin,300,400,2,301,1.98349416931
speedup,rastrigin,300,400,2,302,1.98349416931
speedup,rastrigin,300,400,2,303,1.98349416931
speedup,rastrigin,300,400,2,304,1.98349416931
speedup,rastrigin,300,400,2,305,1.87683182429
speedup,rastrigin,300,400,2,306,1.87683182429
speedup,rastrigin,300,400,2,307,1.87683182429
speedup,rastrigin,300,400,2,308,1.861136672
speedup,rastrigin,300,400,2,309,1.861136672
speedup,rastrigin,300,400,2,310,1.861136672
speedup,rastrigin,300,400,2,311,1.861136672
speedup,rastrigin,300,400,2,312,1.861136672
speedup,rastrigin,300,400,2,313,1.861136672
speedup,rastrigin,300,400,2,314,1.861136672
speedup,rastrigin,300,400,2,315,1.861136672
speedup,rastrigin,300,400,2,316,0.992531312683
speedup,rastrigin,300,400,2,317,0.992531312683
speedup,rastrigin,300,400,2,318,0.992531312683
speedup,rastrigin,300,400,2,319,0.992531312683
speedup,rastrigin,300,400,2,320,0.992531312683
speedup,rastrigin,300,400,2,321,0.992531312683
speedup,rastrigin,300,400,2,322,0.992531312683
speedup,rastrigin,300,400,2,323,0.992531312683
speedup,rastrigin,300,400,2,324,0.992531312683
speedup,rastrigin,300,400,2,325,0.992531312683
speedup,rastrigin,300,400,2,326,0.992531312683
speedup,rastrigin,300,400,2,327,0.992531312683
speedup,rastrigin,300,400,2,328,0.992531312683
speedup,rastrigin,300,400,2,329,0.992531312683
speedup,rastrigin,300,400,2,330,0.992531312683
speedup,rastrigin,300,400,2,331,0.992531312683
speedup,rastrigin,300,400,2,332,0.992531312683
speedup,rastrigin,300,400,2,333,0.992531312683
speedup,rastrigin,300,400,2,334,0.992531312683
speedup,rastrigin,300,400,2,335,0.992531312683
speedup,rastrigin,300,400,2,336,0.992531312683
speedup,rastrigin,300,400,2,337,0.992531312683
speedup,rastrigin,300,400,2,338,0.992531312683
speedup,rastrigin,300,400,2,339,0.992531312683
speedup,rastrigin,300,400,2,340,0.992531312683
speedup,rastrigin,300,400,2,341,0.992531312683
speedup,rastrigin,300,400,2,342,0.992531312683
speedup,rastrigin,300,400,2,343,0.992531312683
speedup,rastrigin,300,400,2,344,0.992531312683
speedup,rastrigin,300,400,2,345,0.992531312683
speedup,rastrigin,300,400,2,346,0.966130740812
speedup,rastrigin,300,400,2,347,0.966130740812
speedup,rastrigin,300,400,2,348,0.966130740812
speedup,rastrigin,300,400,2,349,0.966130740812
speedup,rastrigin,300,400,2,350,0.966130740812
speedup,rastrigin,300,400,2,351,0.966130740812
speedup,rastrigin,300,400,2,352,0.966130740812
speedup,rastrigin,300,400,2,353,0.966130740812
speedup,rastrigin,300,400,2,354,0.966130740812
speedup,rastrigin,300,400,2,355,0.966130740812
speedup,rastrigin,300,400,2,356,0.575061995878
speedup,rastrigin,300,400,2,357,0.575061995878
speedup,rastrigin,300,400,2,358,0.575061995878
speedup,rastrigin,300,400,2,359,0.575061995878
speedup,rastrigin,300,400,2,360,0.575061995878
speedup,rastrigin,300,400,2,361,0.575061995878
speedup,rastrigin,300,400,2,362,0.575061995878
speedup,rastrigin,300,400,2,363,0.575061995878
speedup,rastrigin,300,400,2,364,0.575061995878
speedup,rastrigin,300,400,2,365,0.575061995878
speedup,rastrigin,300,400,2,366,0.575061995878
speedup,rastrigin,300,400,2,367,0.575061995878
speedup,rastrigin,300,400,2,368,0.575061995878
speedup,rastrigin,300,400,2,369,0.575061995878
speedup,rastrigin,300,400,2,370,0.575061995878
speedup,rastrigin,300,400,2,371,0.575061995878
speedup,rastrigin,300,400,2,372,0.575061995878
speedup,rastrigin,300,400,2,373,0.575061995878
speedup,rastrigin,300,400,2,374,0.575061995878
speedup,rastrigin,300,400,2,375,0.575061995878
speedup,rastrigin,300,400,2,376,0.575061995878
speedup,rastrigin,300,400,2,377,0.575061995878
speedup,rastrigin,300,400,2,378,0.575061995878
speedup,rastrigin,300,400,2,379,0.575061995878
speedup,rastrigin,300,400,2,380,0.575061995878
speedup,rastrigin,300,400,2,381,0.528789865387
speedup,rastrigin,300,400,2,382,0.465678203379
speedup,rastrigin,300,400,2,383,0.465678203379
speedup,rastrigin,300,400,2,384,0.465678203379
speedup,rastrigin,300,400,2,385,0.465678203379
speedup,rastrigin,300,400,2,386,0.465678203379
speedup,rastrigin,300,400,2,387,0.465678203379
speedup,rastrigin,300,400,2,388,0.465678203379
speedup,rastrigin,300,400,2,389,0.465678203379
speedup,rastrigin,300,400,2,390,0.465678203379
speedup,rastrigin,300,400,2,391,0.465678203379
speedup,rastrigin,300,400,2,392,0.465678203379
speedup,rastrigin,300,400,2,393,0.465678203379
speedup,rastrigin,300,400,2,394,0.465678203379
speedup,rastrigin,300,400,2,395,0.465678203379
speedup,rastrigin,300,400,2,396,0.465678203379
speedup,rastrigin,300,400,2,397,0.465678203379
speedup,rastrigin,300,400,2,398,0.465678203379
speedup,rastrigin,300,400,2,399,0.465678203379
speedup,rastrigin,300,400,2,400,0.465678203379
speedup,rastrigin,300,400,2,0,242.400573985
speedup,rastrigin,300,400,2,1,195.825047071
speedup,rastrigin,300,400,2,2,171.230703899
speedup,rastrigin,300,400,2,3,147.537739152
speedup,rastrigin,300,400,2,4,142.526049138
speedup,rastrigin,300,400,2,5,112.311916447
speedup,rastrigin,300,400,2,6,110.714512957
speedup,rastrigin,300,400,2,7,110.714512957
speedup,rastrigin,300,400,2,8,100.624062783
speedup,rastrigin,300,400,2,9,95.9874709935
speedup,rastrigin,300,400,2,10,75.0379518686
speedup,rastrigin,300,400,2,11,74.9307440788
speedup,rastrigin,300,400,2,12,74.9307440788
speedup,rastrigin,300,400,2,13,50.9893564963
speedup,rastrigin,300,400,2,14,50.9893564963
speedup,rastrigin,300,400,2,15,50.9893564963
speedup,rastrigin,300,400,2,16,50.5477375153
speedup,rastrigin,300,400,2,17,50.5477375153
speedup,rastrigin,300,400,2,18,43.3133269095
speedup,rastrigin,300,400,2,19,43.3133269095
speedup,rastrigin,300,400,2,20,43.3133269095
speedup,rastrigin,300,400,2,21,43.3133269095
speedup,rastrigin,300,400,2,22,36.3036150721
speedup,rastrigin,300,400,2,23,36.3036150721
speedup,rastrigin,300,400,2,24,36.3036150721
speedup,rastrigin,300,400,2,25,30.7287693817
speedup,rastrigin,300,400,2,26,30.7287693817
speedup,rastrigin,300,400,2,27,30.7287693817
speedup,rastrigin,300,400,2,28,30.7287693817
speedup,rastrigin,300,400,2,29,26.455761535
speedup,rastrigin,300,400,2,30,26.455761535
speedup,rastrigin,300,400,2,31,20.5666010514
speedup,rastrigin,300,400,2,32,20.5666010514
speedup,rastrigin,300,400,2,33,20.5666010514
speedup,rastrigin,300,400,2,34,20.5666010514
speedup,rastrigin,300,400,2,35,20.5666010514
speedup,rastrigin,300,400,2,36,20.5666010514
speedup,rastrigin,300,400,2,37,20.5666010514
speedup,rastrigin,300,400,2,38,20.5666010514
speedup,rastrigin,300,400,2,39,20.5666010514
speedup,rastrigin,300,400,2,40,20.5666010514
speedup,rastrigin,300,400,2,41,20.5666010514
speedup,rastrigin,300,400,2,42,20.5666010514
speedup,rastrigin,300,400,2,43,20.5666010514
speedup,rastrigin,300,400,2,44,20.5666010514
speedup,rastrigin,300,400,2,45,20.5666010514
speedup,rastrigin,300,400,2,46,18.4338039716
speedup,rastrigin,300,400,2,47,18.4338039716
speedup,rastrigin,300,400,2,48,18.4338039716
speedup,rastrigin,300,400,2,49,18.4338039716
speedup,rastrigin,300,400,2,50,18.4338039716
speedup,rastrigin,300,400,2,51,18.4338039716
speedup,rastrigin,300,400,2,52,18.4338039716
speedup,rastrigin,300,400,2,53,17.8258618525
speedup,rastrigin,300,400,2,54,14.1761773153
speedup,rastrigin,300,400,2,55,14.1761773153
speedup,rastrigin,300,400,2,56,13.5768468212
speedup,rastrigin,300,400,2,57,13.5768468212
speedup,rastrigin,300,400,2,58,13.5768468212
speedup,rastrigin,300,400,2,59,12.8686029669
speedup,rastrigin,300,400,2,60,11.2187748714
speedup,rastrigin,300,400,2,61,11.0524594599
speedup,rastrigin,300,400,2,62,10.3898120834
speedup,rastrigin,300,400,2,63,10.3898120834
speedup,rastrigin,300,400,2,64,8.80735553897
speedup,rastrigin,300,400,2,65,8.80735553897
speedup,rastrigin,300,400,2,66,8.80735553897
speedup,rastrigin,300,400,2,67,8.54987078119
speedup,rastrigin,300,400,2,68,8.54987078119
speedup,rastrigin,300,400,2,69,8.52418371481
speedup,rastrigin,300,400,2,70,7.58573562031
speedup,rastrigin,300,400,2,71,7.58573562031
speedup,rastrigin,300,400,2,72,7.58573562031
speedup,rastrigin,300,400,2,73,7.48723269648
speedup,rastrigin,300,400,2,74,7.48723269648
speedup,rastrigin,300,400,2,75,7.48723269648
speedup,rastrigin,300,400,2,76,7.48723269648
speedup,rastrigin,300,400,2,77,7.48723269648
speedup,rastrigin,300,400,2,78,7.02944160755
speedup,rastrigin,300,400,2,79,7.02944160755
speedup,rastrigin,300,400,2,80,6.41905019225
speedup,rastrigin,300,400,2,81,6.41905019225
speedup,rastrigin,300,400,2,82,6.41905019225
speedup,rastrigin,300,400,2,83,6.41905019225
speedup,rastrigin,300,400,2,84,6.41905019225
speedup,rastrigin,300,400,2,85,5.54009896475
speedup,rastrigin,300,400,2,86,5.54009896475
speedup,rastrigin,300,400,2,87,5.09818407202
speedup,rastrigin,300,400,2,88,5.09818407202
speedup,rastrigin,300,400,2,89,5.09818407202
speedup,rastrigin,300,400,2,90,5.09818407202
speedup,rastrigin,300,400,2,91,5.09818407202
speedup,rastrigin,300,400,2,92,5.09818407202
speedup,rastrigin,300,400,2,93,5.09818407202
speedup,rastrigin,300,400,2,94,5.09818407202
speedup,rastrigin,300,400,2,95,5.09818407202
speedup,rastrigin,300,400,2,96,5.09818407202
speedup,rastrigin,300,400,2,97,5.09818407202
speedup,rastrigin,300,400,2,98,5.09818407202
speedup,rastrigin,300,400,2,99,5.09818407202
speedup,rastrigin,300,400,2,100,5.09818407202
speedup,rastrigin,300,400,2,101,5.09818407202
speedup,rastrigin,300,400,2,102,5.09818407202
speedup,rastrigin,300,400,2,103,5.09818407202
speedup,rastrigin,300,400,2,104,5.09818407202
speedup,rastrigin,300,400,2,105,5.09818407202
speedup,rastrigin,300,400,2,106,5.09818407202
speedup,rastrigin,300,400,2,107,5.09818407202
speedup,rastrigin,300,400,2,108,5.09818407202
speedup,rastrigin,300,400,2,109,5.09818407202
speedup,rastrigin,300,400,2,110,5.09818407202
speedup,rastrigin,300,400,2,111,5.09818407202
speedup,rastrigin,300,400,2,112,5.09818407202
speedup,rastrigin,300,400,2,113,5.09818407202
speedup,rastrigin,300,400,2,114,5.09818407202
speedup,rastrigin,300,400,2,115,5.09818407202
speedup,rastrigin,300,400,2,116,5.09818407202
speedup,rastrigin,300,400,2,117,5.09818407202
speedup,rastrigin,300,400,2,118,5.09818407202
speedup,rastrigin,300,400,2,119,5.09818407202
speedup,rastrigin,300,400,2,120,5.09818407202
speedup,rastrigin,300,400,2,121,5.09818407202
speedup,rastrigin,300,400,2,122,5.09818407202
speedup,rastrigin,300,400,2,123,5.09818407202
speedup,rastrigin,300,400,2,124,5.09818407202
speedup,rastrigin,300,400,2,125,5.09818407202
speedup,rastrigin,300,400,2,126,5.09818407202
speedup,rastrigin,300,400,2,127,5.09818407202
speedup,rastrigin,300,400,2,128,5.09818407202
speedup,rastrigin,300,400,2,129,5.09818407202
speedup,rastrigin,300,400,2,130,5.09818407202
speedup,rastrigin,300,400,2,131,5.09818407202
speedup,rastrigin,300,400,2,132,5.09818407202
speedup,rastrigin,300,400,2,133,5.09818407202
speedup,rastrigin,300,400,2,134,5.09818407202
speedup,rastrigin,300,400,2,135,5.09818407202
speedup,rastrigin,300,400,2,136,5.09818407202
speedup,rastrigin,300,400,2,137,5.09818407202
speedup,rastrigin,300,400,2,138,5.09818407202
speedup,rastrigin,300,400,2,139,5.09818407202
speedup,rastrigin,300,400,2,140,5.09818407202
speedup,rastrigin,300,400,2,141,5.09818407202
speedup,rastrigin,300,400,2,142,5.09818407202
speedup,rastrigin,300,400,2,143,5.09818407202
speedup,rastrigin,300,400,2,144,5.09818407202
speedup,rastrigin,300,400,2,145,5.09818407202
speedup,rastrigin,300,400,2,146,4.85575149566
speedup,rastrigin,300,400,2,147,4.85575149566
speedup,rastrigin,300,400,2,148,4.85575149566
speedup,rastrigin,300,400,2,149,4.85575149566
speedup,rastrigin,300,400,2,150,4.85575149566
speedup,rastrigin,300,400,2,151,4.85575149566
speedup,rastrigin,300,400,2,152,4.85575149566
speedup,rastrigin,300,400,2,153,4.85575149566
speedup,rastrigin,300,400,2,154,4.85575149566
speedup,rastrigin,300,400,2,155,4.85575149566
speedup,rastrigin,300,400,2,156,4.85575149566
speedup,rastrigin,300,400,2,157,4.64157406381
speedup,rastrigin,300,400,2,158,4.64157406381
speedup,rastrigin,300,400,2,159,4.64157406381
speedup,rastrigin,300,400,2,160,4.64157406381
speedup,rastrigin,300,400,2,161,4.64157406381
speedup,rastrigin,300,400,2,162,4.64157406381
speedup,rastrigin,300,400,2,163,4.64157406381
speedup,rastrigin,300,400,2,164,4.64157406381
speedup,rastrigin,300,400,2,165,4.64157406381
speedup,rastrigin,300,400,2,166,4.64157406381
speedup,rastrigin,300,400,2,167,4.64157406381
speedup,rastrigin,300,400,2,168,4.57506561746
speedup,rastrigin,300,400,2,169,4.57506561746
speedup,rastrigin,300,400,2,170,4.57506561746
speedup,rastrigin,300,400,2,171,4.57506561746
speedup,rastrigin,300,400,2,172,4.57506561746
speedup,rastrigin,300,400,2,173,4.57506561746
speedup,rastrigin,300,400,2,174,4.57506561746
speedup,rastrigin,300,400,2,175,4.57506561746
speedup,rastrigin,300,400,2,176,4.57506561746
speedup,rastrigin,300,400,2,177,4.57506561746
speedup,rastrigin,300,400,2,178,4.16836713966
speedup,rastrigin,300,400,2,179,4.16836713966
speedup,rastrigin,300,400,2,180,4.16836713966
speedup,rastrigin,300,400,2,181,4.16836713966
speedup,rastrigin,300,400,2,182,4.16836713966
speedup,rastrigin,300,400,2,183,4.16836713966
speedup,rastrigin,300,400,2,184,4.16836713966
speedup,rastrigin,300,400,2,185,4.16836713966
speedup,rastrigin,300,400,2,186,4.16836713966
speedup,rastrigin,300,400,2,187,4.16836713966
speedup,rastrigin,300,400,2,188,4.16836713966
speedup,rastrigin,300,400,2,189,4.16836713966
speedup,rastrigin,300,400,2,190,4.16836713966
speedup,rastrigin,300,400,2,191,4.16836713966
speedup,rastrigin,300,400,2,192,4.16836713966
speedup,rastrigin,300,400,2,193,4.16836713966
speedup,rastrigin,300,400,2,194,4.16836713966
speedup,rastrigin,300,400,2,195,4.16836713966
speedup,rastrigin,300,400,2,196,4.16836713966
speedup,rastrigin,300,400,2,197,4.16836713966
speedup,rastrigin,300,400,2,198,4.16836713966
speedup,rastrigin,300,400,2,199,4.16836713966
speedup,rastrigin,300,400,2,200,4.16836713966
speedup,rastrigin,300,400,2,201,4.16836713966
speedup,rastrigin,300,400,2,202,4.16836713966
speedup,rastrigin,300,400,2,203,4.16836713966
speedup,rastrigin,300,400,2,204,4.15282819987
speedup,rastrigin,300,400,2,205,4.15282819987
speedup,rastrigin,300,400,2,206,4.15282819987
speedup,rastrigin,300,400,2,207,4.15282819987
speedup,rastrigin,300,400,2,208,4.15282819987
speedup,rastrigin,300,400,2,209,4.15282819987
speedup,rastrigin,300,400,2,210,4.15282819987
speedup,rastrigin,300,400,2,211,4.15282819987
speedup,rastrigin,300,400,2,212,4.15282819987
speedup,rastrigin,300,400,2,213,4.15282819987
speedup,rastrigin,300,400,2,214,4.15282819987
speedup,rastrigin,300,400,2,215,4.15282819987
speedup,rastrigin,300,400,2,216,4.15282819987
speedup,rastrigin,300,400,2,217,4.15282819987
speedup,rastrigin,300,400,2,218,4.15282819987
speedup,rastrigin,300,400,2,219,4.15282819987
speedup,rastrigin,300,400,2,220,4.15282819987
speedup,rastrigin,300,400,2,221,4.15282819987
speedup,rastrigin,300,400,2,222,4.15282819987
speedup,rastrigin,300,400,2,223,4.15282819987
speedup,rastrigin,300,400,2,224,4.15282819987
speedup,rastrigin,300,400,2,225,4.15282819987
speedup,rastrigin,300,400,2,226,4.15282819987
speedup,rastrigin,300,400,2,227,4.15282819987
speedup,rastrigin,300,400,2,228,4.15282819987
speedup,rastrigin,300,400,2,229,4.15282819987
speedup,rastrigin,300,400,2,230,4.15282819987
speedup,rastrigin,300,400,2,231,4.15282819987
speedup,rastrigin,300,400,2,232,4.15282819987
speedup,rastrigin,300,400,2,233,4.15282819987
speedup,rastrigin,300,400,2,234,4.15282819987
speedup,rastrigin,300,400,2,235,4.15282819987
speedup,rastrigin,300,400,2,236,4.15282819987
speedup,rastrigin,300,400,2,237,4.15282819987
speedup,rastrigin,300,400,2,238,4.15282819987
speedup,rastrigin,300,400,2,239,4.15282819987
speedup,rastrigin,300,400,2,240,4.15282819987
speedup,rastrigin,300,400,2,241,4.15282819987
speedup,rastrigin,300,400,2,242,4.15282819987
speedup,rastrigin,300,400,2,243,4.15282819987
speedup,rastrigin,300,400,2,244,4.15282819987
speedup,rastrigin,300,400,2,245,4.15282819987
speedup,rastrigin,300,400,2,246,4.15282819987
speedup,rastrigin,300,400,2,247,4.15282819987
speedup,rastrigin,300,400,2,248,4.15282819987
speedup,rastrigin,300,400,2,249,4.15282819987
speedup,rastrigin,300,400,2,250,4.15282819987
speedup,rastrigin,300,400,2,251,4.15282819987
speedup,rastrigin,300,400,2,252,4.15282819987
speedup,rastrigin,300,400,2,253,4.15282819987
speedup,rastrigin,300,400,2,254,4.15282819987
speedup,rastrigin,300,400,2,255,4.15282819987
speedup,rastrigin,300,400,2,256,4.15282819987
speedup,rastrigin,300,400,2,257,4.15282819987
speedup,rastrigin,300,400,2,258,4.15282819987
speedup,rastrigin,300,400,2,259,4.15282819987
speedup,rastrigin,300,400,2,260,4.15282819987
speedup,rastrigin,300,400,2,261,4.15282819987
speedup,rastrigin,300,400,2,262,4.15282819987
speedup,rastrigin,300,400,2,263,4.15282819987
speedup,rastrigin,300,400,2,264,4.15282819987
speedup,rastrigin,300,400,2,265,4.15282819987
speedup,rastrigin,300,400,2,266,4.15282819987
speedup,rastrigin,300,400,2,267,4.15282819987
speedup,rastrigin,300,400,2,268,4.15282819987
speedup,rastrigin,300,400,2,269,4.15282819987
speedup,rastrigin,300,400,2,270,4.15282819987
speedup,rastrigin,300,400,2,271,3.92769150348
speedup,rastrigin,300,400,2,272,3.92769150348
speedup,rastrigin,300,400,2,273,3.92769150348
speedup,rastrigin,300,400,2,274,3.92769150348
speedup,rastrigin,300,400,2,275,3.92769150348
speedup,rastrigin,300,400,2,276,3.92769150348
speedup,rastrigin,300,400,2,277,3.92769150348
speedup,rastrigin,300,400,2,278,3.92769150348
speedup,rastrigin,300,400,2,279,3.92769150348
speedup,rastrigin,300,400,2,280,3.92769150348
speedup,rastrigin,300,400,2,281,3.92769150348
speedup,rastrigin,300,400,2,282,3.92769150348
speedup,rastrigin,300,400,2,283,3.92769150348
speedup,rastrigin,300,400,2,284,3.92769150348
speedup,rastrigin,300,400,2,285,3.92769150348
speedup,rastrigin,300,400,2,286,3.92769150348
speedup,rastrigin,300,400,2,287,3.92769150348
speedup,rastrigin,300,400,2,288,3.92769150348
speedup,rastrigin,300,400,2,289,3.92769150348
speedup,rastrigin,300,400,2,290,3.92769150348
speedup,rastrigin,300,400,2,291,3.92769150348
speedup,rastrigin,300,400,2,292,3.92769150348
speedup,rastrigin,300,400,2,293,3.92769150348
speedup,rastrigin,300,400,2,294,3.92769150348
speedup,rastrigin,300,400,2,295,3.92769150348
speedup,rastrigin,300,400,2,296,3.92769150348
speedup,rastrigin,300,400,2,297,3.92769150348
speedup,rastrigin,300,400,2,298,3.92769150348
speedup,rastrigin,300,400,2,299,3.92769150348
speedup,rastrigin,300,400,2,300,3.92769150348
speedup,rastrigin,300,400,2,301,3.92769150348
speedup,rastrigin,300,400,2,302,3.92769150348
speedup,rastrigin,300,400,2,303,3.92769150348
speedup,rastrigin,300,400,2,304,3.92769150348
speedup,rastrigin,300,400,2,305,3.65241807523
speedup,rastrigin,300,400,2,306,3.65241807523
speedup,rastrigin,300,400,2,307,3.65241807523
speedup,rastrigin,300,400,2,308,3.65241807523
speedup,rastrigin,300,400,2,309,3.65241807523
speedup,rastrigin,300,400,2,310,3.65241807523
speedup,rastrigin,300,400,2,311,3.65241807523
speedup,rastrigin,300,400,2,312,3.65241807523
speedup,rastrigin,300,400,2,313,3.65241807523
speedup,rastrigin,300,400,2,314,3.65241807523
speedup,rastrigin,300,400,2,315,3.65241807523
speedup,rastrigin,300,400,2,316,3.65241807523
speedup,rastrigin,300,400,2,317,3.65241807523
speedup,rastrigin,300,400,2,318,3.65241807523
speedup,rastrigin,300,400,2,319,3.65241807523
speedup,rastrigin,300,400,2,320,3.65241807523
speedup,rastrigin,300,400,2,321,3.65241807523
speedup,rastrigin,300,400,2,322,3.5103887739
speedup,rastrigin,300,400,2,323,3.5103887739
speedup,rastrigin,300,400,2,324,3.5103887739
speedup,rastrigin,300,400,2,325,3.29106360103
speedup,rastrigin,300,400,2,326,3.29106360103
speedup,rastrigin,300,400,2,327,3.29106360103
speedup,rastrigin,300,400,2,328,3.29106360103
speedup,rastrigin,300,400,2,329,3.29106360103
speedup,rastrigin,300,400,2,330,3.29106360103
speedup,rastrigin,300,400,2,331,3.29106360103
speedup,rastrigin,300,400,2,332,3.29106360103
speedup,rastrigin,300,400,2,333,3.29106360103
speedup,rastrigin,300,400,2,334,3.29106360103
speedup,rastrigin,300,400,2,335,2.98043479211
speedup,rastrigin,300,400,2,336,2.98043479211
speedup,rastrigin,300,400,2,337,2.98043479211
speedup,rastrigin,300,400,2,338,2.8895270744
speedup,rastrigin,300,400,2,339,2.8895270744
speedup,rastrigin,300,400,2,340,2.8895270744
speedup,rastrigin,300,400,2,341,2.8895270744
speedup,rastrigin,300,400,2,342,2.8895270744
speedup,rastrigin,300,400,2,343,2.8895270744
speedup,rastrigin,300,400,2,344,2.8895270744
speedup,rastrigin,300,400,2,345,2.8895270744
speedup,rastrigin,300,400,2,346,2.4280633492
speedup,rastrigin,300,400,2,347,2.4280633492
speedup,rastrigin,300,400,2,348,2.4280633492
speedup,rastrigin,300,400,2,349,2.4280633492
speedup,rastrigin,300,400,2,350,2.4280633492
speedup,rastrigin,300,400,2,351,2.4280633492
speedup,rastrigin,300,400,2,352,2.4280633492
speedup,rastrigin,300,400,2,353,2.4280633492
speedup,rastrigin,300,400,2,354,2.4280633492
speedup,rastrigin,300,400,2,355,2.4280633492
speedup,rastrigin,300,400,2,356,2.4280633492
speedup,rastrigin,300,400,2,357,2.4280633492
speedup,rastrigin,300,400,2,358,2.4280633492
speedup,rastrigin,300,400,2,359,2.4280633492
speedup,rastrigin,300,400,2,360,2.4280633492
speedup,rastrigin,300,400,2,361,2.4280633492
speedup,rastrigin,300,400,2,362,2.4280633492
speedup,rastrigin,300,400,2,363,2.4280633492
speedup,rastrigin,300,400,2,364,2.4280633492
speedup,rastrigin,300,400,2,365,2.4280633492
speedup,rastrigin,300,400,2,366,2.4280633492
speedup,rastrigin,300,400,2,367,2.4280633492
speedup,rastrigin,300,400,2,368,2.4280633492
speedup,rastrigin,300,400,2,369,2.4280633492
speedup,rastrigin,300,400,2,370,2.4280633492
speedup,rastrigin,300,400,2,371,2.4280633492
speedup,rastrigin,300,400,2,372,2.4280633492
speedup,rastrigin,300,400,2,373,2.4280633492
speedup,rastrigin,300,400,2,374,2.4280633492
speedup,rastrigin,300,400,2,375,2.4280633492
speedup,rastrigin,300,400,2,376,2.4280633492
speedup,rastrigin,300,400,2,377,2.4280633492
speedup,rastrigin,300,400,2,378,2.4280633492
speedup,rastrigin,300,400,2,379,2.4280633492
speedup,rastrigin,300,400,2,380,2.4280633492
speedup,rastrigin,300,400,2,381,2.4280633492
speedup,rastrigin,300,400,2,382,2.4280633492
speedup,rastrigin,300,400,2,383,2.4280633492
speedup,rastrigin,300,400,2,384,2.4280633492
speedup,rastrigin,300,400,2,385,2.4280633492
speedup,rastrigin,300,400,2,386,2.4280633492
speedup,rastrigin,300,400,2,387,2.4280633492
speedup,rastrigin,300,400,2,388,2.4280633492
speedup,rastrigin,300,400,2,389,2.4280633492
speedup,rastrigin,300,400,2,390,2.4280633492
speedup,rastrigin,300,400,2,391,2.4280633492
speedup,rastrigin,300,400,2,392,2.3532345556
speedup,rastrigin,300,400,2,393,2.3532345556
speedup,rastrigin,300,400,2,394,2.14042218881
speedup,rastrigin,300,400,2,395,2.14042218881
speedup,rastrigin,300,400,2,396,2.14042218881
speedup,rastrigin,300,400,2,397,2.14042218881
speedup,rastrigin,300,400,2,398,2.14042218881
speedup,rastrigin,300,400,2,399,2.14042218881
speedup,rastrigin,300,400,2,400,2.14042218881
speedup,rastrigin,300,400,2,0,260.213534867
speedup,rastrigin,300,400,2,1,188.358375453
speedup,rastrigin,300,400,2,2,162.739852549
speedup,rastrigin,300,400,2,3,149.966798148
speedup,rastrigin,300,400,2,4,116.624899797
speedup,rastrigin,300,400,2,5,116.624899797
speedup,rastrigin,300,400,2,6,116.624899797
speedup,rastrigin,300,400,2,7,110.163241046
speedup,rastrigin,300,400,2,8,92.9205187795
speedup,rastrigin,300,400,2,9,92.9205187795
speedup,rastrigin,300,400,2,10,82.848500144
speedup,rastrigin,300,400,2,11,74.745699174
speedup,rastrigin,300,400,2,12,74.745699174
speedup,rastrigin,300,400,2,13,74.745699174
speedup,rastrigin,300,400,2,14,72.6063098485
speedup,rastrigin,300,400,2,15,61.7891711722
speedup,rastrigin,300,400,2,16,60.2300164129
speedup,rastrigin,300,400,2,17,55.963426013
speedup,rastrigin,300,400,2,18,52.5522813337
speedup,rastrigin,300,400,2,19,44.167501927
speedup,rastrigin,300,400,2,20,30.2327391976
speedup,rastrigin,300,400,2,21,30.2327391976
speedup,rastrigin,300,400,2,22,30.2327391976
speedup,rastrigin,300,400,2,23,30.2327391976
speedup,rastrigin,300,400,2,24,23.8823967683
speedup,rastrigin,300,400,2,25,20.8304349072
speedup,rastrigin,300,400,2,26,20.8304349072
speedup,rastrigin,300,400,2,27,20.8304349072
speedup,rastrigin,300,400,2,28,20.7076692468
speedup,rastrigin,300,400,2,29,17.1592766722
speedup,rastrigin,300,400,2,30,17.1592766722
speedup,rastrigin,300,400,2,31,15.8106472473
speedup,rastrigin,300,400,2,32,15.8106472473
speedup,rastrigin,300,400,2,33,15.8106472473
speedup,rastrigin,300,400,2,34,14.8382409494
speedup,rastrigin,300,400,2,35,12.6639395252
speedup,rastrigin,300,400,2,36,12.6639395252
speedup,rastrigin,300,400,2,37,9.77295059074
speedup,rastrigin,300,400,2,38,9.38254104018
speedup,rastrigin,300,400,2,39,9.30843375311
speedup,rastrigin,300,400,2,40,9.30843375311
speedup,rastrigin,300,400,2,41,9.30843375311
speedup,rastrigin,300,400,2,42,9.17626224777
speedup,rastrigin,300,400,2,43,9.17626224777
speedup,rastrigin,300,400,2,44,9.17626224777
speedup,rastrigin,300,400,2,45,9.17626224777
speedup,rastrigin,300,400,2,46,9.17626224777
speedup,rastrigin,300,400,2,47,9.17626224777
speedup,rastrigin,300,400,2,48,9.07037501347
speedup,rastrigin,300,400,2,49,9.07037501347
speedup,rastrigin,300,400,2,50,9.07037501347
speedup,rastrigin,300,400,2,51,7.61081242186
speedup,rastrigin,300,400,2,52,7.61081242186
speedup,rastrigin,300,400,2,53,7.61081242186
speedup,rastrigin,300,400,2,54,7.61081242186
speedup,rastrigin,300,400,2,55,6.96903135924
speedup,rastrigin,300,400,2,56,6.96903135924
speedup,rastrigin,300,400,2,57,6.23512483516
speedup,rastrigin,300,400,2,58,6.23512483516
speedup,rastrigin,300,400,2,59,6.23512483516
speedup,rastrigin,300,400,2,60,6.23512483516
speedup,rastrigin,300,400,2,61,6.1347122931
speedup,rastrigin,300,400,2,62,5.77398444705
speedup,rastrigin,300,400,2,63,5.64324833321
speedup,rastrigin,300,400,2,64,5.58209784025
speedup,rastrigin,300,400,2,65,5.00224334775
speedup,rastrigin,300,400,2,66,5.00224334775
speedup,rastrigin,300,400,2,67,4.14991755868
speedup,rastrigin,300,400,2,68,4.14991755868
speedup,rastrigin,300,400,2,69,4.14991755868
speedup,rastrigin,300,400,2,70,4.14991755868
speedup,rastrigin,300,400,2,71,4.14991755868
speedup,rastrigin,300,400,2,72,4.14991755868
speedup,rastrigin,300,400,2,73,4.14991755868
speedup,rastrigin,300,400,2,74,4.14991755868
speedup,rastrigin,300,400,2,75,4.14991755868
speedup,rastrigin,300,400,2,76,4.14991755868
speedup,rastrigin,300,400,2,77,4.14991755868
speedup,rastrigin,300,400,2,78,4.14991755868
speedup,rastrigin,300,400,2,79,3.71445306326
speedup,rastrigin,300,400,2,80,3.71445306326
speedup,rastrigin,300,400,2,81,3.71445306326
speedup,rastrigin,300,400,2,82,3.71445306326
speedup,rastrigin,300,400,2,83,3.71445306326
speedup,rastrigin,300,400,2,84,3.71445306326
speedup,rastrigin,300,400,2,85,3.71445306326
speedup,rastrigin,300,400,2,86,3.70343367579
speedup,rastrigin,300,400,2,87,3.70343367579
speedup,rastrigin,300,400,2,88,3.49044795038
speedup,rastrigin,300,400,2,89,3.49044795038
speedup,rastrigin,300,400,2,90,3.49044795038
speedup,rastrigin,300,400,2,91,3.49044795038
speedup,rastrigin,300,400,2,92,3.49044795038
speedup,rastrigin,300,400,2,93,3.49044795038
speedup,rastrigin,300,400,2,94,3.49044795038
speedup,rastrigin,300,400,2,95,3.49044795038
speedup,rastrigin,300,400,2,96,3.49044795038
speedup,rastrigin,300,400,2,97,3.49044795038
speedup,rastrigin,300,400,2,98,3.49044795038
speedup,rastrigin,300,400,2,99,3.49044795038
speedup,rastrigin,300,400,2,100,3.34460093507
speedup,rastrigin,300,400,2,101,3.34460093507
speedup,rastrigin,300,400,2,102,3.34460093507
speedup,rastrigin,300,400,2,103,3.34460093507
speedup,rastrigin,300,400,2,104,3.28791308252
speedup,rastrigin,300,400,2,105,2.8650505495
speedup,rastrigin,300,400,2,106,2.8650505495
speedup,rastrigin,300,400,2,107,2.8650505495
speedup,rastrigin,300,400,2,108,2.56754912059
speedup,rastrigin,300,400,2,109,2.40575437657
speedup,rastrigin,300,400,2,110,2.40575437657
speedup,rastrigin,300,400,2,111,2.40575437657
speedup,rastrigin,300,400,2,112,2.40575437657
speedup,rastrigin,300,400,2,113,2.40575437657
speedup,rastrigin,300,400,2,114,2.40575437657
speedup,rastrigin,300,400,2,115,2.40575437657
speedup,rastrigin,300,400,2,116,2.40575437657
speedup,rastrigin,300,400,2,117,2.40575437657
speedup,rastrigin,300,400,2,118,2.40575437657
speedup,rastrigin,300,400,2,119,2.40575437657
speedup,rastrigin,300,400,2,120,2.40575437657
speedup,rastrigin,300,400,2,121,2.16948400398
speedup,rastrigin,300,400,2,122,2.16948400398
speedup,rastrigin,300,400,2,123,2.16948400398
speedup,rastrigin,300,400,2,124,2.16948400398
speedup,rastrigin,300,400,2,125,2.16948400398
speedup,rastrigin,300,400,2,126,2.16948400398
speedup,rastrigin,300,400,2,127,2.16948400398
speedup,rastrigin,300,400,2,128,2.16948400398
speedup,rastrigin,300,400,2,129,2.16948400398
speedup,rastrigin,300,400,2,130,2.16948400398
speedup,rastrigin,300,400,2,131,1.89362099715
speedup,rastrigin,300,400,2,132,1.89362099715
speedup,rastrigin,300,400,2,133,1.89362099715
speedup,rastrigin,300,400,2,134,1.89362099715
speedup,rastrigin,300,400,2,135,1.89362099715
speedup,rastrigin,300,400,2,136,1.89362099715
speedup,rastrigin,300,400,2,137,1.89362099715
speedup,rastrigin,300,400,2,138,1.89362099715
speedup,rastrigin,300,400,2,139,1.89362099715
speedup,rastrigin,300,400,2,140,1.89362099715
speedup,rastrigin,300,400,2,141,1.89362099715
speedup,rastrigin,300,400,2,142,1.89362099715
speedup,rastrigin,300,400,2,143,1.89362099715
speedup,rastrigin,300,400,2,144,1.89285700477
speedup,rastrigin,300,400,2,145,1.89285700477
speedup,rastrigin,300,400,2,146,1.89285700477
speedup,rastrigin,300,400,2,147,1.84997126226
speedup,rastrigin,300,400,2,148,1.53882423897
speedup,rastrigin,300,400,2,149,1.53882423897
speedup,rastrigin,300,400,2,150,1.53882423897
speedup,rastrigin,300,400,2,151,1.53882423897
speedup,rastrigin,300,400,2,152,1.53882423897
speedup,rastrigin,300,400,2,153,1.53882423897
speedup,rastrigin,300,400,2,154,1.53882423897
speedup,rastrigin,300,400,2,155,1.53882423897
speedup,rastrigin,300,400,2,156,1.53882423897
speedup,rastrigin,300,400,2,157,1.39881511523
speedup,rastrigin,300,400,2,158,1.39881511523
speedup,rastrigin,300,400,2,159,1.39881511523
speedup,rastrigin,300,400,2,160,0.970957659146
speedup,rastrigin,300,400,2,161,0.970957659146
speedup,rastrigin,300,400,2,162,0.970957659146
speedup,rastrigin,300,400,2,163,0.970957659146
speedup,rastrigin,300,400,2,164,0.970957659146
speedup,rastrigin,300,400,2,165,0.970957659146
speedup,rastrigin,300,400,2,166,0.970957659146
speedup,rastrigin,300,400,2,167,0.970957659146
speedup,rastrigin,300,400,2,168,0.970957659146
speedup,rastrigin,300,400,2,169,0.970957659146
speedup,rastrigin,300,400,2,170,0.970957659146
speedup,rastrigin,300,400,2,171,0.970957659146
speedup,rastrigin,300,400,2,172,0.970957659146
speedup,rastrigin,300,400,2,173,0.970957659146
speedup,rastrigin,300,400,2,174,0.970957659146
speedup,rastrigin,300,400,2,175,0.970957659146
speedup,rastrigin,300,400,2,176,0.970957659146
speedup,rastrigin,300,400,2,177,0.970957659146
speedup,rastrigin,300,400,2,178,0.970957659146
speedup,rastrigin,300,400,2,179,0.970957659146
speedup,rastrigin,300,400,2,180,0.970957659146
speedup,rastrigin,300,400,2,181,0.970957659146
speedup,rastrigin,300,400,2,182,0.970957659146
speedup,rastrigin,300,400,2,183,0.970957659146
speedup,rastrigin,300,400,2,184,0.970957659146
speedup,rastrigin,300,400,2,185,0.970957659146
speedup,rastrigin,300,400,2,186,0.970957659146
speedup,rastrigin,300,400,2,187,0.970957659146
speedup,rastrigin,300,400,2,188,0.970957659146
speedup,rastrigin,300,400,2,189,0.970957659146
speedup,rastrigin,300,400,2,190,0.970957659146
speedup,rastrigin,300,400,2,191,0.970957659146
speedup,rastrigin,300,400,2,192,0.970957659146
speedup,rastrigin,300,400,2,193,0.970957659146
speedup,rastrigin,300,400,2,194,0.970957659146
speedup,rastrigin,300,400,2,195,0.970957659146
speedup,rastrigin,300,400,2,196,0.970957659146
speedup,rastrigin,300,400,2,197,0.970957659146
speedup,rastrigin,300,400,2,198,0.970957659146
speedup,rastrigin,300,400,2,199,0.970957659146
speedup,rastrigin,300,400,2,200,0.970957659146
speedup,rastrigin,300,400,2,201,0.970957659146
speedup,rastrigin,300,400,2,202,0.970957659146
speedup,rastrigin,300,400,2,203,0.970957659146
speedup,rastrigin,300,400,2,204,0.970957659146
speedup,rastrigin,300,400,2,205,0.970957659146
speedup,rastrigin,300,400,2,206,0.970957659146
speedup,rastrigin,300,400,2,207,0.970957659146
speedup,rastrigin,300,400,2,208,0.970957659146
speedup,rastrigin,300,400,2,209,0.970957659146
speedup,rastrigin,300,400,2,210,0.970957659146
speedup,rastrigin,300,400,2,211,0.970957659146
speedup,rastrigin,300,400,2,212,0.970957659146
speedup,rastrigin,300,400,2,213,0.970957659146
speedup,rastrigin,300,400,2,214,0.970957659146
speedup,rastrigin,300,400,2,215,0.970957659146
speedup,rastrigin,300,400,2,216,0.970957659146
speedup,rastrigin,300,400,2,217,0.56568558432
speedup,rastrigin,300,400,2,218,0.530308030931
speedup,rastrigin,300,400,2,219,0.530308030931
speedup,rastrigin,300,400,2,220,0.530308030931
speedup,rastrigin,300,400,2,221,0.530308030931
speedup,rastrigin,300,400,2,222,0.530308030931
speedup,rastrigin,300,400,2,223,0.530308030931
speedup,rastrigin,300,400,2,224,0.530308030931
speedup,rastrigin,300,400,2,225,0.530308030931
speedup,rastrigin,300,400,2,226,0.530308030931
speedup,rastrigin,300,400,2,227,0.530308030931
speedup,rastrigin,300,400,2,228,0.530308030931
speedup,rastrigin,300,400,2,229,0.530308030931
speedup,rastrigin,300,400,2,230,0.479498495917
speedup,rastrigin,300,400,2,231,0.479498495917
speedup,rastrigin,300,400,2,232,0.479498495917
speedup,rastrigin,300,400,2,233,0.479498495917
speedup,rastrigin,300,400,2,234,0.479498495917
speedup,rastrigin,300,400,2,235,0.479498495917
speedup,rastrigin,300,400,2,236,0.479498495917
speedup,rastrigin,300,400,2,237,0.479498495917
speedup,rastrigin,300,400,2,238,0.479498495917
speedup,rastrigin,300,400,2,239,0.479498495917
speedup,rastrigin,300,400,2,240,0.479498495917
speedup,rastrigin,300,400,2,241,0.479498495917
speedup,rastrigin,300,400,2,242,0.479498495917
speedup,rastrigin,300,400,2,243,0.479498495917
speedup,rastrigin,300,400,2,244,0.479498495917
speedup,rastrigin,300,400,2,245,0.479498495917
speedup,rastrigin,300,400,2,246,0.479498495917
speedup,rastrigin,300,400,2,247,0.479498495917
speedup,rastrigin,300,400,2,248,0.479498495917
speedup,rastrigin,300,400,2,249,0.479498495917
speedup,rastrigin,300,400,2,250,0.479498495917
speedup,rastrigin,300,400,2,251,0.479498495917
speedup,rastrigin,300,400,2,252,0.479498495917
speedup,rastrigin,300,400,2,253,0.479498495917
speedup,rastrigin,300,400,2,254,0.479498495917
speedup,rastrigin,300,400,2,255,0.479498495917
speedup,rastrigin,300,400,2,256,0.479498495917
speedup,rastrigin,300,400,2,257,0.479498495917
speedup,rastrigin,300,400,2,258,0.479498495917
speedup,rastrigin,300,400,2,259,0.479498495917
speedup,rastrigin,300,400,2,260,0.479498495917
speedup,rastrigin,300,400,2,261,0.479498495917
speedup,rastrigin,300,400,2,262,0.479498495917
speedup,rastrigin,300,400,2,263,0.479498495917
speedup,rastrigin,300,400,2,264,0.479498495917
speedup,rastrigin,300,400,2,265,0.479498495917
speedup,rastrigin,300,400,2,266,0.479498495917
speedup,rastrigin,300,400,2,267,0.479498495917
speedup,rastrigin,300,400,2,268,0.479498495917
speedup,rastrigin,300,400,2,269,0.469358393462
speedup,rastrigin,300,400,2,270,0.4197452539
speedup,rastrigin,300,400,2,271,0.4197452539
speedup,rastrigin,300,400,2,272,0.4197452539
speedup,rastrigin,300,400,2,273,0.4197452539
speedup,rastrigin,300,400,2,274,0.4197452539
speedup,rastrigin,300,400,2,275,0.4197452539
speedup,rastrigin,300,400,2,276,0.4197452539
speedup,rastrigin,300,400,2,277,0.4197452539
speedup,rastrigin,300,400,2,278,0.4197452539
speedup,rastrigin,300,400,2,279,0.4197452539
speedup,rastrigin,300,400,2,280,0.4197452539
speedup,rastrigin,300,400,2,281,0.4197452539
speedup,rastrigin,300,400,2,282,0.4197452539
speedup,rastrigin,300,400,2,283,0.4197452539
speedup,rastrigin,300,400,2,284,0.40873363307
speedup,rastrigin,300,400,2,285,0.40873363307
speedup,rastrigin,300,400,2,286,0.40873363307
speedup,rastrigin,300,400,2,287,0.40873363307
speedup,rastrigin,300,400,2,288,0.40873363307
speedup,rastrigin,300,400,2,289,0.40873363307
speedup,rastrigin,300,400,2,290,0.40873363307
speedup,rastrigin,300,400,2,291,0.40873363307
speedup,rastrigin,300,400,2,292,0.40873363307
speedup,rastrigin,300,400,2,293,0.40873363307
speedup,rastrigin,300,400,2,294,0.40873363307
speedup,rastrigin,300,400,2,295,0.40873363307
speedup,rastrigin,300,400,2,296,0.40873363307
speedup,rastrigin,300,400,2,297,0.40873363307
speedup,rastrigin,300,400,2,298,0.40873363307
speedup,rastrigin,300,400,2,299,0.40873363307
speedup,rastrigin,300,400,2,300,0.40873363307
speedup,rastrigin,300,400,2,301,0.40873363307
speedup,rastrigin,300,400,2,302,0.40873363307
speedup,rastrigin,300,400,2,303,0.40873363307
speedup,rastrigin,300,400,2,304,0.40873363307
speedup,rastrigin,300,400,2,305,0.40873363307
speedup,rastrigin,300,400,2,306,0.328094479616
speedup,rastrigin,300,400,2,307,0.328094479616
speedup,rastrigin,300,400,2,308,0.328094479616
speedup,rastrigin,300,400,2,309,0.328094479616
speedup,rastrigin,300,400,2,310,0.328094479616
speedup,rastrigin,300,400,2,311,0.328094479616
speedup,rastrigin,300,400,2,312,0.328094479616
speedup,rastrigin,300,400,2,313,0.328094479616
speedup,rastrigin,300,400,2,314,0.328094479616
speedup,rastrigin,300,400,2,315,0.328094479616
speedup,rastrigin,300,400,2,316,0.328094479616
speedup,rastrigin,300,400,2,317,0.328094479616
speedup,rastrigin,300,400,2,318,0.328094479616
speedup,rastrigin,300,400,2,319,0.328094479616
speedup,rastrigin,300,400,2,320,0.328094479616
speedup,rastrigin,300,400,2,321,0.328094479616
speedup,rastrigin,300,400,2,322,0.328094479616
speedup,rastrigin,300,400,2,323,0.328094479616
speedup,rastrigin,300,400,2,324,0.328094479616
speedup,rastrigin,300,400,2,325,0.328094479616
speedup,rastrigin,300,400,2,326,0.328094479616
speedup,rastrigin,300,400,2,327,0.328094479616
speedup,rastrigin,300,400,2,328,0.328094479616
speedup,rastrigin,300,400,2,329,0.328094479616
speedup,rastrigin,300,400,2,330,0.209583398412
speedup,rastrigin,300,400,2,331,0.209583398412
speedup,rastrigin,300,400,2,332,0.209583398412
speedup,rastrigin,300,400,2,333,0.209583398412
speedup,rastrigin,300,400,2,334,0.209583398412
speedup,rastrigin,300,400,2,335,0.209583398412
speedup,rastrigin,300,400,2,336,0.209583398412
speedup,rastrigin,300,400,2,337,0.209583398412
speedup,rastrigin,300,400,2,338,0.209583398412
speedup,rastrigin,300,400,2,339,0.209583398412
speedup,rastrigin,300,400,2,340,0.209583398412
speedup,rastrigin,300,400,2,341,0.209583398412
speedup,rastrigin,300,400,2,342,0.209583398412
speedup,rastrigin,300,400,2,343,0.209583398412
speedup,rastrigin,300,400,2,344,0.209583398412
speedup,rastrigin,300,400,2,345,0.209583398412
speedup,rastrigin,300,400,2,346,0.209583398412
speedup,rastrigin,300,400,2,347,0.209583398412
speedup,rastrigin,300,400,2,348,0.209583398412
speedup,rastrigin,300,400,2,349,0.209583398412
speedup,rastrigin,300,400,2,350,0.209583398412
speedup,rastrigin,300,400,2,351,0.209583398412
speedup,rastrigin,300,400,2,352,0.209583398412
speedup,rastrigin,300,400,2,353,0.209583398412
speedup,rastrigin,300,400,2,354,0.209583398412
speedup,rastrigin,300,400,2,355,0.209583398412
speedup,rastrigin,300,400,2,356,0.209583398412
speedup,rastrigin,300,400,2,357,0.209583398412
speedup,rastrigin,300,400,2,358,0.209583398412
speedup,rastrigin,300,400,2,359,0.209583398412
speedup,rastrigin,300,400,2,360,0.209583398412
speedup,rastrigin,300,400,2,361,0.209583398412
speedup,rastrigin,300,400,2,362,0.209583398412
speedup,rastrigin,300,400,2,363,0.209583398412
speedup,rastrigin,300,400,2,364,0.209583398412
speedup,rastrigin,300,400,2,365,0.209583398412
speedup,rastrigin,300,400,2,366,0.209583398412
speedup,rastrigin,300,400,2,367,0.209583398412
speedup,rastrigin,300,400,2,368,0.209583398412
speedup,rastrigin,300,400,2,369,0.209583398412
speedup,rastrigin,300,400,2,370,0.209583398412
speedup,rastrigin,300,400,2,371,0.209583398412
speedup,rastrigin,300,400,2,372,0.209583398412
speedup,rastrigin,300,400,2,373,0.209583398412
speedup,rastrigin,300,400,2,374,0.209583398412
speedup,rastrigin,300,400,2,375,0.209583398412
speedup,rastrigin,300,400,2,376,0.209583398412
speedup,rastrigin,300,400,2,377,0.209583398412
speedup,rastrigin,300,400,2,378,0.209583398412
speedup,rastrigin,300,400,2,379,0.209583398412
speedup,rastrigin,300,400,2,380,0.209583398412
speedup,rastrigin,300,400,2,381,0.209583398412
speedup,rastrigin,300,400,2,382,0.209583398412
speedup,rastrigin,300,400,2,383,0.209583398412
speedup,rastrigin,300,400,2,384,0.209583398412
speedup,rastrigin,300,400,2,385,0.209583398412
speedup,rastrigin,300,400,2,386,0.209583398412
speedup,rastrigin,300,400,2,387,0.209583398412
speedup,rastrigin,300,400,2,388,0.209583398412
speedup,rastrigin,300,400,2,389,0.171293828422
speedup,rastrigin,300,400,2,390,0.171293828422
speedup,rastrigin,300,400,2,391,0.171293828422
speedup,rastrigin,300,400,2,392,0.171293828422
speedup,rastrigin,300,400,2,393,0.171293828422
speedup,rastrigin,300,400,2,394,0.171293828422
speedup,rastrigin,300,400,2,395,0.171293828422
speedup,rastrigin,300,400,2,396,0.171293828422
speedup,rastrigin,300,400,2,397,0.171293828422
speedup,rastrigin,300,400,2,398,0.171293828422
speedup,rastrigin,300,400,2,399,0.171293828422
speedup,rastrigin,300,400,2,400,0.171293828422
speedup,rastrigin,300,400,2,0,237.654723028
speedup,rastrigin,300,400,2,1,177.261713138
speedup,rastrigin,300,400,2,2,177.261713138
speedup,rastrigin,300,400,2,3,132.710913966
speedup,rastrigin,300,400,2,4,132.68889215
speedup,rastrigin,300,400,2,5,120.090550112
speedup,rastrigin,300,400,2,6,116.62916049
speedup,rastrigin,300,400,2,7,116.62916049
speedup,rastrigin,300,400,2,8,95.988271055
speedup,rastrigin,300,400,2,9,95.988271055
speedup,rastrigin,300,400,2,10,95.988271055
speedup,rastrigin,300,400,2,11,78.5479330819
speedup,rastrigin,300,400,2,12,78.5479330819
speedup,rastrigin,300,400,2,13,78.5479330819
speedup,rastrigin,300,400,2,14,78.5479330819
speedup,rastrigin,300,400,2,15,78.5479330819
speedup,rastrigin,300,400,2,16,73.2949127283
speedup,rastrigin,300,400,2,17,73.2949127283
speedup,rastrigin,300,400,2,18,67.7911122593
speedup,rastrigin,300,400,2,19,66.3476172485
speedup,rastrigin,300,400,2,20,61.4361181685
speedup,rastrigin,300,400,2,21,61.4361181685
speedup,rastrigin,300,400,2,22,57.7505078074
speedup,rastrigin,300,400,2,23,57.7505078074
speedup,rastrigin,300,400,2,24,57.7505078074
speedup,rastrigin,300,400,2,25,48.4951905018
speedup,rastrigin,300,400,2,26,48.4951905018
speedup,rastrigin,300,400,2,27,48.1510662194
speedup,rastrigin,300,400,2,28,48.1510662194
speedup,rastrigin,300,400,2,29,41.1998889759
speedup,rastrigin,300,400,2,30,38.4240884739
speedup,rastrigin,300,400,2,31,33.6892447734
speedup,rastrigin,300,400,2,32,21.9739170424
speedup,rastrigin,300,400,2,33,20.9987113257
speedup,rastrigin,300,400,2,34,20.9987113257
speedup,rastrigin,300,400,2,35,18.3338845557
speedup,rastrigin,300,400,2,36,18.3338845557
speedup,rastrigin,300,400,2,37,16.5780589449
speedup,rastrigin,300,400,2,38,9.87014604055
speedup,rastrigin,300,400,2,39,9.87014604055
speedup,rastrigin,300,400,2,40,9.87014604055
speedup,rastrigin,300,400,2,41,9.87014604055
speedup,rastrigin,300,400,2,42,9.87014604055
speedup,rastrigin,300,400,2,43,9.39510286533
speedup,rastrigin,300,400,2,44,9.39510286533
speedup,rastrigin,300,400,2,45,9.39510286533
speedup,rastrigin,300,400,2,46,8.41391215563
speedup,rastrigin,300,400,2,47,8.41391215563
speedup,rastrigin,300,400,2,48,8.41391215563
speedup,rastrigin,300,400,2,49,8.41391215563
speedup,rastrigin,300,400,2,50,8.41391215563
speedup,rastrigin,300,400,2,51,8.41391215563
speedup,rastrigin,300,400,2,52,7.70085926644
speedup,rastrigin,300,400,2,53,7.34628174341
speedup,rastrigin,300,400,2,54,7.34628174341
speedup,rastrigin,300,400,2,55,7.34628174341
speedup,rastrigin,300,400,2,56,7.34628174341
speedup,rastrigin,300,400,2,57,6.88330703953
speedup,rastrigin,300,400,2,58,5.96395735934
speedup,rastrigin,300,400,2,59,5.96395735934
speedup,rastrigin,300,400,2,60,5.96395735934
speedup,rastrigin,300,400,2,61,5.96395735934
speedup,rastrigin,300,400,2,62,5.9266313345
speedup,rastrigin,300,400,2,63,5.9266313345
speedup,rastrigin,300,400,2,64,5.9266313345
speedup,rastrigin,300,400,2,65,5.9266313345
speedup,rastrigin,300,400,2,66,5.9266313345
speedup,rastrigin,300,400,2,67,5.9266313345
speedup,rastrigin,300,400,2,68,5.9266313345
speedup,rastrigin,300,400,2,69,5.5549143696
speedup,rastrigin,300,400,2,70,5.5549143696
speedup,rastrigin,300,400,2,71,5.5549143696
speedup,rastrigin,300,400,2,72,5.5549143696
speedup,rastrigin,300,400,2,73,5.5549143696
speedup,rastrigin,300,400,2,74,5.45201783655
speedup,rastrigin,300,400,2,75,5.45201783655
speedup,rastrigin,300,400,2,76,5.45201783655
speedup,rastrigin,300,400,2,77,5.36285373598
speedup,rastrigin,300,400,2,78,5.36285373598
speedup,rastrigin,300,400,2,79,5.36285373598
speedup,rastrigin,300,400,2,80,4.65356075801
speedup,rastrigin,300,400,2,81,4.65356075801
speedup,rastrigin,300,400,2,82,4.65356075801
speedup,rastrigin,300,400,2,83,4.65356075801
speedup,rastrigin,300,400,2,84,4.65356075801
speedup,rastrigin,300,400,2,85,4.65356075801
speedup,rastrigin,300,400,2,86,4.65356075801
speedup,rastrigin,300,400,2,87,4.65356075801
speedup,rastrigin,300,400,2,88,4.65356075801
speedup,rastrigin,300,400,2,89,4.65356075801
speedup,rastrigin,300,400,2,90,4.65356075801
speedup,rastrigin,300,400,2,91,4.22081139432
speedup,rastrigin,300,400,2,92,4.22081139432
speedup,rastrigin,300,400,2,93,4.22081139432
speedup,rastrigin,300,400,2,94,4.22081139432
speedup,rastrigin,300,400,2,95,4.22081139432
speedup,rastrigin,300,400,2,96,4.22081139432
speedup,rastrigin,300,400,2,97,4.22081139432
speedup,rastrigin,300,400,2,98,4.22081139432
speedup,rastrigin,300,400,2,99,4.22081139432
speedup,rastrigin,300,400,2,100,4.22081139432
speedup,rastrigin,300,400,2,101,4.17996319951
speedup,rastrigin,300,400,2,102,4.17996319951
speedup,rastrigin,300,400,2,103,3.53319421144
speedup,rastrigin,300,400,2,104,3.53319421144
speedup,rastrigin,300,400,2,105,3.53319421144
speedup,rastrigin,300,400,2,106,3.53319421144
speedup,rastrigin,300,400,2,107,3.53319421144
speedup,rastrigin,300,400,2,108,3.53319421144
speedup,rastrigin,300,400,2,109,3.53319421144
speedup,rastrigin,300,400,2,110,3.53319421144
speedup,rastrigin,300,400,2,111,3.53319421144
speedup,rastrigin,300,400,2,112,3.53319421144
speedup,rastrigin,300,400,2,113,3.53319421144
speedup,rastrigin,300,400,2,114,3.53319421144
speedup,rastrigin,300,400,2,115,3.53319421144
speedup,rastrigin,300,400,2,116,3.53319421144
speedup,rastrigin,300,400,2,117,3.53319421144
speedup,rastrigin,300,400,2,118,3.53319421144
speedup,rastrigin,300,400,2,119,3.53319421144
speedup,rastrigin,300,400,2,120,3.53319421144
speedup,rastrigin,300,400,2,121,3.53319421144
speedup,rastrigin,300,400,2,122,3.53319421144
speedup,rastrigin,300,400,2,123,3.53319421144
speedup,rastrigin,300,400,2,124,3.53319421144
speedup,rastrigin,300,400,2,125,3.53319421144
speedup,rastrigin,300,400,2,126,3.53319421144
speedup,rastrigin,300,400,2,127,3.53319421144
speedup,rastrigin,300,400,2,128,3.53319421144
speedup,rastrigin,300,400,2,129,3.53319421144
speedup,rastrigin,300,400,2,130,3.53319421144
speedup,rastrigin,300,400,2,131,3.53319421144
speedup,rastrigin,300,400,2,132,3.53319421144
speedup,rastrigin,300,400,2,133,3.53319421144
speedup,rastrigin,300,400,2,134,3.53319421144
speedup,rastrigin,300,400,2,135,3.53319421144
speedup,rastrigin,300,400,2,136,3.53319421144
speedup,rastrigin,300,400,2,137,3.53319421144
speedup,rastrigin,300,400,2,138,3.53319421144
speedup,rastrigin,300,400,2,139,3.53319421144
speedup,rastrigin,300,400,2,140,3.53319421144
speedup,rastrigin,300,400,2,141,2.64510213645
speedup,rastrigin,300,400,2,142,2.64510213645
speedup,rastrigin,300,400,2,143,2.64510213645
speedup,rastrigin,300,400,2,144,2.64510213645
speedup,rastrigin,300,400,2,145,2.64510213645
speedup,rastrigin,300,400,2,146,2.64510213645
speedup,rastrigin,300,400,2,147,2.64510213645
speedup,rastrigin,300,400,2,148,2.64510213645
speedup,rastrigin,300,400,2,149,2.64510213645
speedup,rastrigin,300,400,2,150,2.64510213645
speedup,rastrigin,300,400,2,151,2.64510213645
speedup,rastrigin,300,400,2,152,2.64510213645
speedup,rastrigin,300,400,2,153,2.64510213645
speedup,rastrigin,300,400,2,154,2.64510213645
speedup,rastrigin,300,400,2,155,2.64510213645
speedup,rastrigin,300,400,2,156,2.64510213645
speedup,rastrigin,300,400,2,157,2.64510213645
speedup,rastrigin,300,400,2,158,2.64510213645
speedup,rastrigin,300,400,2,159,2.64510213645
speedup,rastrigin,300,400,2,160,2.64510213645
speedup,rastrigin,300,400,2,161,2.64510213645
speedup,rastrigin,300,400,2,162,2.64510213645
speedup,rastrigin,300,400,2,163,2.64510213645
speedup,rastrigin,300,400,2,164,2.64510213645
speedup,rastrigin,300,400,2,165,2.64510213645
speedup,rastrigin,300,400,2,166,2.64510213645
speedup,rastrigin,300,400,2,167,2.64510213645
speedup,rastrigin,300,400,2,168,2.64510213645
speedup,rastrigin,300,400,2,169,2.64510213645
speedup,rastrigin,300,400,2,170,2.64510213645
speedup,rastrigin,300,400,2,171,2.64510213645
speedup,rastrigin,300,400,2,172,2.64510213645
speedup,rastrigin,300,400,2,173,2.64510213645
speedup,rastrigin,300,400,2,174,2.64510213645
speedup,rastrigin,300,400,2,175,2.64510213645
speedup,rastrigin,300,400,2,176,2.64510213645
speedup,rastrigin,300,400,2,177,2.64510213645
speedup,rastrigin,300,400,2,178,2.64510213645
speedup,rastrigin,300,400,2,179,2.64510213645
speedup,rastrigin,300,400,2,180,2.64510213645
speedup,rastrigin,300,400,2,181,2.64510213645
speedup,rastrigin,300,400,2,182,2.64510213645
speedup,rastrigin,300,400,2,183,2.64510213645
speedup,rastrigin,300,400,2,184,2.64510213645
speedup,rastrigin,300,400,2,185,2.64510213645
speedup,rastrigin,300,400,2,186,2.64510213645
speedup,rastrigin,300,400,2,187,2.64510213645
speedup,rastrigin,300,400,2,188,2.64510213645
speedup,rastrigin,300,400,2,189,2.64510213645
speedup,rastrigin,300,400,2,190,2.64510213645
speedup,rastrigin,300,400,2,191,2.64510213645
speedup,rastrigin,300,400,2,192,2.64510213645
speedup,rastrigin,300,400,2,193,2.64510213645
speedup,rastrigin,300,400,2,194,2.64510213645
speedup,rastrigin,300,400,2,195,2.64510213645
speedup,rastrigin,300,400,2,196,2.64510213645
speedup,rastrigin,300,400,2,197,2.64510213645
speedup,rastrigin,300,400,2,198,2.64510213645
speedup,rastrigin,300,400,2,199,2.64510213645
speedup,rastrigin,300,400,2,200,2.64510213645
speedup,rastrigin,300,400,2,201,2.64510213645
speedup,rastrigin,300,400,2,202,2.64510213645
speedup,rastrigin,300,400,2,203,2.60795860945
speedup,rastrigin,300,400,2,204,2.60795860945
speedup,rastrigin,300,400,2,205,2.60795860945
speedup,rastrigin,300,400,2,206,2.60795860945
speedup,rastrigin,300,400,2,207,2.60795860945
speedup,rastrigin,300,400,2,208,2.60795860945
speedup,rastrigin,300,400,2,209,2.60795860945
speedup,rastrigin,300,400,2,210,2.60795860945
speedup,rastrigin,300,400,2,211,2.60795860945
speedup,rastrigin,300,400,2,212,2.60795860945
speedup,rastrigin,300,400,2,213,2.60795860945
speedup,rastrigin,300,400,2,214,2.60795860945
speedup,rastrigin,300,400,2,215,2.60795860945
speedup,rastrigin,300,400,2,216,2.60795860945
speedup,rastrigin,300,400,2,217,2.60795860945
speedup,rastrigin,300,400,2,218,2.60795860945
speedup,rastrigin,300,400,2,219,2.5763065976
speedup,rastrigin,300,400,2,220,2.5763065976
speedup,rastrigin,300,400,2,221,2.53118364941
speedup,rastrigin,300,400,2,222,2.53118364941
speedup,rastrigin,300,400,2,223,2.17757467673
speedup,rastrigin,300,400,2,224,2.17757467673
speedup,rastrigin,300,400,2,225,2.17757467673
speedup,rastrigin,300,400,2,226,2.17757467673
speedup,rastrigin,300,400,2,227,2.17757467673
speedup,rastrigin,300,400,2,228,2.16490454408
speedup,rastrigin,300,400,2,229,1.97325672449
speedup,rastrigin,300,400,2,230,1.97325672449
speedup,rastrigin,300,400,2,231,1.97325672449
speedup,rastrigin,300,400,2,232,1.97325672449
speedup,rastrigin,300,400,2,233,1.97325672449
speedup,rastrigin,300,400,2,234,1.97325672449
speedup,rastrigin,300,400,2,235,1.97325672449
speedup,rastrigin,300,400,2,236,1.97325672449
speedup,rastrigin,300,400,2,237,1.97325672449
speedup,rastrigin,300,400,2,238,1.97325672449
speedup,rastrigin,300,400,2,239,1.97325672449
speedup,rastrigin,300,400,2,240,1.97325672449
speedup,rastrigin,300,400,2,241,1.97325672449
speedup,rastrigin,300,400,2,242,1.94925990247
speedup,rastrigin,300,400,2,243,1.94925990247
speedup,rastrigin,300,400,2,244,1.9121485446
speedup,rastrigin,300,400,2,245,1.9121485446
speedup,rastrigin,300,400,2,246,1.88996967792
speedup,rastrigin,300,400,2,247,1.75746350309
speedup,rastrigin,300,400,2,248,1.75746350309
speedup,rastrigin,300,400,2,249,1.75746350309
speedup,rastrigin,300,400,2,250,0.889710886431
speedup,rastrigin,300,400,2,251,0.889710886431
speedup,rastrigin,300,400,2,252,0.889710886431
speedup,rastrigin,300,400,2,253,0.889710886431
speedup,rastrigin,300,400,2,254,0.889710886431
speedup,rastrigin,300,400,2,255,0.889710886431
speedup,rastrigin,300,400,2,256,0.889710886431
speedup,rastrigin,300,400,2,257,0.889710886431
speedup,rastrigin,300,400,2,258,0.889710886431
speedup,rastrigin,300,400,2,259,0.889710886431
speedup,rastrigin,300,400,2,260,0.889710886431
speedup,rastrigin,300,400,2,261,0.889710886431
speedup,rastrigin,300,400,2,262,0.889710886431
speedup,rastrigin,300,400,2,263,0.889710886431
speedup,rastrigin,300,400,2,264,0.889710886431
speedup,rastrigin,300,400,2,265,0.889710886431
speedup,rastrigin,300,400,2,266,0.889710886431
speedup,rastrigin,300,400,2,267,0.889710886431
speedup,rastrigin,300,400,2,268,0.889710886431
speedup,rastrigin,300,400,2,269,0.889710886431
speedup,rastrigin,300,400,2,270,0.889710886431
speedup,rastrigin,300,400,2,271,0.889710886431
speedup,rastrigin,300,400,2,272,0.889710886431
speedup,rastrigin,300,400,2,273,0.889710886431
speedup,rastrigin,300,400,2,274,0.889710886431
speedup,rastrigin,300,400,2,275,0.889710886431
speedup,rastrigin,300,400,2,276,0.889710886431
speedup,rastrigin,300,400,2,277,0.889710886431
speedup,rastrigin,300,400,2,278,0.889710886431
speedup,rastrigin,300,400,2,279,0.889710886431
speedup,rastrigin,300,400,2,280,0.889710886431
speedup,rastrigin,300,400,2,281,0.889710886431
speedup,rastrigin,300,400,2,282,0.889710886431
speedup,rastrigin,300,400,2,283,0.889710886431
speedup,rastrigin,300,400,2,284,0.889710886431
speedup,rastrigin,300,400,2,285,0.889710886431
speedup,rastrigin,300,400,2,286,0.889710886431
speedup,rastrigin,300,400,2,287,0.889710886431
speedup,rastrigin,300,400,2,288,0.705265546954
speedup,rastrigin,300,400,2,289,0.705265546954
speedup,rastrigin,300,400,2,290,0.705265546954
speedup,rastrigin,300,400,2,291,0.705265546954
speedup,rastrigin,300,400,2,292,0.705265546954
speedup,rastrigin,300,400,2,293,0.705265546954
speedup,rastrigin,300,400,2,294,0.705265546954
speedup,rastrigin,300,400,2,295,0.705265546954
speedup,rastrigin,300,400,2,296,0.705265546954
speedup,rastrigin,300,400,2,297,0.705265546954
speedup,rastrigin,300,400,2,298,0.705265546954
speedup,rastrigin,300,400,2,299,0.705265546954
speedup,rastrigin,300,400,2,300,0.705265546954
speedup,rastrigin,300,400,2,301,0.705265546954
speedup,rastrigin,300,400,2,302,0.705265546954
speedup,rastrigin,300,400,2,303,0.705265546954
speedup,rastrigin,300,400,2,304,0.705265546954
speedup,rastrigin,300,400,2,305,0.705265546954
speedup,rastrigin,300,400,2,306,0.705265546954
speedup,rastrigin,300,400,2,307,0.705265546954
speedup,rastrigin,300,400,2,308,0.705265546954
speedup,rastrigin,300,400,2,309,0.705265546954
speedup,rastrigin,300,400,2,310,0.705265546954
speedup,rastrigin,300,400,2,311,0.705265546954
speedup,rastrigin,300,400,2,312,0.565680577207
speedup,rastrigin,300,400,2,313,0.565680577207
speedup,rastrigin,300,400,2,314,0.565680577207
speedup,rastrigin,300,400,2,315,0.565680577207
speedup,rastrigin,300,400,2,316,0.565680577207
speedup,rastrigin,300,400,2,317,0.565680577207
speedup,rastrigin,300,400,2,318,0.565680577207
speedup,rastrigin,300,400,2,319,0.565680577207
speedup,rastrigin,300,400,2,320,0.565680577207
speedup,rastrigin,300,400,2,321,0.565680577207
speedup,rastrigin,300,400,2,322,0.565680577207
speedup,rastrigin,300,400,2,323,0.565680577207
speedup,rastrigin,300,400,2,324,0.565680577207
speedup,rastrigin,300,400,2,325,0.565680577207
speedup,rastrigin,300,400,2,326,0.565680577207
speedup,rastrigin,300,400,2,327,0.565680577207
speedup,rastrigin,300,400,2,328,0.565680577207
speedup,rastrigin,300,400,2,329,0.565680577207
speedup,rastrigin,300,400,2,330,0.565680577207
speedup,rastrigin,300,400,2,331,0.565680577207
speedup,rastrigin,300,400,2,332,0.565680577207
speedup,rastrigin,300,400,2,333,0.565680577207
speedup,rastrigin,300,400,2,334,0.565680577207
speedup,rastrigin,300,400,2,335,0.565680577207
speedup,rastrigin,300,400,2,336,0.565680577207
speedup,rastrigin,300,400,2,337,0.565680577207
speedup,rastrigin,300,400,2,338,0.565680577207
speedup,rastrigin,300,400,2,339,0.565680577207
speedup,rastrigin,300,400,2,340,0.565680577207
speedup,rastrigin,300,400,2,341,0.565680577207
speedup,rastrigin,300,400,2,342,0.565680577207
speedup,rastrigin,300,400,2,343,0.565680577207
speedup,rastrigin,300,400,2,344,0.565680577207
speedup,rastrigin,300,400,2,345,0.565680577207
speedup,rastrigin,300,400,2,346,0.565680577207
speedup,rastrigin,300,400,2,347,0.565680577207
speedup,rastrigin,300,400,2,348,0.565680577207
speedup,rastrigin,300,400,2,349,0.565680577207
speedup,rastrigin,300,400,2,350,0.385951388963
speedup,rastrigin,300,400,2,351,0.385951388963
speedup,rastrigin,300,400,2,352,0.385951388963
speedup,rastrigin,300,400,2,353,0.385951388963
speedup,rastrigin,300,400,2,354,0.385951388963
speedup,rastrigin,300,400,2,355,0.385951388963
speedup,rastrigin,300,400,2,356,0.385951388963
speedup,rastrigin,300,400,2,357,0.385951388963
speedup,rastrigin,300,400,2,358,0.385951388963
speedup,rastrigin,300,400,2,359,0.385951388963
speedup,rastrigin,300,400,2,360,0.385951388963
speedup,rastrigin,300,400,2,361,0.385951388963
speedup,rastrigin,300,400,2,362,0.385951388963
speedup,rastrigin,300,400,2,363,0.385951388963
speedup,rastrigin,300,400,2,364,0.385951388963
speedup,rastrigin,300,400,2,365,0.385951388963
speedup,rastrigin,300,400,2,366,0.385951388963
speedup,rastrigin,300,400,2,367,0.385951388963
speedup,rastrigin,300,400,2,368,0.385951388963
speedup,rastrigin,300,400,2,369,0.385951388963
speedup,rastrigin,300,400,2,370,0.385951388963
speedup,rastrigin,300,400,2,371,0.385951388963
speedup,rastrigin,300,400,2,372,0.385951388963
speedup,rastrigin,300,400,2,373,0.385951388963
speedup,rastrigin,300,400,2,374,0.385951388963
speedup,rastrigin,300,400,2,375,0.385951388963
speedup,rastrigin,300,400,2,376,0.385951388963
speedup,rastrigin,300,400,2,377,0.385951388963
speedup,rastrigin,300,400,2,378,0.385951388963
speedup,rastrigin,300,400,2,379,0.385951388963
speedup,rastrigin,300,400,2,380,0.385951388963
speedup,rastrigin,300,400,2,381,0.385951388963
speedup,rastrigin,300,400,2,382,0.385951388963
speedup,rastrigin,300,400,2,383,0.385951388963
speedup,rastrigin,300,400,2,384,0.385951388963
speedup,rastrigin,300,400,2,385,0.385951388963
speedup,rastrigin,300,400,2,386,0.385951388963
speedup,rastrigin,300,400,2,387,0.385951388963
speedup,rastrigin,300,400,2,388,0.385951388963
speedup,rastrigin,300,400,2,389,0.385951388963
speedup,rastrigin,300,400,2,390,0.385951388963
speedup,rastrigin,300,400,2,391,0.385951388963
speedup,rastrigin,300,400,2,392,0.385951388963
speedup,rastrigin,300,400,2,393,0.385951388963
speedup,rastrigin,300,400,2,394,0.385951388963
speedup,rastrigin,300,400,2,395,0.385951388963
speedup,rastrigin,300,400,2,396,0.385951388963
speedup,rastrigin,300,400,2,397,0.385951388963
speedup,rastrigin,300,400,2,398,0.385951388963
speedup,rastrigin,300,400,2,399,0.385951388963
speedup,rastrigin,300,400,2,400,0.385951388963
speedup,rastrigin,300,400,4,0,254.885659096
speedup,rastrigin,300,400,4,1,191.457778234
speedup,rastrigin,300,400,4,2,155.776338303
speedup,rastrigin,300,400,4,3,141.820945862
speedup,rastrigin,300,400,4,4,141.820945862
speedup,rastrigin,300,400,4,5,136.819981821
speedup,rastrigin,300,400,4,6,115.565400842
speedup,rastrigin,300,400,4,7,115.565400842
speedup,rastrigin,300,400,4,8,113.603439417
speedup,rastrigin,300,400,4,9,113.266213413
speedup,rastrigin,300,400,4,10,89.0428233457
speedup,rastrigin,300,400,4,11,89.0428233457
speedup,rastrigin,300,400,4,12,89.0428233457
speedup,rastrigin,300,400,4,13,76.6169424542
speedup,rastrigin,300,400,4,14,76.6169424542
speedup,rastrigin,300,400,4,15,67.7774015887
speedup,rastrigin,300,400,4,16,67.7774015887
speedup,rastrigin,300,400,4,17,65.1079391857
speedup,rastrigin,300,400,4,18,48.5448922237
speedup,rastrigin,300,400,4,19,48.5448922237
speedup,rastrigin,300,400,4,20,35.6747489214
speedup,rastrigin,300,400,4,21,35.6747489214
speedup,rastrigin,300,400,4,22,35.6697076598
speedup,rastrigin,300,400,4,23,32.106883072
speedup,rastrigin,300,400,4,24,30.9404437491
speedup,rastrigin,300,400,4,25,21.0058692433
speedup,rastrigin,300,400,4,26,21.0058692433
speedup,rastrigin,300,400,4,27,16.9208100914
speedup,rastrigin,300,400,4,28,16.9208100914
speedup,rastrigin,300,400,4,29,16.9208100914
speedup,rastrigin,300,400,4,30,16.9208100914
speedup,rastrigin,300,400,4,31,16.9208100914
speedup,rastrigin,300,400,4,32,16.2714482763
speedup,rastrigin,300,400,4,33,15.2995459095
speedup,rastrigin,300,400,4,34,10.2785789543
speedup,rastrigin,300,400,4,35,10.2785789543
speedup,rastrigin,300,400,4,36,10.2785789543
speedup,rastrigin,300,400,4,37,10.2785789543
speedup,rastrigin,300,400,4,38,9.06055481825
speedup,rastrigin,300,400,4,39,8.12296452626
speedup,rastrigin,300,400,4,40,7.36766486196
speedup,rastrigin,300,400,4,41,7.36766486196
speedup,rastrigin,300,400,4,42,7.36766486196
speedup,rastrigin,300,400,4,43,7.36766486196
speedup,rastrigin,300,400,4,44,7.36766486196
speedup,rastrigin,300,400,4,45,7.36766486196
speedup,rastrigin,300,400,4,46,7.36766486196
speedup,rastrigin,300,400,4,47,7.36766486196
speedup,rastrigin,300,400,4,48,7.36766486196
speedup,rastrigin,300,400,4,49,7.34626950421
speedup,rastrigin,300,400,4,50,7.34626950421
speedup,rastrigin,300,400,4,51,7.14593874923
speedup,rastrigin,300,400,4,52,6.43825368107
speedup,rastrigin,300,400,4,53,6.43825368107
speedup,rastrigin,300,400,4,54,6.27836763082
speedup,rastrigin,300,400,4,55,6.27836763082
speedup,rastrigin,300,400,4,56,6.27836763082
speedup,rastrigin,300,400,4,57,6.27836763082
speedup,rastrigin,300,400,4,58,6.27836763082
speedup,rastrigin,300,400,4,59,6.27836763082
speedup,rastrigin,300,400,4,60,5.77261002034
speedup,rastrigin,300,400,4,61,5.77261002034
speedup,rastrigin,300,400,4,62,5.77261002034
speedup,rastrigin,300,400,4,63,5.77261002034
speedup,rastrigin,300,400,4,64,4.93826105706
speedup,rastrigin,300,400,4,65,4.83145032755
speedup,rastrigin,300,400,4,66,4.83145032755
speedup,rastrigin,300,400,4,67,4.81288468689
speedup,rastrigin,300,400,4,68,4.05215968396
speedup,rastrigin,300,400,4,69,4.05215968396
speedup,rastrigin,300,400,4,70,4.05215968396
speedup,rastrigin,300,400,4,71,4.05215968396
speedup,rastrigin,300,400,4,72,4.05215968396
speedup,rastrigin,300,400,4,73,4.05215968396
speedup,rastrigin,300,400,4,74,4.05215968396
speedup,rastrigin,300,400,4,75,4.05215968396
speedup,rastrigin,300,400,4,76,4.05215968396
speedup,rastrigin,300,400,4,77,4.05215968396
speedup,rastrigin,300,400,4,78,4.05215968396
speedup,rastrigin,300,400,4,79,4.05215968396
speedup,rastrigin,300,400,4,80,4.05215968396
speedup,rastrigin,300,400,4,81,4.05215968396
speedup,rastrigin,300,400,4,82,4.05215968396
speedup,rastrigin,300,400,4,83,4.05215968396
speedup,rastrigin,300,400,4,84,4.05215968396
speedup,rastrigin,300,400,4,85,4.05215968396
speedup,rastrigin,300,400,4,86,4.05215968396
speedup,rastrigin,300,400,4,87,4.05215968396
speedup,rastrigin,300,400,4,88,4.05215968396
speedup,rastrigin,300,400,4,89,4.05215968396
speedup,rastrigin,300,400,4,90,4.05215968396
speedup,rastrigin,300,400,4,91,4.05215968396
speedup,rastrigin,300,400,4,92,3.02839465916
speedup,rastrigin,300,400,4,93,3.02839465916
speedup,rastrigin,300,400,4,94,3.02839465916
speedup,rastrigin,300,400,4,95,3.02839465916
speedup,rastrigin,300,400,4,96,3.02839465916
speedup,rastrigin,300,400,4,97,3.02839465916
speedup,rastrigin,300,400,4,98,3.02839465916
speedup,rastrigin,300,400,4,99,3.02839465916
speedup,rastrigin,300,400,4,100,3.02839465916
speedup,rastrigin,300,400,4,101,3.02839465916
speedup,rastrigin,300,400,4,102,3.02839465916
speedup,rastrigin,300,400,4,103,3.02839465916
speedup,rastrigin,300,400,4,104,2.95381023691
speedup,rastrigin,300,400,4,105,2.95381023691
speedup,rastrigin,300,400,4,106,2.95381023691
speedup,rastrigin,300,400,4,107,2.95381023691
speedup,rastrigin,300,400,4,108,2.95381023691
speedup,rastrigin,300,400,4,109,2.89681100716
speedup,rastrigin,300,400,4,110,2.89681100716
speedup,rastrigin,300,400,4,111,2.89681100716
speedup,rastrigin,300,400,4,112,2.89681100716
speedup,rastrigin,300,400,4,113,2.89681100716
speedup,rastrigin,300,400,4,114,2.89681100716
speedup,rastrigin,300,400,4,115,2.89681100716
speedup,rastrigin,300,400,4,116,2.89681100716
speedup,rastrigin,300,400,4,117,2.89681100716
speedup,rastrigin,300,400,4,118,2.89681100716
speedup,rastrigin,300,400,4,119,2.89681100716
speedup,rastrigin,300,400,4,120,2.89681100716
speedup,rastrigin,300,400,4,121,2.89681100716
speedup,rastrigin,300,400,4,122,2.89681100716
speedup,rastrigin,300,400,4,123,2.89681100716
speedup,rastrigin,300,400,4,124,2.89681100716
speedup,rastrigin,300,400,4,125,2.89681100716
speedup,rastrigin,300,400,4,126,2.89681100716
speedup,rastrigin,300,400,4,127,2.89681100716
speedup,rastrigin,300,400,4,128,2.89681100716
speedup,rastrigin,300,400,4,129,2.89681100716
speedup,rastrigin,300,400,4,130,2.89681100716
speedup,rastrigin,300,400,4,131,2.89681100716
speedup,rastrigin,300,400,4,132,2.89681100716
speedup,rastrigin,300,400,4,133,2.73097794212
speedup,rastrigin,300,400,4,134,2.73097794212
speedup,rastrigin,300,400,4,135,2.73097794212
speedup,rastrigin,300,400,4,136,2.73097794212
speedup,rastrigin,300,400,4,137,2.65278229153
speedup,rastrigin,300,400,4,138,2.56135912667
speedup,rastrigin,300,400,4,139,2.56135912667
speedup,rastrigin,300,400,4,140,2.56135912667
speedup,rastrigin,300,400,4,141,2.56135912667
speedup,rastrigin,300,400,4,142,2.43612924842
speedup,rastrigin,300,400,4,143,2.42646170014
speedup,rastrigin,300,400,4,144,2.42646170014
speedup,rastrigin,300,400,4,145,2.42612569802
speedup,rastrigin,300,400,4,146,2.42612569802
speedup,rastrigin,300,400,4,147,2.42612569802
speedup,rastrigin,300,400,4,148,2.42612569802
speedup,rastrigin,300,400,4,149,2.42612569802
speedup,rastrigin,300,400,4,150,2.42612569802
speedup,rastrigin,300,400,4,151,2.42612569802
speedup,rastrigin,300,400,4,152,2.42612569802
speedup,rastrigin,300,400,4,153,2.42612569802
speedup,rastrigin,300,400,4,154,2.42612569802
speedup,rastrigin,300,400,4,155,2.42612569802
speedup,rastrigin,300,400,4,156,2.42612569802
speedup,rastrigin,300,400,4,157,2.34202315309
speedup,rastrigin,300,400,4,158,2.26554433406
speedup,rastrigin,300,400,4,159,2.26554433406
speedup,rastrigin,300,400,4,160,2.26554433406
speedup,rastrigin,300,400,4,161,2.26554433406
speedup,rastrigin,300,400,4,162,2.26554433406
speedup,rastrigin,300,400,4,163,2.26554433406
speedup,rastrigin,300,400,4,164,2.26554433406
speedup,rastrigin,300,400,4,165,2.26554433406
speedup,rastrigin,300,400,4,166,2.26554433406
speedup,rastrigin,300,400,4,167,2.26554433406
speedup,rastrigin,300,400,4,168,2.26554433406
speedup,rastrigin,300,400,4,169,2.26554433406
speedup,rastrigin,300,400,4,170,2.26554433406
speedup,rastrigin,300,400,4,171,2.26554433406
speedup,rastrigin,300,400,4,172,2.26554433406
speedup,rastrigin,300,400,4,173,2.26554433406
speedup,rastrigin,300,400,4,174,2.26554433406
speedup,rastrigin,300,400,4,175,2.26554433406
speedup,rastrigin,300,400,4,176,2.26554433406
speedup,rastrigin,300,400,4,177,2.26554433406
speedup,rastrigin,300,400,4,178,2.26554433406
speedup,rastrigin,300,400,4,179,2.26554433406
speedup,rastrigin,300,400,4,180,2.26554433406
speedup,rastrigin,300,400,4,181,2.26554433406
speedup,rastrigin,300,400,4,182,2.26554433406
speedup,rastrigin,300,400,4,183,2.21154249717
speedup,rastrigin,300,400,4,184,2.21154249717
speedup,rastrigin,300,400,4,185,2.21154249717
speedup,rastrigin,300,400,4,186,2.21154249717
speedup,rastrigin,300,400,4,187,2.21154249717
speedup,rastrigin,300,400,4,188,2.21154249717
speedup,rastrigin,300,400,4,189,2.21154249717
speedup,rastrigin,300,400,4,190,2.21154249717
speedup,rastrigin,300,400,4,191,2.21154249717
speedup,rastrigin,300,400,4,192,2.21154249717
speedup,rastrigin,300,400,4,193,2.21154249717
speedup,rastrigin,300,400,4,194,2.21154249717
speedup,rastrigin,300,400,4,195,2.21154249717
speedup,rastrigin,300,400,4,196,2.21154249717
speedup,rastrigin,300,400,4,197,2.21154249717
speedup,rastrigin,300,400,4,198,2.21154249717
speedup,rastrigin,300,400,4,199,2.21154249717
speedup,rastrigin,300,400,4,200,2.21154249717
speedup,rastrigin,300,400,4,201,2.21154249717
speedup,rastrigin,300,400,4,202,2.21154249717
speedup,rastrigin,300,400,4,203,2.21154249717
speedup,rastrigin,300,400,4,204,2.21154249717
speedup,rastrigin,300,400,4,205,2.21154249717
speedup,rastrigin,300,400,4,206,2.21154249717
speedup,rastrigin,300,400,4,207,2.21154249717
speedup,rastrigin,300,400,4,208,2.21154249717
speedup,rastrigin,300,400,4,209,2.21154249717
speedup,rastrigin,300,400,4,210,2.21154249717
speedup,rastrigin,300,400,4,211,2.21154249717
speedup,rastrigin,300,400,4,212,2.21154249717
speedup,rastrigin,300,400,4,213,2.21154249717
speedup,rastrigin,300,400,4,214,2.20473814903
speedup,rastrigin,300,400,4,215,2.20473814903
speedup,rastrigin,300,400,4,216,2.20473814903
speedup,rastrigin,300,400,4,217,2.20473814903
speedup,rastrigin,300,400,4,218,2.20473814903
speedup,rastrigin,300,400,4,219,2.20473814903
speedup,rastrigin,300,400,4,220,2.20473814903
speedup,rastrigin,300,400,4,221,2.20473814903
speedup,rastrigin,300,400,4,222,2.20473814903
speedup,rastrigin,300,400,4,223,2.19998265684
speedup,rastrigin,300,400,4,224,2.19998265684
speedup,rastrigin,300,400,4,225,2.19998265684
speedup,rastrigin,300,400,4,226,2.19998265684
speedup,rastrigin,300,400,4,227,2.19998265684
speedup,rastrigin,300,400,4,228,2.19998265684
speedup,rastrigin,300,400,4,229,2.19998265684
speedup,rastrigin,300,400,4,230,2.19998265684
speedup,rastrigin,300,400,4,231,2.19998265684
speedup,rastrigin,300,400,4,232,2.19998265684
speedup,rastrigin,300,400,4,233,2.19998265684
speedup,rastrigin,300,400,4,234,2.19998265684
speedup,rastrigin,300,400,4,235,2.19998265684
speedup,rastrigin,300,400,4,236,2.19998265684
speedup,rastrigin,300,400,4,237,2.19998265684
speedup,rastrigin,300,400,4,238,2.19998265684
speedup,rastrigin,300,400,4,239,2.19998265684
speedup,rastrigin,300,400,4,240,2.19998265684
speedup,rastrigin,300,400,4,241,2.19998265684
speedup,rastrigin,300,400,4,242,2.19998265684
speedup,rastrigin,300,400,4,243,2.19998265684
speedup,rastrigin,300,400,4,244,2.19998265684
speedup,rastrigin,300,400,4,245,2.19998265684
speedup,rastrigin,300,400,4,246,2.19998265684
speedup,rastrigin,300,400,4,247,2.19998265684
speedup,rastrigin,300,400,4,248,2.19998265684
speedup,rastrigin,300,400,4,249,2.19998265684
speedup,rastrigin,300,400,4,250,2.19998265684
speedup,rastrigin,300,400,4,251,2.19998265684
speedup,rastrigin,300,400,4,252,2.19998265684
speedup,rastrigin,300,400,4,253,2.19998265684
speedup,rastrigin,300,400,4,254,2.19998265684
speedup,rastrigin,300,400,4,255,2.19998265684
speedup,rastrigin,300,400,4,256,2.19998265684
speedup,rastrigin,300,400,4,257,2.19998265684
speedup,rastrigin,300,400,4,258,2.19998265684
speedup,rastrigin,300,400,4,259,2.19998265684
speedup,rastrigin,300,400,4,260,2.19998265684
speedup,rastrigin,300,400,4,261,2.19998265684
speedup,rastrigin,300,400,4,262,2.19998265684
speedup,rastrigin,300,400,4,263,2.19998265684
speedup,rastrigin,300,400,4,264,2.19998265684
speedup,rastrigin,300,400,4,265,2.19998265684
speedup,rastrigin,300,400,4,266,2.19998265684
speedup,rastrigin,300,400,4,267,2.19998265684
speedup,rastrigin,300,400,4,268,2.19998265684
speedup,rastrigin,300,400,4,269,2.19998265684
speedup,rastrigin,300,400,4,270,2.19998265684
speedup,rastrigin,300,400,4,271,2.19998265684
speedup,rastrigin,300,400,4,272,2.19998265684
speedup,rastrigin,300,400,4,273,2.19998265684
speedup,rastrigin,300,400,4,274,2.19998265684
speedup,rastrigin,300,400,4,275,2.19998265684
speedup,rastrigin,300,400,4,276,2.19998265684
speedup,rastrigin,300,400,4,277,2.19998265684
speedup,rastrigin,300,400,4,278,2.19998265684
speedup,rastrigin,300,400,4,279,2.19998265684
speedup,rastrigin,300,400,4,280,2.19998265684
speedup,rastrigin,300,400,4,281,2.19998265684
speedup,rastrigin,300,400,4,282,2.19998265684
speedup,rastrigin,300,400,4,283,2.19998265684
speedup,rastrigin,300,400,4,284,2.19998265684
speedup,rastrigin,300,400,4,285,2.19998265684
speedup,rastrigin,300,400,4,286,2.19998265684
speedup,rastrigin,300,400,4,287,2.19998265684
speedup,rastrigin,300,400,4,288,2.19998265684
speedup,rastrigin,300,400,4,289,2.19998265684
speedup,rastrigin,300,400,4,290,2.19998265684
speedup,rastrigin,300,400,4,291,2.19998265684
speedup,rastrigin,300,400,4,292,2.19998265684
speedup,rastrigin,300,400,4,293,2.19998265684
speedup,rastrigin,300,400,4,294,2.19998265684
speedup,rastrigin,300,400,4,295,2.19998265684
speedup,rastrigin,300,400,4,296,2.19998265684
speedup,rastrigin,300,400,4,297,2.19998265684
speedup,rastrigin,300,400,4,298,2.19998265684
speedup,rastrigin,300,400,4,299,2.19998265684
speedup,rastrigin,300,400,4,300,2.19998265684
speedup,rastrigin,300,400,4,301,2.19998265684
speedup,rastrigin,300,400,4,302,2.19998265684
speedup,rastrigin,300,400,4,303,2.19998265684
speedup,rastrigin,300,400,4,304,2.19998265684
speedup,rastrigin,300,400,4,305,2.19998265684
speedup,rastrigin,300,400,4,306,2.19998265684
speedup,rastrigin,300,400,4,307,2.19998265684
speedup,rastrigin,300,400,4,308,2.19998265684
speedup,rastrigin,300,400,4,309,2.19998265684
speedup,rastrigin,300,400,4,310,2.19998265684
speedup,rastrigin,300,400,4,311,2.19998265684
speedup,rastrigin,300,400,4,312,2.19998265684
speedup,rastrigin,300,400,4,313,2.19998265684
speedup,rastrigin,300,400,4,314,2.19998265684
speedup,rastrigin,300,400,4,315,2.19998265684
speedup,rastrigin,300,400,4,316,2.19998265684
speedup,rastrigin,300,400,4,317,2.19998265684
speedup,rastrigin,300,400,4,318,2.19998265684
speedup,rastrigin,300,400,4,319,2.19998265684
speedup,rastrigin,300,400,4,320,2.19998265684
speedup,rastrigin,300,400,4,321,2.19998265684
speedup,rastrigin,300,400,4,322,2.19998265684
speedup,rastrigin,300,400,4,323,2.19998265684
speedup,rastrigin,300,400,4,324,2.19998265684
speedup,rastrigin,300,400,4,325,2.19998265684
speedup,rastrigin,300,400,4,326,2.19998265684
speedup,rastrigin,300,400,4,327,2.19998265684
speedup,rastrigin,300,400,4,328,2.19998265684
speedup,rastrigin,300,400,4,329,2.19998265684
speedup,rastrigin,300,400,4,330,2.19998265684
speedup,rastrigin,300,400,4,331,2.19998265684
speedup,rastrigin,300,400,4,332,2.19998265684
speedup,rastrigin,300,400,4,333,2.19998265684
speedup,rastrigin,300,400,4,334,2.19998265684
speedup,rastrigin,300,400,4,335,2.19998265684
speedup,rastrigin,300,400,4,336,2.19998265684
speedup,rastrigin,300,400,4,337,2.19998265684
speedup,rastrigin,300,400,4,338,2.19998265684
speedup,rastrigin,300,400,4,339,2.19998265684
speedup,rastrigin,300,400,4,340,2.16518944649
speedup,rastrigin,300,400,4,341,2.16518944649
speedup,rastrigin,300,400,4,342,2.16518944649
speedup,rastrigin,300,400,4,343,2.16518944649
speedup,rastrigin,300,400,4,344,2.16518944649
speedup,rastrigin,300,400,4,345,2.16518944649
speedup,rastrigin,300,400,4,346,2.16518944649
speedup,rastrigin,300,400,4,347,2.16518944649
speedup,rastrigin,300,400,4,348,2.16518944649
speedup,rastrigin,300,400,4,349,2.16518944649
speedup,rastrigin,300,400,4,350,2.16518944649
speedup,rastrigin,300,400,4,351,2.16518944649
speedup,rastrigin,300,400,4,352,2.16518944649
speedup,rastrigin,300,400,4,353,2.16518944649
speedup,rastrigin,300,400,4,354,2.16518944649
speedup,rastrigin,300,400,4,355,2.16518944649
speedup,rastrigin,300,400,4,356,2.16518944649
speedup,rastrigin,300,400,4,357,2.16518944649
speedup,rastrigin,300,400,4,358,2.16518944649
speedup,rastrigin,300,400,4,359,2.16518944649
speedup,rastrigin,300,400,4,360,2.16518944649
speedup,rastrigin,300,400,4,361,2.16518944649
speedup,rastrigin,300,400,4,362,2.16518944649
speedup,rastrigin,300,400,4,363,2.16518944649
speedup,rastrigin,300,400,4,364,2.16518944649
speedup,rastrigin,300,400,4,365,2.16518944649
speedup,rastrigin,300,400,4,366,2.16518944649
speedup,rastrigin,300,400,4,367,2.16518944649
speedup,rastrigin,300,400,4,368,2.16518944649
speedup,rastrigin,300,400,4,369,2.16518944649
speedup,rastrigin,300,400,4,370,2.16518944649
speedup,rastrigin,300,400,4,371,2.16518944649
speedup,rastrigin,300,400,4,372,2.16518944649
speedup,rastrigin,300,400,4,373,2.16518944649
speedup,rastrigin,300,400,4,374,2.16518944649
speedup,rastrigin,300,400,4,375,2.16518944649
speedup,rastrigin,300,400,4,376,2.16518944649
speedup,rastrigin,300,400,4,377,2.16518944649
speedup,rastrigin,300,400,4,378,2.16518944649
speedup,rastrigin,300,400,4,379,2.16518944649
speedup,rastrigin,300,400,4,380,2.16518944649
speedup,rastrigin,300,400,4,381,2.16518944649
speedup,rastrigin,300,400,4,382,2.16518944649
speedup,rastrigin,300,400,4,383,2.16518944649
speedup,rastrigin,300,400,4,384,2.16518944649
speedup,rastrigin,300,400,4,385,2.16518944649
speedup,rastrigin,300,400,4,386,2.16518944649
speedup,rastrigin,300,400,4,387,2.16518944649
speedup,rastrigin,300,400,4,388,2.16518944649
speedup,rastrigin,300,400,4,389,2.16518944649
speedup,rastrigin,300,400,4,390,2.16518944649
speedup,rastrigin,300,400,4,391,2.16518944649
speedup,rastrigin,300,400,4,392,2.16518944649
speedup,rastrigin,300,400,4,393,2.16518944649
speedup,rastrigin,300,400,4,394,2.16518944649
speedup,rastrigin,300,400,4,395,2.16518944649
speedup,rastrigin,300,400,4,396,2.16518944649
speedup,rastrigin,300,400,4,397,2.16518944649
speedup,rastrigin,300,400,4,398,2.16518944649
speedup,rastrigin,300,400,4,399,2.16518944649
speedup,rastrigin,300,400,4,400,2.16518944649
speedup,rastrigin,300,400,4,0,253.903277912
speedup,rastrigin,300,400,4,1,200.091604071
speedup,rastrigin,300,400,4,2,146.144632697
speedup,rastrigin,300,400,4,3,126.095891081
speedup,rastrigin,300,400,4,4,126.095891081
speedup,rastrigin,300,400,4,5,124.559689757
speedup,rastrigin,300,400,4,6,110.652042627
speedup,rastrigin,300,400,4,7,107.150460393
speedup,rastrigin,300,400,4,8,103.642789406
speedup,rastrigin,300,400,4,9,103.642789406
speedup,rastrigin,300,400,4,10,103.642789406
speedup,rastrigin,300,400,4,11,84.5459823049
speedup,rastrigin,300,400,4,12,71.1718598718
speedup,rastrigin,300,400,4,13,44.9985757625
speedup,rastrigin,300,400,4,14,44.9985757625
speedup,rastrigin,300,400,4,15,44.9985757625
speedup,rastrigin,300,400,4,16,44.9985757625
speedup,rastrigin,300,400,4,17,44.9985757625
speedup,rastrigin,300,400,4,18,44.9985757625
speedup,rastrigin,300,400,4,19,44.9985757625
speedup,rastrigin,300,400,4,20,44.9985757625
speedup,rastrigin,300,400,4,21,44.9985757625
speedup,rastrigin,300,400,4,22,43.7345469849
speedup,rastrigin,300,400,4,23,43.2819462607
speedup,rastrigin,300,400,4,24,41.244300714
speedup,rastrigin,300,400,4,25,36.6347038641
speedup,rastrigin,300,400,4,26,35.3158089328
speedup,rastrigin,300,400,4,27,34.4671406027
speedup,rastrigin,300,400,4,28,27.8509526348
speedup,rastrigin,300,400,4,29,27.8509526348
speedup,rastrigin,300,400,4,30,25.8446975165
speedup,rastrigin,300,400,4,31,17.7799948315
speedup,rastrigin,300,400,4,32,14.8457123853
speedup,rastrigin,300,400,4,33,14.8457123853
speedup,rastrigin,300,400,4,34,11.2450059482
speedup,rastrigin,300,400,4,35,11.2450059482
speedup,rastrigin,300,400,4,36,11.2450059482
speedup,rastrigin,300,400,4,37,11.2450059482
speedup,rastrigin,300,400,4,38,11.2450059482
speedup,rastrigin,300,400,4,39,11.2450059482
speedup,rastrigin,300,400,4,40,10.4647181435
speedup,rastrigin,300,400,4,41,8.9420406093
speedup,rastrigin,300,400,4,42,7.66432548976
speedup,rastrigin,300,400,4,43,7.66432548976
speedup,rastrigin,300,400,4,44,7.66432548976
speedup,rastrigin,300,400,4,45,7.66432548976
speedup,rastrigin,300,400,4,46,7.04478437769
speedup,rastrigin,300,400,4,47,7.04478437769
speedup,rastrigin,300,400,4,48,7.04222032639
speedup,rastrigin,300,400,4,49,6.68510097975
speedup,rastrigin,300,400,4,50,6.68510097975
speedup,rastrigin,300,400,4,51,6.68510097975
speedup,rastrigin,300,400,4,52,6.40062022631
speedup,rastrigin,300,400,4,53,6.38473845578
speedup,rastrigin,300,400,4,54,6.38473845578
speedup,rastrigin,300,400,4,55,6.38473845578
speedup,rastrigin,300,400,4,56,5.56739424978
speedup,rastrigin,300,400,4,57,5.50121570573
speedup,rastrigin,300,400,4,58,4.15709818633
speedup,rastrigin,300,400,4,59,4.15709818633
speedup,rastrigin,300,400,4,60,4.15709818633
speedup,rastrigin,300,400,4,61,4.15709818633
speedup,rastrigin,300,400,4,62,4.15709818633
speedup,rastrigin,300,400,4,63,4.15709818633
speedup,rastrigin,300,400,4,64,4.15709818633
speedup,rastrigin,300,400,4,65,4.15709818633
speedup,rastrigin,300,400,4,66,4.15709818633
speedup,rastrigin,300,400,4,67,4.15709818633
speedup,rastrigin,300,400,4,68,4.15709818633
speedup,rastrigin,300,400,4,69,4.15709818633
speedup,rastrigin,300,400,4,70,4.15709818633
speedup,rastrigin,300,400,4,71,4.15709818633
speedup,rastrigin,300,400,4,72,4.15709818633
speedup,rastrigin,300,400,4,73,4.15709818633
speedup,rastrigin,300,400,4,74,4.15709818633
speedup,rastrigin,300,400,4,75,4.15709818633
speedup,rastrigin,300,400,4,76,4.15709818633
speedup,rastrigin,300,400,4,77,4.15709818633
speedup,rastrigin,300,400,4,78,4.15709818633
speedup,rastrigin,300,400,4,79,4.15709818633
speedup,rastrigin,300,400,4,80,4.12387361639
speedup,rastrigin,300,400,4,81,4.12387361639
speedup,rastrigin,300,400,4,82,4.12387361639
speedup,rastrigin,300,400,4,83,4.12387361639
speedup,rastrigin,300,400,4,84,4.12387361639
speedup,rastrigin,300,400,4,85,4.12387361639
speedup,rastrigin,300,400,4,86,4.12387361639
speedup,rastrigin,300,400,4,87,4.12387361639
speedup,rastrigin,300,400,4,88,4.12387361639
speedup,rastrigin,300,400,4,89,4.12387361639
speedup,rastrigin,300,400,4,90,4.12387361639
speedup,rastrigin,300,400,4,91,4.12387361639
speedup,rastrigin,300,400,4,92,4.12387361639
speedup,rastrigin,300,400,4,93,4.12387361639
speedup,rastrigin,300,400,4,94,4.12387361639
speedup,rastrigin,300,400,4,95,4.12387361639
speedup,rastrigin,300,400,4,96,4.12387361639
speedup,rastrigin,300,400,4,97,4.12387361639
speedup,rastrigin,300,400,4,98,4.12387361639
speedup,rastrigin,300,400,4,99,4.12387361639
speedup,rastrigin,300,400,4,100,4.12387361639
speedup,rastrigin,300,400,4,101,4.12387361639
speedup,rastrigin,300,400,4,102,4.12387361639
speedup,rastrigin,300,400,4,103,4.12387361639
speedup,rastrigin,300,400,4,104,4.12387361639
speedup,rastrigin,300,400,4,105,4.12387361639
speedup,rastrigin,300,400,4,106,4.12387361639
speedup,rastrigin,300,400,4,107,4.12387361639
speedup,rastrigin,300,400,4,108,4.12387361639
speedup,rastrigin,300,400,4,109,4.12387361639
speedup,rastrigin,300,400,4,110,4.12387361639
speedup,rastrigin,300,400,4,111,4.12387361639
speedup,rastrigin,300,400,4,112,4.0353665589
speedup,rastrigin,300,400,4,113,4.0353665589
speedup,rastrigin,300,400,4,114,4.0353665589
speedup,rastrigin,300,400,4,115,4.0353665589
speedup,rastrigin,300,400,4,116,4.03468121592
speedup,rastrigin,300,400,4,117,4.03468121592
speedup,rastrigin,300,400,4,118,4.03468121592
speedup,rastrigin,300,400,4,119,4.03468121592
speedup,rastrigin,300,400,4,120,4.03468121592
speedup,rastrigin,300,400,4,121,3.60820301742
speedup,rastrigin,300,400,4,122,3.60820301742
speedup,rastrigin,300,400,4,123,3.60820301742
speedup,rastrigin,300,400,4,124,3.60820301742
speedup,rastrigin,300,400,4,125,3.46556283247
speedup,rastrigin,300,400,4,126,3.46556283247
speedup,rastrigin,300,400,4,127,3.46556283247
speedup,rastrigin,300,400,4,128,3.46556283247
speedup,rastrigin,300,400,4,129,3.46556283247
speedup,rastrigin,300,400,4,130,3.46556283247
speedup,rastrigin,300,400,4,131,3.46556283247
speedup,rastrigin,300,400,4,132,3.27956350058
speedup,rastrigin,300,400,4,133,3.10196625148
speedup,rastrigin,300,400,4,134,3.10196625148
speedup,rastrigin,300,400,4,135,2.96445399803
speedup,rastrigin,300,400,4,136,2.96445399803
speedup,rastrigin,300,400,4,137,2.96445399803
speedup,rastrigin,300,400,4,138,2.96445399803
speedup,rastrigin,300,400,4,139,2.7007912089
speedup,rastrigin,300,400,4,140,2.7007912089
speedup,rastrigin,300,400,4,141,2.7007912089
speedup,rastrigin,300,400,4,142,2.7007912089
speedup,rastrigin,300,400,4,143,2.55137067243
speedup,rastrigin,300,400,4,144,2.55137067243
speedup,rastrigin,300,400,4,145,2.55137067243
speedup,rastrigin,300,400,4,146,2.49785799443
speedup,rastrigin,300,400,4,147,2.49785799443
speedup,rastrigin,300,400,4,148,2.49785799443
speedup,rastrigin,300,400,4,149,2.43596555604
speedup,rastrigin,300,400,4,150,2.43596555604
speedup,rastrigin,300,400,4,151,2.43596555604
speedup,rastrigin,300,400,4,152,2.43596555604
speedup,rastrigin,300,400,4,153,2.43596555604
speedup,rastrigin,300,400,4,154,2.43596555604
speedup,rastrigin,300,400,4,155,2.43596555604
speedup,rastrigin,300,400,4,156,2.43596555604
speedup,rastrigin,300,400,4,157,2.43596555604
speedup,rastrigin,300,400,4,158,2.43596555604
speedup,rastrigin,300,400,4,159,2.43596555604
speedup,rastrigin,300,400,4,160,2.43596555604
speedup,rastrigin,300,400,4,161,2.43596555604
speedup,rastrigin,300,400,4,162,2.43596555604
speedup,rastrigin,300,400,4,163,2.35232293988
speedup,rastrigin,300,400,4,164,2.35232293988
speedup,rastrigin,300,400,4,165,2.35232293988
speedup,rastrigin,300,400,4,166,2.35232293988
speedup,rastrigin,300,400,4,167,2.35232293988
speedup,rastrigin,300,400,4,168,2.35232293988
speedup,rastrigin,300,400,4,169,2.35232293988
speedup,rastrigin,300,400,4,170,2.35232293988
speedup,rastrigin,300,400,4,171,2.35232293988
speedup,rastrigin,300,400,4,172,2.35232293988
speedup,rastrigin,300,400,4,173,2.35232293988
speedup,rastrigin,300,400,4,174,2.35232293988
speedup,rastrigin,300,400,4,175,2.35232293988
speedup,rastrigin,300,400,4,176,2.35232293988
speedup,rastrigin,300,400,4,177,2.35232293988
speedup,rastrigin,300,400,4,178,2.35232293988
speedup,rastrigin,300,400,4,179,2.35232293988
speedup,rastrigin,300,400,4,180,2.35232293988
speedup,rastrigin,300,400,4,181,2.35232293988
speedup,rastrigin,300,400,4,182,2.35232293988
speedup,rastrigin,300,400,4,183,2.35232293988
speedup,rastrigin,300,400,4,184,2.35232293988
speedup,rastrigin,300,400,4,185,2.35232293988
speedup,rastrigin,300,400,4,186,2.35232293988
speedup,rastrigin,300,400,4,187,2.35232293988
speedup,rastrigin,300,400,4,188,2.35232293988
speedup,rastrigin,300,400,4,189,2.35232293988
speedup,rastrigin,300,400,4,190,2.35232293988
speedup,rastrigin,300,400,4,191,2.35232293988
speedup,rastrigin,300,400,4,192,2.35232293988
speedup,rastrigin,300,400,4,193,2.35232293988
speedup,rastrigin,300,400,4,194,2.35232293988
speedup,rastrigin,300,400,4,195,2.35232293988
speedup,rastrigin,300,400,4,196,2.35232293988
speedup,rastrigin,300,400,4,197,2.35232293988
speedup,rastrigin,300,400,4,198,2.35232293988
speedup,rastrigin,300,400,4,199,2.35232293988
speedup,rastrigin,300,400,4,200,2.35232293988
speedup,rastrigin,300,400,4,201,2.35232293988
speedup,rastrigin,300,400,4,202,2.35232293988
speedup,rastrigin,300,400,4,203,2.35232293988
speedup,rastrigin,300,400,4,204,2.35232293988
speedup,rastrigin,300,400,4,205,2.35232293988
speedup,rastrigin,300,400,4,206,2.35232293988
speedup,rastrigin,300,400,4,207,2.35232293988
speedup,rastrigin,300,400,4,208,2.35232293988
speedup,rastrigin,300,400,4,209,2.35232293988
speedup,rastrigin,300,400,4,210,2.35232293988
speedup,rastrigin,300,400,4,211,2.35232293988
speedup,rastrigin,300,400,4,212,2.35232293988
speedup,rastrigin,300,400,4,213,2.35232293988
speedup,rastrigin,300,400,4,214,2.35232293988
speedup,rastrigin,300,400,4,215,2.35232293988
speedup,rastrigin,300,400,4,216,2.35232293988
speedup,rastrigin,300,400,4,217,2.35232293988
speedup,rastrigin,300,400,4,218,2.35232293988
speedup,rastrigin,300,400,4,219,2.35232293988
speedup,rastrigin,300,400,4,220,2.35232293988
speedup,rastrigin,300,400,4,221,2.35232293988
speedup,rastrigin,300,400,4,222,2.35232293988
speedup,rastrigin,300,400,4,223,2.35232293988
speedup,rastrigin,300,400,4,224,2.35232293988
speedup,rastrigin,300,400,4,225,2.29257680772
speedup,rastrigin,300,400,4,226,2.29257680772
speedup,rastrigin,300,400,4,227,2.29257680772
speedup,rastrigin,300,400,4,228,2.29257680772
speedup,rastrigin,300,400,4,229,2.29257680772
speedup,rastrigin,300,400,4,230,2.29257680772
speedup,rastrigin,300,400,4,231,2.29257680772
speedup,rastrigin,300,400,4,232,2.29257680772
speedup,rastrigin,300,400,4,233,2.29257680772
speedup,rastrigin,300,400,4,234,2.29257680772
speedup,rastrigin,300,400,4,235,2.29257680772
speedup,rastrigin,300,400,4,236,2.29257680772
speedup,rastrigin,300,400,4,237,2.29257680772
speedup,rastrigin,300,400,4,238,2.29257680772
speedup,rastrigin,300,400,4,239,2.29257680772
speedup,rastrigin,300,400,4,240,2.29257680772
speedup,rastrigin,300,400,4,241,2.29257680772
speedup,rastrigin,300,400,4,242,2.29257680772
speedup,rastrigin,300,400,4,243,2.29257680772
speedup,rastrigin,300,400,4,244,2.29257680772
speedup,rastrigin,300,400,4,245,2.29257680772
speedup,rastrigin,300,400,4,246,2.29257680772
speedup,rastrigin,300,400,4,247,2.29257680772
speedup,rastrigin,300,400,4,248,2.29257680772
speedup,rastrigin,300,400,4,249,2.29257680772
speedup,rastrigin,300,400,4,250,2.29257680772
speedup,rastrigin,300,400,4,251,2.29257680772
speedup,rastrigin,300,400,4,252,2.29257680772
speedup,rastrigin,300,400,4,253,2.29257680772
speedup,rastrigin,300,400,4,254,2.29257680772
speedup,rastrigin,300,400,4,255,2.29257680772
speedup,rastrigin,300,400,4,256,2.29257680772
speedup,rastrigin,300,400,4,257,2.29257680772
speedup,rastrigin,300,400,4,258,1.97699832864
speedup,rastrigin,300,400,4,259,1.97699832864
speedup,rastrigin,300,400,4,260,1.97699832864
speedup,rastrigin,300,400,4,261,1.97699832864
speedup,rastrigin,300,400,4,262,1.97699832864
speedup,rastrigin,300,400,4,263,1.97699832864
speedup,rastrigin,300,400,4,264,1.97699832864
speedup,rastrigin,300,400,4,265,1.97699832864
speedup,rastrigin,300,400,4,266,1.97699832864
speedup,rastrigin,300,400,4,267,1.97699832864
speedup,rastrigin,300,400,4,268,1.97699832864
speedup,rastrigin,300,400,4,269,1.97699832864
speedup,rastrigin,300,400,4,270,1.97699832864
speedup,rastrigin,300,400,4,271,1.97699832864
speedup,rastrigin,300,400,4,272,1.97699832864
speedup,rastrigin,300,400,4,273,1.97699832864
speedup,rastrigin,300,400,4,274,1.97699832864
speedup,rastrigin,300,400,4,275,1.97699832864
speedup,rastrigin,300,400,4,276,1.97699832864
speedup,rastrigin,300,400,4,277,1.97699832864
speedup,rastrigin,300,400,4,278,1.97699832864
speedup,rastrigin,300,400,4,279,1.97699832864
speedup,rastrigin,300,400,4,280,1.97699832864
speedup,rastrigin,300,400,4,281,1.97699832864
speedup,rastrigin,300,400,4,282,1.97699832864
speedup,rastrigin,300,400,4,283,1.97699832864
speedup,rastrigin,300,400,4,284,1.97699832864
speedup,rastrigin,300,400,4,285,1.97699832864
speedup,rastrigin,300,400,4,286,1.97699832864
speedup,rastrigin,300,400,4,287,1.97699832864
speedup,rastrigin,300,400,4,288,1.97699832864
speedup,rastrigin,300,400,4,289,1.97699832864
speedup,rastrigin,300,400,4,290,1.97699832864
speedup,rastrigin,300,400,4,291,1.97699832864
speedup,rastrigin,300,400,4,292,1.97699832864
speedup,rastrigin,300,400,4,293,1.97699832864
speedup,rastrigin,300,400,4,294,1.97699832864
speedup,rastrigin,300,400,4,295,1.97699832864
speedup,rastrigin,300,400,4,296,1.97699832864
speedup,rastrigin,300,400,4,297,1.97699832864
speedup,rastrigin,300,400,4,298,1.97699832864
speedup,rastrigin,300,400,4,299,1.97699832864
speedup,rastrigin,300,400,4,300,1.97699832864
speedup,rastrigin,300,400,4,301,1.97699832864
speedup,rastrigin,300,400,4,302,1.97699832864
speedup,rastrigin,300,400,4,303,1.97699832864
speedup,rastrigin,300,400,4,304,1.97699832864
speedup,rastrigin,300,400,4,305,1.97699832864
speedup,rastrigin,300,400,4,306,1.97699832864
speedup,rastrigin,300,400,4,307,1.73458566566
speedup,rastrigin,300,400,4,308,1.73458566566
speedup,rastrigin,300,400,4,309,1.73458566566
speedup,rastrigin,300,400,4,310,1.73458566566
speedup,rastrigin,300,400,4,311,1.73458566566
speedup,rastrigin,300,400,4,312,1.73458566566
speedup,rastrigin,300,400,4,313,1.73458566566
speedup,rastrigin,300,400,4,314,1.73458566566
speedup,rastrigin,300,400,4,315,1.73458566566
speedup,rastrigin,300,400,4,316,1.73458566566
speedup,rastrigin,300,400,4,317,1.73458566566
speedup,rastrigin,300,400,4,318,1.73458566566
speedup,rastrigin,300,400,4,319,1.73458566566
speedup,rastrigin,300,400,4,320,1.73458566566
speedup,rastrigin,300,400,4,321,1.73458566566
speedup,rastrigin,300,400,4,322,1.73458566566
speedup,rastrigin,300,400,4,323,1.73458566566
speedup,rastrigin,300,400,4,324,1.73458566566
speedup,rastrigin,300,400,4,325,1.73458566566
speedup,rastrigin,300,400,4,326,1.73458566566
speedup,rastrigin,300,400,4,327,1.73458566566
speedup,rastrigin,300,400,4,328,1.73458566566
speedup,rastrigin,300,400,4,329,1.73458566566
speedup,rastrigin,300,400,4,330,1.73458566566
speedup,rastrigin,300,400,4,331,1.73458566566
speedup,rastrigin,300,400,4,332,1.73458566566
speedup,rastrigin,300,400,4,333,1.73458566566
speedup,rastrigin,300,400,4,334,1.73458566566
speedup,rastrigin,300,400,4,335,1.73458566566
speedup,rastrigin,300,400,4,336,1.73458566566
speedup,rastrigin,300,400,4,337,1.73458566566
speedup,rastrigin,300,400,4,338,1.73458566566
speedup,rastrigin,300,400,4,339,1.73458566566
speedup,rastrigin,300,400,4,340,1.73458566566
speedup,rastrigin,300,400,4,341,1.73458566566
speedup,rastrigin,300,400,4,342,1.73458566566
speedup,rastrigin,300,400,4,343,1.73458566566
speedup,rastrigin,300,400,4,344,1.73458566566
speedup,rastrigin,300,400,4,345,1.73458566566
speedup,rastrigin,300,400,4,346,1.73458566566
speedup,rastrigin,300,400,4,347,1.73458566566
speedup,rastrigin,300,400,4,348,1.73458566566
speedup,rastrigin,300,400,4,349,1.73458566566
speedup,rastrigin,300,400,4,350,1.73458566566
speedup,rastrigin,300,400,4,351,1.53025885147
speedup,rastrigin,300,400,4,352,1.53025885147
speedup,rastrigin,300,400,4,353,1.53025885147
speedup,rastrigin,300,400,4,354,1.53025885147
speedup,rastrigin,300,400,4,355,1.53025885147
speedup,rastrigin,300,400,4,356,1.53025885147
speedup,rastrigin,300,400,4,357,1.53025885147
speedup,rastrigin,300,400,4,358,1.53025885147
speedup,rastrigin,300,400,4,359,1.53025885147
speedup,rastrigin,300,400,4,360,1.53025885147
speedup,rastrigin,300,400,4,361,1.53025885147
speedup,rastrigin,300,400,4,362,1.53025885147
speedup,rastrigin,300,400,4,363,1.53025885147
speedup,rastrigin,300,400,4,364,1.53025885147
speedup,rastrigin,300,400,4,365,1.53025885147
speedup,rastrigin,300,400,4,366,1.53025885147
speedup,rastrigin,300,400,4,367,1.53025885147
speedup,rastrigin,300,400,4,368,1.53025885147
speedup,rastrigin,300,400,4,369,1.53025885147
speedup,rastrigin,300,400,4,370,1.53025885147
speedup,rastrigin,300,400,4,371,1.53025885147
speedup,rastrigin,300,400,4,372,1.53025885147
speedup,rastrigin,300,400,4,373,1.53025885147
speedup,rastrigin,300,400,4,374,1.53025885147
speedup,rastrigin,300,400,4,375,1.53025885147
speedup,rastrigin,300,400,4,376,1.53025885147
speedup,rastrigin,300,400,4,377,1.53025885147
speedup,rastrigin,300,400,4,378,1.53025885147
speedup,rastrigin,300,400,4,379,1.53025885147
speedup,rastrigin,300,400,4,380,1.53025885147
speedup,rastrigin,300,400,4,381,1.53025885147
speedup,rastrigin,300,400,4,382,1.53025885147
speedup,rastrigin,300,400,4,383,1.53025885147
speedup,rastrigin,300,400,4,384,1.53025885147
speedup,rastrigin,300,400,4,385,1.53025885147
speedup,rastrigin,300,400,4,386,1.4232382342
speedup,rastrigin,300,400,4,387,1.4232382342
speedup,rastrigin,300,400,4,388,1.4232382342
speedup,rastrigin,300,400,4,389,1.4232382342
speedup,rastrigin,300,400,4,390,1.4232382342
speedup,rastrigin,300,400,4,391,1.4232382342
speedup,rastrigin,300,400,4,392,1.4232382342
speedup,rastrigin,300,400,4,393,1.4232382342
speedup,rastrigin,300,400,4,394,1.4232382342
speedup,rastrigin,300,400,4,395,1.4232382342
speedup,rastrigin,300,400,4,396,1.4232382342
speedup,rastrigin,300,400,4,397,1.4232382342
speedup,rastrigin,300,400,4,398,1.4232382342
speedup,rastrigin,300,400,4,399,1.4232382342
speedup,rastrigin,300,400,4,400,1.4232382342
speedup,rastrigin,300,400,4,0,235.542692207
speedup,rastrigin,300,400,4,1,210.533236158
speedup,rastrigin,300,400,4,2,165.12309966
speedup,rastrigin,300,400,4,3,125.438157449
speedup,rastrigin,300,400,4,4,125.438157449
speedup,rastrigin,300,400,4,5,111.047481075
speedup,rastrigin,300,400,4,6,111.047481075
speedup,rastrigin,300,400,4,7,104.282524956
speedup,rastrigin,300,400,4,8,98.7552916265
speedup,rastrigin,300,400,4,9,90.6618814248
speedup,rastrigin,300,400,4,10,90.6618814248
speedup,rastrigin,300,400,4,11,90.6618814248
speedup,rastrigin,300,400,4,12,90.6618814248
speedup,rastrigin,300,400,4,13,90.6618814248
speedup,rastrigin,300,400,4,14,83.9254701712
speedup,rastrigin,300,400,4,15,78.2104925096
speedup,rastrigin,300,400,4,16,78.2104925096
speedup,rastrigin,300,400,4,17,78.2104925096
speedup,rastrigin,300,400,4,18,76.0120246643
speedup,rastrigin,300,400,4,19,69.9394100434
speedup,rastrigin,300,400,4,20,59.789004094
speedup,rastrigin,300,400,4,21,59.789004094
speedup,rastrigin,300,400,4,22,59.789004094
speedup,rastrigin,300,400,4,23,58.4022271695
speedup,rastrigin,300,400,4,24,58.4022271695
speedup,rastrigin,300,400,4,25,51.5276231033
speedup,rastrigin,300,400,4,26,42.2144830306
speedup,rastrigin,300,400,4,27,42.2144830306
speedup,rastrigin,300,400,4,28,42.2144830306
speedup,rastrigin,300,400,4,29,42.2144830306
speedup,rastrigin,300,400,4,30,38.4724032441
speedup,rastrigin,300,400,4,31,31.5087262553
speedup,rastrigin,300,400,4,32,23.3871634589
speedup,rastrigin,300,400,4,33,23.3871634589
speedup,rastrigin,300,400,4,34,23.3871634589
speedup,rastrigin,300,400,4,35,23.3871634589
speedup,rastrigin,300,400,4,36,21.5598535738
speedup,rastrigin,300,400,4,37,20.3014214927
speedup,rastrigin,300,400,4,38,18.8433004092
speedup,rastrigin,300,400,4,39,15.9743042512
speedup,rastrigin,300,400,4,40,14.2425946807
speedup,rastrigin,300,400,4,41,14.2425946807
speedup,rastrigin,300,400,4,42,13.718224048
speedup,rastrigin,300,400,4,43,12.573944243
speedup,rastrigin,300,400,4,44,12.573944243
speedup,rastrigin,300,400,4,45,10.6646577635
speedup,rastrigin,300,400,4,46,10.6646577635
speedup,rastrigin,300,400,4,47,9.09342431572
speedup,rastrigin,300,400,4,48,8.85084442574
speedup,rastrigin,300,400,4,49,8.85084442574
speedup,rastrigin,300,400,4,50,8.85084442574
speedup,rastrigin,300,400,4,51,8.83456284478
speedup,rastrigin,300,400,4,52,8.45223761078
speedup,rastrigin,300,400,4,53,7.36775821572
speedup,rastrigin,300,400,4,54,7.24115849579
speedup,rastrigin,300,400,4,55,7.24115849579
speedup,rastrigin,300,400,4,56,6.50919206327
speedup,rastrigin,300,400,4,57,6.50919206327
speedup,rastrigin,300,400,4,58,6.50919206327
speedup,rastrigin,300,400,4,59,6.50919206327
speedup,rastrigin,300,400,4,60,6.50919206327
speedup,rastrigin,300,400,4,61,6.50919206327
speedup,rastrigin,300,400,4,62,6.02368055076
speedup,rastrigin,300,400,4,63,6.02368055076
speedup,rastrigin,300,400,4,64,6.02368055076
speedup,rastrigin,300,400,4,65,6.02368055076
speedup,rastrigin,300,400,4,66,5.84433933241
speedup,rastrigin,300,400,4,67,5.76419891
speedup,rastrigin,300,400,4,68,5.76419891
speedup,rastrigin,300,400,4,69,5.76419891
speedup,rastrigin,300,400,4,70,5.76419891
speedup,rastrigin,300,400,4,71,5.76419891
speedup,rastrigin,300,400,4,72,5.6819118726
speedup,rastrigin,300,400,4,73,5.6819118726
speedup,rastrigin,300,400,4,74,5.6819118726
speedup,rastrigin,300,400,4,75,5.6819118726
speedup,rastrigin,300,400,4,76,5.6819118726
speedup,rastrigin,300,400,4,77,5.6819118726
speedup,rastrigin,300,400,4,78,5.6819118726
speedup,rastrigin,300,400,4,79,5.6819118726
speedup,rastrigin,300,400,4,80,5.6819118726
speedup,rastrigin,300,400,4,81,5.6819118726
speedup,rastrigin,300,400,4,82,5.6819118726
speedup,rastrigin,300,400,4,83,5.6029542993
speedup,rastrigin,300,400,4,84,5.6029542993
speedup,rastrigin,300,400,4,85,4.20366352921
speedup,rastrigin,300,400,4,86,4.20366352921
speedup,rastrigin,300,400,4,87,4.20366352921
speedup,rastrigin,300,400,4,88,4.20366352921
speedup,rastrigin,300,400,4,89,4.20366352921
speedup,rastrigin,300,400,4,90,4.20366352921
speedup,rastrigin,300,400,4,91,4.20366352921
speedup,rastrigin,300,400,4,92,4.20366352921
speedup,rastrigin,300,400,4,93,4.20366352921
speedup,rastrigin,300,400,4,94,4.20366352921
speedup,rastrigin,300,400,4,95,4.20366352921
speedup,rastrigin,300,400,4,96,4.20366352921
speedup,rastrigin,300,400,4,97,4.20366352921
speedup,rastrigin,300,400,4,98,4.20366352921
speedup,rastrigin,300,400,4,99,4.20366352921
speedup,rastrigin,300,400,4,100,4.20366352921
speedup,rastrigin,300,400,4,101,4.20366352921
speedup,rastrigin,300,400,4,102,4.20366352921
speedup,rastrigin,300,400,4,103,4.20366352921
speedup,rastrigin,300,400,4,104,4.20366352921
speedup,rastrigin,300,400,4,105,4.20366352921
speedup,rastrigin,300,400,4,106,4.20366352921
speedup,rastrigin,300,400,4,107,4.20366352921
speedup,rastrigin,300,400,4,108,4.20366352921
speedup,rastrigin,300,400,4,109,4.20366352921
speedup,rastrigin,300,400,4,110,4.20366352921
speedup,rastrigin,300,400,4,111,4.20366352921
speedup,rastrigin,300,400,4,112,4.20366352921
speedup,rastrigin,300,400,4,113,4.20366352921
speedup,rastrigin,300,400,4,114,4.20366352921
speedup,rastrigin,300,400,4,115,4.20366352921
speedup,rastrigin,300,400,4,116,4.20366352921
speedup,rastrigin,300,400,4,117,3.86171358371
speedup,rastrigin,300,400,4,118,3.86171358371
speedup,rastrigin,300,400,4,119,3.86171358371
speedup,rastrigin,300,400,4,120,3.86171358371
speedup,rastrigin,300,400,4,121,3.86171358371
speedup,rastrigin,300,400,4,122,3.86171358371
speedup,rastrigin,300,400,4,123,3.86171358371
speedup,rastrigin,300,400,4,124,3.86171358371
speedup,rastrigin,300,400,4,125,3.86171358371
speedup,rastrigin,300,400,4,126,3.86171358371
speedup,rastrigin,300,400,4,127,3.86171358371
speedup,rastrigin,300,400,4,128,3.86171358371
speedup,rastrigin,300,400,4,129,3.86171358371
speedup,rastrigin,300,400,4,130,3.86171358371
speedup,rastrigin,300,400,4,131,3.86171358371
speedup,rastrigin,300,400,4,132,3.86171358371
speedup,rastrigin,300,400,4,133,3.86171358371
speedup,rastrigin,300,400,4,134,3.86171358371
speedup,rastrigin,300,400,4,135,3.86171358371
speedup,rastrigin,300,400,4,136,3.22151592732
speedup,rastrigin,300,400,4,137,3.22151592732
speedup,rastrigin,300,400,4,138,3.12589600995
speedup,rastrigin,300,400,4,139,3.12589600995
speedup,rastrigin,300,400,4,140,3.12589600995
speedup,rastrigin,300,400,4,141,3.12589600995
speedup,rastrigin,300,400,4,142,3.12589600995
speedup,rastrigin,300,400,4,143,3.12589600995
speedup,rastrigin,300,400,4,144,3.12589600995
speedup,rastrigin,300,400,4,145,3.12589600995
speedup,rastrigin,300,400,4,146,3.12589600995
speedup,rastrigin,300,400,4,147,3.12589600995
speedup,rastrigin,300,400,4,148,3.12589600995
speedup,rastrigin,300,400,4,149,3.12589600995
speedup,rastrigin,300,400,4,150,3.12589600995
speedup,rastrigin,300,400,4,151,3.12589600995
speedup,rastrigin,300,400,4,152,3.12589600995
speedup,rastrigin,300,400,4,153,3.12589600995
speedup,rastrigin,300,400,4,154,3.12589600995
speedup,rastrigin,300,400,4,155,3.12589600995
speedup,rastrigin,300,400,4,156,3.12589600995
speedup,rastrigin,300,400,4,157,3.12589600995
speedup,rastrigin,300,400,4,158,3.12589600995
speedup,rastrigin,300,400,4,159,3.06160512071
speedup,rastrigin,300,400,4,160,3.06160512071
speedup,rastrigin,300,400,4,161,3.06160512071
speedup,rastrigin,300,400,4,162,3.06160512071
speedup,rastrigin,300,400,4,163,3.06160512071
speedup,rastrigin,300,400,4,164,3.06160512071
speedup,rastrigin,300,400,4,165,3.06160512071
speedup,rastrigin,300,400,4,166,3.06160512071
speedup,rastrigin,300,400,4,167,3.06160512071
speedup,rastrigin,300,400,4,168,3.06160512071
speedup,rastrigin,300,400,4,169,2.93889100311
speedup,rastrigin,300,400,4,170,2.93889100311
speedup,rastrigin,300,400,4,171,2.93889100311
speedup,rastrigin,300,400,4,172,2.93889100311
speedup,rastrigin,300,400,4,173,2.93889100311
speedup,rastrigin,300,400,4,174,2.93889100311
speedup,rastrigin,300,400,4,175,2.93889100311
speedup,rastrigin,300,400,4,176,2.93889100311
speedup,rastrigin,300,400,4,177,2.93889100311
speedup,rastrigin,300,400,4,178,2.93889100311
speedup,rastrigin,300,400,4,179,2.93889100311
speedup,rastrigin,300,400,4,180,2.93889100311
speedup,rastrigin,300,400,4,181,2.93889100311
speedup,rastrigin,300,400,4,182,2.25544844681
speedup,rastrigin,300,400,4,183,2.25544844681
speedup,rastrigin,300,400,4,184,2.25544844681
speedup,rastrigin,300,400,4,185,2.25544844681
speedup,rastrigin,300,400,4,186,2.25544844681
speedup,rastrigin,300,400,4,187,2.25544844681
speedup,rastrigin,300,400,4,188,2.25544844681
speedup,rastrigin,300,400,4,189,2.25544844681
speedup,rastrigin,300,400,4,190,2.25544844681
speedup,rastrigin,300,400,4,191,2.25544844681
speedup,rastrigin,300,400,4,192,2.25544844681
speedup,rastrigin,300,400,4,193,2.25544844681
speedup,rastrigin,300,400,4,194,2.25544844681
speedup,rastrigin,300,400,4,195,2.25544844681
speedup,rastrigin,300,400,4,196,2.25544844681
speedup,rastrigin,300,400,4,197,2.25544844681
speedup,rastrigin,300,400,4,198,1.94895041393
speedup,rastrigin,300,400,4,199,1.94895041393
speedup,rastrigin,300,400,4,200,1.94895041393
speedup,rastrigin,300,400,4,201,1.69581961247
speedup,rastrigin,300,400,4,202,1.69581961247
speedup,rastrigin,300,400,4,203,1.69581961247
speedup,rastrigin,300,400,4,204,1.69581961247
speedup,rastrigin,300,400,4,205,1.69581961247
speedup,rastrigin,300,400,4,206,1.69581961247
speedup,rastrigin,300,400,4,207,1.69581961247
speedup,rastrigin,300,400,4,208,1.69581961247
speedup,rastrigin,300,400,4,209,1.69581961247
speedup,rastrigin,300,400,4,210,1.69581961247
speedup,rastrigin,300,400,4,211,1.69581961247
speedup,rastrigin,300,400,4,212,1.69581961247
speedup,rastrigin,300,400,4,213,1.69581961247
speedup,rastrigin,300,400,4,214,1.69581961247
speedup,rastrigin,300,400,4,215,1.69581961247
speedup,rastrigin,300,400,4,216,1.69581961247
speedup,rastrigin,300,400,4,217,1.69581961247
speedup,rastrigin,300,400,4,218,1.69581961247
speedup,rastrigin,300,400,4,219,1.69581961247
speedup,rastrigin,300,400,4,220,1.66963958307
speedup,rastrigin,300,400,4,221,1.64772463349
speedup,rastrigin,300,400,4,222,1.64772463349
speedup,rastrigin,300,400,4,223,1.64772463349
speedup,rastrigin,300,400,4,224,1.64772463349
speedup,rastrigin,300,400,4,225,1.64772463349
speedup,rastrigin,300,400,4,226,1.64772463349
speedup,rastrigin,300,400,4,227,1.64772463349
speedup,rastrigin,300,400,4,228,1.48683897875
speedup,rastrigin,300,400,4,229,1.48683897875
speedup,rastrigin,300,400,4,230,1.48683897875
speedup,rastrigin,300,400,4,231,1.48683897875
speedup,rastrigin,300,400,4,232,1.46369860124
speedup,rastrigin,300,400,4,233,1.46369860124
speedup,rastrigin,300,400,4,234,1.46369860124
speedup,rastrigin,300,400,4,235,1.46369860124
speedup,rastrigin,300,400,4,236,1.46369860124
speedup,rastrigin,300,400,4,237,1.44092854951
speedup,rastrigin,300,400,4,238,1.44092854951
speedup,rastrigin,300,400,4,239,1.44092854951
speedup,rastrigin,300,400,4,240,1.44092854951
speedup,rastrigin,300,400,4,241,1.44092854951
speedup,rastrigin,300,400,4,242,1.44092854951
speedup,rastrigin,300,400,4,243,1.40229131234
speedup,rastrigin,300,400,4,244,1.40229131234
speedup,rastrigin,300,400,4,245,1.40229131234
speedup,rastrigin,300,400,4,246,1.40229131234
speedup,rastrigin,300,400,4,247,1.40229131234
speedup,rastrigin,300,400,4,248,1.40229131234
speedup,rastrigin,300,400,4,249,1.40229131234
speedup,rastrigin,300,400,4,250,1.40229131234
speedup,rastrigin,300,400,4,251,1.40229131234
speedup,rastrigin,300,400,4,252,1.38464189662
speedup,rastrigin,300,400,4,253,1.38464189662
speedup,rastrigin,300,400,4,254,1.38464189662
speedup,rastrigin,300,400,4,255,1.38464189662
speedup,rastrigin,300,400,4,256,1.38464189662
speedup,rastrigin,300,400,4,257,1.38464189662
speedup,rastrigin,300,400,4,258,1.38464189662
speedup,rastrigin,300,400,4,259,1.38464189662
speedup,rastrigin,300,400,4,260,1.38464189662
speedup,rastrigin,300,400,4,261,1.38464189662
speedup,rastrigin,300,400,4,262,1.38464189662
speedup,rastrigin,300,400,4,263,1.38464189662
speedup,rastrigin,300,400,4,264,1.38464189662
speedup,rastrigin,300,400,4,265,1.38464189662
speedup,rastrigin,300,400,4,266,1.38464189662
speedup,rastrigin,300,400,4,267,1.38464189662
speedup,rastrigin,300,400,4,268,1.38464189662
speedup,rastrigin,300,400,4,269,1.38464189662
speedup,rastrigin,300,400,4,270,1.38464189662
speedup,rastrigin,300,400,4,271,1.38464189662
speedup,rastrigin,300,400,4,272,1.38464189662
speedup,rastrigin,300,400,4,273,1.38464189662
speedup,rastrigin,300,400,4,274,1.38464189662
speedup,rastrigin,300,400,4,275,1.38464189662
speedup,rastrigin,300,400,4,276,1.38464189662
speedup,rastrigin,300,400,4,277,1.38464189662
speedup,rastrigin,300,400,4,278,1.38464189662
speedup,rastrigin,300,400,4,279,1.38464189662
speedup,rastrigin,300,400,4,280,1.33234832158
speedup,rastrigin,300,400,4,281,1.33234832158
speedup,rastrigin,300,400,4,282,1.33234832158
speedup,rastrigin,300,400,4,283,1.33234832158
speedup,rastrigin,300,400,4,284,1.33234832158
speedup,rastrigin,300,400,4,285,1.33234832158
speedup,rastrigin,300,400,4,286,1.33234832158
speedup,rastrigin,300,400,4,287,1.33234832158
speedup,rastrigin,300,400,4,288,1.33234832158
speedup,rastrigin,300,400,4,289,1.33234832158
speedup,rastrigin,300,400,4,290,1.33234832158
speedup,rastrigin,300,400,4,291,1.33234832158
speedup,rastrigin,300,400,4,292,1.33234832158
speedup,rastrigin,300,400,4,293,1.33234832158
speedup,rastrigin,300,400,4,294,1.33234832158
speedup,rastrigin,300,400,4,295,1.33234832158
speedup,rastrigin,300,400,4,296,1.33234832158
speedup,rastrigin,300,400,4,297,1.33234832158
speedup,rastrigin,300,400,4,298,1.33234832158
speedup,rastrigin,300,400,4,299,1.33234832158
speedup,rastrigin,300,400,4,300,1.33234832158
speedup,rastrigin,300,400,4,301,1.33234832158
speedup,rastrigin,300,400,4,302,1.33234832158
speedup,rastrigin,300,400,4,303,1.33234832158
speedup,rastrigin,300,400,4,304,1.33234832158
speedup,rastrigin,300,400,4,305,1.33234832158
speedup,rastrigin,300,400,4,306,1.33234832158
speedup,rastrigin,300,400,4,307,1.33234832158
speedup,rastrigin,300,400,4,308,1.33234832158
speedup,rastrigin,300,400,4,309,1.33234832158
speedup,rastrigin,300,400,4,310,1.33234832158
speedup,rastrigin,300,400,4,311,1.33234832158
speedup,rastrigin,300,400,4,312,1.33234832158
speedup,rastrigin,300,400,4,313,1.33234832158
speedup,rastrigin,300,400,4,314,1.33234832158
speedup,rastrigin,300,400,4,315,1.33234832158
speedup,rastrigin,300,400,4,316,1.33234832158
speedup,rastrigin,300,400,4,317,1.33234832158
speedup,rastrigin,300,400,4,318,1.33234832158
speedup,rastrigin,300,400,4,319,1.33234832158
speedup,rastrigin,300,400,4,320,1.33234832158
speedup,rastrigin,300,400,4,321,1.33234832158
speedup,rastrigin,300,400,4,322,1.33234832158
speedup,rastrigin,300,400,4,323,1.33234832158
speedup,rastrigin,300,400,4,324,1.33234832158
speedup,rastrigin,300,400,4,325,1.33234832158
speedup,rastrigin,300,400,4,326,1.33234832158
speedup,rastrigin,300,400,4,327,1.33234832158
speedup,rastrigin,300,400,4,328,1.33234832158
speedup,rastrigin,300,400,4,329,1.33234832158
speedup,rastrigin,300,400,4,330,1.33234832158
speedup,rastrigin,300,400,4,331,1.33234832158
speedup,rastrigin,300,400,4,332,1.33234832158
speedup,rastrigin,300,400,4,333,1.33234832158
speedup,rastrigin,300,400,4,334,1.33234832158
speedup,rastrigin,300,400,4,335,1.33234832158
speedup,rastrigin,300,400,4,336,1.33234832158
speedup,rastrigin,300,400,4,337,1.33234832158
speedup,rastrigin,300,400,4,338,1.33234832158
speedup,rastrigin,300,400,4,339,1.33234832158
speedup,rastrigin,300,400,4,340,1.33234832158
speedup,rastrigin,300,400,4,341,1.33234832158
speedup,rastrigin,300,400,4,342,1.32508722611
speedup,rastrigin,300,400,4,343,1.32508722611
speedup,rastrigin,300,400,4,344,1.32508722611
speedup,rastrigin,300,400,4,345,1.32508722611
speedup,rastrigin,300,400,4,346,1.32508722611
speedup,rastrigin,300,400,4,347,1.32508722611
speedup,rastrigin,300,400,4,348,1.32508722611
speedup,rastrigin,300,400,4,349,1.32508722611
speedup,rastrigin,300,400,4,350,1.32508722611
speedup,rastrigin,300,400,4,351,1.32508722611
speedup,rastrigin,300,400,4,352,1.32508722611
speedup,rastrigin,300,400,4,353,1.32508722611
speedup,rastrigin,300,400,4,354,1.32508722611
speedup,rastrigin,300,400,4,355,1.32508722611
speedup,rastrigin,300,400,4,356,1.32508722611
speedup,rastrigin,300,400,4,357,1.32508722611
speedup,rastrigin,300,400,4,358,1.32508722611
speedup,rastrigin,300,400,4,359,1.32508722611
speedup,rastrigin,300,400,4,360,1.32508722611
speedup,rastrigin,300,400,4,361,1.32508722611
speedup,rastrigin,300,400,4,362,1.32508722611
speedup,rastrigin,300,400,4,363,1.32508722611
speedup,rastrigin,300,400,4,364,1.32508722611
speedup,rastrigin,300,400,4,365,1.32508722611
speedup,rastrigin,300,400,4,366,1.32508722611
speedup,rastrigin,300,400,4,367,1.32508722611
speedup,rastrigin,300,400,4,368,1.32508722611
speedup,rastrigin,300,400,4,369,1.32508722611
speedup,rastrigin,300,400,4,370,1.32508722611
speedup,rastrigin,300,400,4,371,1.32508722611
speedup,rastrigin,300,400,4,372,1.32508722611
speedup,rastrigin,300,400,4,373,1.32508722611
speedup,rastrigin,300,400,4,374,1.32508722611
speedup,rastrigin,300,400,4,375,1.32508722611
speedup,rastrigin,300,400,4,376,1.32508722611
speedup,rastrigin,300,400,4,377,1.32508722611
speedup,rastrigin,300,400,4,378,1.32508722611
speedup,rastrigin,300,400,4,379,1.32508722611
speedup,rastrigin,300,400,4,380,1.32508722611
speedup,rastrigin,300,400,4,381,1.32508722611
speedup,rastrigin,300,400,4,382,1.32508722611
speedup,rastrigin,300,400,4,383,1.32508722611
speedup,rastrigin,300,400,4,384,1.32508722611
speedup,rastrigin,300,400,4,385,1.32508722611
speedup,rastrigin,300,400,4,386,1.32508722611
speedup,rastrigin,300,400,4,387,1.32508722611
speedup,rastrigin,300,400,4,388,1.32508722611
speedup,rastrigin,300,400,4,389,1.32508722611
speedup,rastrigin,300,400,4,390,1.32508722611
speedup,rastrigin,300,400,4,391,1.32508722611
speedup,rastrigin,300,400,4,392,1.32508722611
speedup,rastrigin,300,400,4,393,1.32508722611
speedup,rastrigin,300,400,4,394,1.32508722611
speedup,rastrigin,300,400,4,395,1.32508722611
speedup,rastrigin,300,400,4,396,1.32508722611
speedup,rastrigin,300,400,4,397,1.32508722611
speedup,rastrigin,300,400,4,398,1.32508722611
speedup,rastrigin,300,400,4,399,1.32508722611
speedup,rastrigin,300,400,4,400,1.32508722611
speedup,rastrigin,300,400,4,0,253.418829537
speedup,rastrigin,300,400,4,1,186.224777037
speedup,rastrigin,300,400,4,2,156.928039113
speedup,rastrigin,300,400,4,3,141.493327752
speedup,rastrigin,300,400,4,4,132.494476242
speedup,rastrigin,300,400,4,5,132.494476242
speedup,rastrigin,300,400,4,6,132.494476242
speedup,rastrigin,300,400,4,7,117.426406723
speedup,rastrigin,300,400,4,8,117.426406723
speedup,rastrigin,300,400,4,9,116.377389801
speedup,rastrigin,300,400,4,10,97.9045760506
speedup,rastrigin,300,400,4,11,81.7487462196
speedup,rastrigin,300,400,4,12,81.7487462196
speedup,rastrigin,300,400,4,13,81.7487462196
speedup,rastrigin,300,400,4,14,81.7487462196
speedup,rastrigin,300,400,4,15,74.5603454372
speedup,rastrigin,300,400,4,16,64.992435781
speedup,rastrigin,300,400,4,17,64.992435781
speedup,rastrigin,300,400,4,18,58.8456037406
speedup,rastrigin,300,400,4,19,51.9418132604
speedup,rastrigin,300,400,4,20,41.3683414129
speedup,rastrigin,300,400,4,21,41.3683414129
speedup,rastrigin,300,400,4,22,34.3612914605
speedup,rastrigin,300,400,4,23,31.8152937885
speedup,rastrigin,300,400,4,24,24.8747745691
speedup,rastrigin,300,400,4,25,24.8747745691
speedup,rastrigin,300,400,4,26,21.5637706371
speedup,rastrigin,300,400,4,27,19.9347274083
speedup,rastrigin,300,400,4,28,19.9347274083
speedup,rastrigin,300,400,4,29,19.9347274083
speedup,rastrigin,300,400,4,30,19.8168640651
speedup,rastrigin,300,400,4,31,18.129841774
speedup,rastrigin,300,400,4,32,17.3578893841
speedup,rastrigin,300,400,4,33,15.2288362721
speedup,rastrigin,300,400,4,34,15.2288362721
speedup,rastrigin,300,400,4,35,11.2870031732
speedup,rastrigin,300,400,4,36,11.2870031732
speedup,rastrigin,300,400,4,37,11.2870031732
speedup,rastrigin,300,400,4,38,11.2870031732
speedup,rastrigin,300,400,4,39,10.4408476325
speedup,rastrigin,300,400,4,40,10.4408476325
speedup,rastrigin,300,400,4,41,10.4408476325
speedup,rastrigin,300,400,4,42,10.4408476325
speedup,rastrigin,300,400,4,43,10.4408476325
speedup,rastrigin,300,400,4,44,10.4408476325
speedup,rastrigin,300,400,4,45,10.0804074474
speedup,rastrigin,300,400,4,46,10.0804074474
speedup,rastrigin,300,400,4,47,8.51532748837
speedup,rastrigin,300,400,4,48,8.3867083321
speedup,rastrigin,300,400,4,49,8.3867083321
speedup,rastrigin,300,400,4,50,8.3867083321
speedup,rastrigin,300,400,4,51,7.19367456121
speedup,rastrigin,300,400,4,52,6.83525581672
speedup,rastrigin,300,400,4,53,6.83525581672
speedup,rastrigin,300,400,4,54,6.83525581672
speedup,rastrigin,300,400,4,55,6.83525581672
speedup,rastrigin,300,400,4,56,6.83525581672
speedup,rastrigin,300,400,4,57,6.83525581672
speedup,rastrigin,300,400,4,58,6.80888563323
speedup,rastrigin,300,400,4,59,6.80888563323
speedup,rastrigin,300,400,4,60,6.80888563323
speedup,rastrigin,300,400,4,61,6.80888563323
speedup,rastrigin,300,400,4,62,6.80888563323
speedup,rastrigin,300,400,4,63,6.80888563323
speedup,rastrigin,300,400,4,64,6.80888563323
speedup,rastrigin,300,400,4,65,6.80888563323
speedup,rastrigin,300,400,4,66,6.33738685322
speedup,rastrigin,300,400,4,67,6.33738685322
speedup,rastrigin,300,400,4,68,6.33738685322
speedup,rastrigin,300,400,4,69,6.33738685322
speedup,rastrigin,300,400,4,70,6.33738685322
speedup,rastrigin,300,400,4,71,6.33738685322
speedup,rastrigin,300,400,4,72,6.33738685322
speedup,rastrigin,300,400,4,73,6.33738685322
speedup,rastrigin,300,400,4,74,6.10658860095
speedup,rastrigin,300,400,4,75,6.10658860095
speedup,rastrigin,300,400,4,76,6.10658860095
speedup,rastrigin,300,400,4,77,6.10658860095
speedup,rastrigin,300,400,4,78,6.10658860095
speedup,rastrigin,300,400,4,79,6.10658860095
speedup,rastrigin,300,400,4,80,6.10658860095
speedup,rastrigin,300,400,4,81,6.10658860095
speedup,rastrigin,300,400,4,82,6.10658860095
speedup,rastrigin,300,400,4,83,6.10658860095
speedup,rastrigin,300,400,4,84,6.10658860095
speedup,rastrigin,300,400,4,85,6.10658860095
speedup,rastrigin,300,400,4,86,6.10658860095
speedup,rastrigin,300,400,4,87,6.10643784265
speedup,rastrigin,300,400,4,88,6.10643784265
speedup,rastrigin,300,400,4,89,6.10643784265
speedup,rastrigin,300,400,4,90,6.10643784265
speedup,rastrigin,300,400,4,91,6.10643784265
speedup,rastrigin,300,400,4,92,5.78869552167
speedup,rastrigin,300,400,4,93,4.7819535165
speedup,rastrigin,300,400,4,94,4.7819535165
speedup,rastrigin,300,400,4,95,4.7819535165
speedup,rastrigin,300,400,4,96,4.7819535165
speedup,rastrigin,300,400,4,97,4.7819535165
speedup,rastrigin,300,400,4,98,4.7819535165
speedup,rastrigin,300,400,4,99,4.7819535165
speedup,rastrigin,300,400,4,100,4.7819535165
speedup,rastrigin,300,400,4,101,4.7819535165
speedup,rastrigin,300,400,4,102,4.7819535165
speedup,rastrigin,300,400,4,103,4.7819535165
speedup,rastrigin,300,400,4,104,4.7819535165
speedup,rastrigin,300,400,4,105,4.7819535165
speedup,rastrigin,300,400,4,106,4.7819535165
speedup,rastrigin,300,400,4,107,4.64053093793
speedup,rastrigin,300,400,4,108,4.64053093793
speedup,rastrigin,300,400,4,109,4.64053093793
speedup,rastrigin,300,400,4,110,4.64053093793
speedup,rastrigin,300,400,4,111,4.45812816797
speedup,rastrigin,300,400,4,112,4.23541218073
speedup,rastrigin,300,400,4,113,4.23541218073
speedup,rastrigin,300,400,4,114,4.23541218073
speedup,rastrigin,300,400,4,115,4.23541218073
speedup,rastrigin,300,400,4,116,4.23541218073
speedup,rastrigin,300,400,4,117,4.23541218073
speedup,rastrigin,300,400,4,118,4.23541218073
speedup,rastrigin,300,400,4,119,4.23541218073
speedup,rastrigin,300,400,4,120,4.23541218073
speedup,rastrigin,300,400,4,121,4.23541218073
speedup,rastrigin,300,400,4,122,4.23541218073
speedup,rastrigin,300,400,4,123,4.23541218073
speedup,rastrigin,300,400,4,124,4.23541218073
speedup,rastrigin,300,400,4,125,4.23541218073
speedup,rastrigin,300,400,4,126,4.23541218073
speedup,rastrigin,300,400,4,127,4.23541218073
speedup,rastrigin,300,400,4,128,4.23541218073
speedup,rastrigin,300,400,4,129,4.23541218073
speedup,rastrigin,300,400,4,130,4.23541218073
speedup,rastrigin,300,400,4,131,4.23541218073
speedup,rastrigin,300,400,4,132,4.23541218073
speedup,rastrigin,300,400,4,133,4.23541218073
speedup,rastrigin,300,400,4,134,4.23541218073
speedup,rastrigin,300,400,4,135,4.23541218073
speedup,rastrigin,300,400,4,136,4.23541218073
speedup,rastrigin,300,400,4,137,4.23541218073
speedup,rastrigin,300,400,4,138,4.23541218073
speedup,rastrigin,300,400,4,139,4.23541218073
speedup,rastrigin,300,400,4,140,4.23541218073
speedup,rastrigin,300,400,4,141,4.23541218073
speedup,rastrigin,300,400,4,142,4.23541218073
speedup,rastrigin,300,400,4,143,4.23541218073
speedup,rastrigin,300,400,4,144,4.12653921377
speedup,rastrigin,300,400,4,145,4.12653921377
speedup,rastrigin,300,400,4,146,4.0188411278
speedup,rastrigin,300,400,4,147,3.8341107931
speedup,rastrigin,300,400,4,148,3.8341107931
speedup,rastrigin,300,400,4,149,3.8341107931
speedup,rastrigin,300,400,4,150,3.8341107931
speedup,rastrigin,300,400,4,151,3.8341107931
speedup,rastrigin,300,400,4,152,3.8341107931
speedup,rastrigin,300,400,4,153,3.8341107931
speedup,rastrigin,300,400,4,154,3.8341107931
speedup,rastrigin,300,400,4,155,3.73939051119
speedup,rastrigin,300,400,4,156,3.73939051119
speedup,rastrigin,300,400,4,157,3.73939051119
speedup,rastrigin,300,400,4,158,3.73939051119
speedup,rastrigin,300,400,4,159,3.73939051119
speedup,rastrigin,300,400,4,160,3.73939051119
speedup,rastrigin,300,400,4,161,3.73939051119
speedup,rastrigin,300,400,4,162,3.73939051119
speedup,rastrigin,300,400,4,163,3.42114858832
speedup,rastrigin,300,400,4,164,3.42114858832
speedup,rastrigin,300,400,4,165,3.42114858832
speedup,rastrigin,300,400,4,166,3.42114858832
speedup,rastrigin,300,400,4,167,3.42114858832
speedup,rastrigin,300,400,4,168,3.42114858832
speedup,rastrigin,300,400,4,169,3.42114858832
speedup,rastrigin,300,400,4,170,3.42114858832
speedup,rastrigin,300,400,4,171,3.42114858832
speedup,rastrigin,300,400,4,172,3.42114858832
speedup,rastrigin,300,400,4,173,3.42114858832
speedup,rastrigin,300,400,4,174,3.42114858832
speedup,rastrigin,300,400,4,175,3.42114858832
speedup,rastrigin,300,400,4,176,3.42114858832
speedup,rastrigin,300,400,4,177,3.42114858832
speedup,rastrigin,300,400,4,178,3.42114858832
speedup,rastrigin,300,400,4,179,3.42114858832
speedup,rastrigin,300,400,4,180,3.42114858832
speedup,rastrigin,300,400,4,181,3.42114858832
speedup,rastrigin,300,400,4,182,3.42114858832
speedup,rastrigin,300,400,4,183,3.42114858832
speedup,rastrigin,300,400,4,184,3.42114858832
speedup,rastrigin,300,400,4,185,3.42114858832
speedup,rastrigin,300,400,4,186,3.42114858832
speedup,rastrigin,300,400,4,187,3.42114858832
speedup,rastrigin,300,400,4,188,3.42114858832
speedup,rastrigin,300,400,4,189,3.42114858832
speedup,rastrigin,300,400,4,190,3.42114858832
speedup,rastrigin,300,400,4,191,3.42114858832
speedup,rastrigin,300,400,4,192,3.42114858832
speedup,rastrigin,300,400,4,193,3.42114858832
speedup,rastrigin,300,400,4,194,3.42114858832
speedup,rastrigin,300,400,4,195,3.42114858832
speedup,rastrigin,300,400,4,196,3.42114858832
speedup,rastrigin,300,400,4,197,3.42114858832
speedup,rastrigin,300,400,4,198,3.42114858832
speedup,rastrigin,300,400,4,199,3.42114858832
speedup,rastrigin,300,400,4,200,3.42114858832
speedup,rastrigin,300,400,4,201,3.42114858832
speedup,rastrigin,300,400,4,202,3.42114858832
speedup,rastrigin,300,400,4,203,3.42114858832
speedup,rastrigin,300,400,4,204,3.42114858832
speedup,rastrigin,300,400,4,205,3.42114858832
speedup,rastrigin,300,400,4,206,3.42114858832
speedup,rastrigin,300,400,4,207,3.42114858832
speedup,rastrigin,300,400,4,208,3.42114858832
speedup,rastrigin,300,400,4,209,3.42114858832
speedup,rastrigin,300,400,4,210,3.42114858832
speedup,rastrigin,300,400,4,211,3.42114858832
speedup,rastrigin,300,400,4,212,3.42114858832
speedup,rastrigin,300,400,4,213,3.42114858832
speedup,rastrigin,300,400,4,214,3.42114858832
speedup,rastrigin,300,400,4,215,3.42114858832
speedup,rastrigin,300,400,4,216,3.42114858832
speedup,rastrigin,300,400,4,217,3.42114858832
speedup,rastrigin,300,400,4,218,3.38398464083
speedup,rastrigin,300,400,4,219,3.35028982297
speedup,rastrigin,300,400,4,220,3.35028982297
speedup,rastrigin,300,400,4,221,3.35028982297
speedup,rastrigin,300,400,4,222,2.88914602669
speedup,rastrigin,300,400,4,223,2.88914602669
speedup,rastrigin,300,400,4,224,2.88914602669
speedup,rastrigin,300,400,4,225,2.88914602669
speedup,rastrigin,300,400,4,226,2.69871735059
speedup,rastrigin,300,400,4,227,2.69871735059
speedup,rastrigin,300,400,4,228,2.69871735059
speedup,rastrigin,300,400,4,229,2.69871735059
speedup,rastrigin,300,400,4,230,2.69871735059
speedup,rastrigin,300,400,4,231,2.69871735059
speedup,rastrigin,300,400,4,232,2.69871735059
speedup,rastrigin,300,400,4,233,2.69871735059
speedup,rastrigin,300,400,4,234,2.69871735059
speedup,rastrigin,300,400,4,235,2.65748385679
speedup,rastrigin,300,400,4,236,2.65748385679
speedup,rastrigin,300,400,4,237,2.65748385679
speedup,rastrigin,300,400,4,238,2.65748385679
speedup,rastrigin,300,400,4,239,2.65748385679
speedup,rastrigin,300,400,4,240,2.65748385679
speedup,rastrigin,300,400,4,241,2.65748385679
speedup,rastrigin,300,400,4,242,2.65748385679
speedup,rastrigin,300,400,4,243,2.65748385679
speedup,rastrigin,300,400,4,244,2.65748385679
speedup,rastrigin,300,400,4,245,2.65748385679
speedup,rastrigin,300,400,4,246,2.65748385679
speedup,rastrigin,300,400,4,247,2.65748385679
speedup,rastrigin,300,400,4,248,2.65748385679
speedup,rastrigin,300,400,4,249,2.65748385679
speedup,rastrigin,300,400,4,250,2.65748385679
speedup,rastrigin,300,400,4,251,2.65748385679
speedup,rastrigin,300,400,4,252,2.65748385679
speedup,rastrigin,300,400,4,253,2.65748385679
speedup,rastrigin,300,400,4,254,2.65748385679
speedup,rastrigin,300,400,4,255,2.65748385679
speedup,rastrigin,300,400,4,256,2.65748385679
speedup,rastrigin,300,400,4,257,2.65748385679
speedup,rastrigin,300,400,4,258,2.65748385679
speedup,rastrigin,300,400,4,259,2.65748385679
speedup,rastrigin,300,400,4,260,2.65748385679
speedup,rastrigin,300,400,4,261,2.65748385679
speedup,rastrigin,300,400,4,262,2.65748385679
speedup,rastrigin,300,400,4,263,2.65748385679
speedup,rastrigin,300,400,4,264,2.65748385679
speedup,rastrigin,300,400,4,265,2.65748385679
speedup,rastrigin,300,400,4,266,2.65748385679
speedup,rastrigin,300,400,4,267,2.65748385679
speedup,rastrigin,300,400,4,268,2.65748385679
speedup,rastrigin,300,400,4,269,2.65748385679
speedup,rastrigin,300,400,4,270,2.65748385679
speedup,rastrigin,300,400,4,271,2.65748385679
speedup,rastrigin,300,400,4,272,2.65748385679
speedup,rastrigin,300,400,4,273,2.65748385679
speedup,rastrigin,300,400,4,274,2.65748385679
speedup,rastrigin,300,400,4,275,2.65748385679
speedup,rastrigin,300,400,4,276,2.65748385679
speedup,rastrigin,300,400,4,277,2.65748385679
speedup,rastrigin,300,400,4,278,2.65748385679
speedup,rastrigin,300,400,4,279,2.51753049067
speedup,rastrigin,300,400,4,280,2.51753049067
speedup,rastrigin,300,400,4,281,2.51753049067
speedup,rastrigin,300,400,4,282,2.51753049067
speedup,rastrigin,300,400,4,283,2.51753049067
speedup,rastrigin,300,400,4,284,2.51753049067
speedup,rastrigin,300,400,4,285,2.51753049067
speedup,rastrigin,300,400,4,286,2.51753049067
speedup,rastrigin,300,400,4,287,2.51753049067
speedup,rastrigin,300,400,4,288,2.51753049067
speedup,rastrigin,300,400,4,289,2.51753049067
speedup,rastrigin,300,400,4,290,2.51753049067
speedup,rastrigin,300,400,4,291,2.51753049067
speedup,rastrigin,300,400,4,292,2.51753049067
speedup,rastrigin,300,400,4,293,2.51753049067
speedup,rastrigin,300,400,4,294,2.51753049067
speedup,rastrigin,300,400,4,295,2.51753049067
speedup,rastrigin,300,400,4,296,2.51753049067
speedup,rastrigin,300,400,4,297,2.51753049067
speedup,rastrigin,300,400,4,298,2.51753049067
speedup,rastrigin,300,400,4,299,2.51753049067
speedup,rastrigin,300,400,4,300,2.51753049067
speedup,rastrigin,300,400,4,301,2.51753049067
speedup,rastrigin,300,400,4,302,2.51753049067
speedup,rastrigin,300,400,4,303,2.51753049067
speedup,rastrigin,300,400,4,304,2.51753049067
speedup,rastrigin,300,400,4,305,2.51753049067
speedup,rastrigin,300,400,4,306,2.51753049067
speedup,rastrigin,300,400,4,307,2.51753049067
speedup,rastrigin,300,400,4,308,2.51753049067
speedup,rastrigin,300,400,4,309,2.51753049067
speedup,rastrigin,300,400,4,310,2.51753049067
speedup,rastrigin,300,400,4,311,2.51753049067
speedup,rastrigin,300,400,4,312,2.51753049067
speedup,rastrigin,300,400,4,313,2.51753049067
speedup,rastrigin,300,400,4,314,2.51753049067
speedup,rastrigin,300,400,4,315,2.48151496361
speedup,rastrigin,300,400,4,316,2.48151496361
speedup,rastrigin,300,400,4,317,2.48151496361
speedup,rastrigin,300,400,4,318,2.48151496361
speedup,rastrigin,300,400,4,319,2.48151496361
speedup,rastrigin,300,400,4,320,2.48151496361
speedup,rastrigin,300,400,4,321,2.48151496361
speedup,rastrigin,300,400,4,322,2.48151496361
speedup,rastrigin,300,400,4,323,1.89840249896
speedup,rastrigin,300,400,4,324,1.89840249896
speedup,rastrigin,300,400,4,325,1.89840249896
speedup,rastrigin,300,400,4,326,1.89840249896
speedup,rastrigin,300,400,4,327,1.89840249896
speedup,rastrigin,300,400,4,328,1.89840249896
speedup,rastrigin,300,400,4,329,1.89840249896
speedup,rastrigin,300,400,4,330,1.89840249896
speedup,rastrigin,300,400,4,331,1.89840249896
speedup,rastrigin,300,400,4,332,1.89840249896
speedup,rastrigin,300,400,4,333,1.89840249896
speedup,rastrigin,300,400,4,334,1.89840249896
speedup,rastrigin,300,400,4,335,1.89840249896
speedup,rastrigin,300,400,4,336,1.89840249896
speedup,rastrigin,300,400,4,337,1.89840249896
speedup,rastrigin,300,400,4,338,1.89840249896
speedup,rastrigin,300,400,4,339,1.89840249896
speedup,rastrigin,300,400,4,340,1.89840249896
speedup,rastrigin,300,400,4,341,1.89840249896
speedup,rastrigin,300,400,4,342,1.89840249896
speedup,rastrigin,300,400,4,343,1.89840249896
speedup,rastrigin,300,400,4,344,1.89840249896
speedup,rastrigin,300,400,4,345,1.89840249896
speedup,rastrigin,300,400,4,346,1.89840249896
speedup,rastrigin,300,400,4,347,1.89840249896
speedup,rastrigin,300,400,4,348,1.89840249896
speedup,rastrigin,300,400,4,349,1.89840249896
speedup,rastrigin,300,400,4,350,1.89840249896
speedup,rastrigin,300,400,4,351,1.89840249896
speedup,rastrigin,300,400,4,352,1.89840249896
speedup,rastrigin,300,400,4,353,1.89840249896
speedup,rastrigin,300,400,4,354,1.74426412912
speedup,rastrigin,300,400,4,355,1.74426412912
speedup,rastrigin,300,400,4,356,1.74426412912
speedup,rastrigin,300,400,4,357,1.74426412912
speedup,rastrigin,300,400,4,358,1.74426412912
speedup,rastrigin,300,400,4,359,1.74426412912
speedup,rastrigin,300,400,4,360,1.74426412912
speedup,rastrigin,300,400,4,361,1.74426412912
speedup,rastrigin,300,400,4,362,1.74426412912
speedup,rastrigin,300,400,4,363,1.74426412912
speedup,rastrigin,300,400,4,364,1.74426412912
speedup,rastrigin,300,400,4,365,1.74426412912
speedup,rastrigin,300,400,4,366,1.74426412912
speedup,rastrigin,300,400,4,367,1.74426412912
speedup,rastrigin,300,400,4,368,1.74426412912
speedup,rastrigin,300,400,4,369,1.74426412912
speedup,rastrigin,300,400,4,370,1.74426412912
speedup,rastrigin,300,400,4,371,1.74426412912
speedup,rastrigin,300,400,4,372,1.74426412912
speedup,rastrigin,300,400,4,373,1.74426412912
speedup,rastrigin,300,400,4,374,1.74426412912
speedup,rastrigin,300,400,4,375,1.74426412912
speedup,rastrigin,300,400,4,376,1.74426412912
speedup,rastrigin,300,400,4,377,1.74426412912
speedup,rastrigin,300,400,4,378,1.74426412912
speedup,rastrigin,300,400,4,379,1.74426412912
speedup,rastrigin,300,400,4,380,1.74426412912
speedup,rastrigin,300,400,4,381,1.74426412912
speedup,rastrigin,300,400,4,382,1.74426412912
speedup,rastrigin,300,400,4,383,1.74426412912
speedup,rastrigin,300,400,4,384,1.74426412912
speedup,rastrigin,300,400,4,385,1.74426412912
speedup,rastrigin,300,400,4,386,1.74426412912
speedup,rastrigin,300,400,4,387,1.74426412912
speedup,rastrigin,300,400,4,388,1.74426412912
speedup,rastrigin,300,400,4,389,1.74426412912
speedup,rastrigin,300,400,4,390,1.74426412912
speedup,rastrigin,300,400,4,391,1.74426412912
speedup,rastrigin,300,400,4,392,1.74426412912
speedup,rastrigin,300,400,4,393,1.74426412912
speedup,rastrigin,300,400,4,394,1.74426412912
speedup,rastrigin,300,400,4,395,1.74426412912
speedup,rastrigin,300,400,4,396,1.74426412912
speedup,rastrigin,300,400,4,397,1.74426412912
speedup,rastrigin,300,400,4,398,1.74426412912
speedup,rastrigin,300,400,4,399,1.74426412912
speedup,rastrigin,300,400,4,400,1.74426412912
speedup,rastrigin,300,400,4,0,252.695696051
speedup,rastrigin,300,400,4,1,178.204591122
speedup,rastrigin,300,400,4,2,177.360306895
speedup,rastrigin,300,400,4,3,155.591785329
speedup,rastrigin,300,400,4,4,140.422927369
speedup,rastrigin,300,400,4,5,113.695663801
speedup,rastrigin,300,400,4,6,113.695663801
speedup,rastrigin,300,400,4,7,113.695663801
speedup,rastrigin,300,400,4,8,112.285229139
speedup,rastrigin,300,400,4,9,101.286440843
speedup,rastrigin,300,400,4,10,101.286440843
speedup,rastrigin,300,400,4,11,85.9369945486
speedup,rastrigin,300,400,4,12,85.9369945486
speedup,rastrigin,300,400,4,13,85.9369945486
speedup,rastrigin,300,400,4,14,85.4125953216
speedup,rastrigin,300,400,4,15,83.0980595753
speedup,rastrigin,300,400,4,16,70.0745618718
speedup,rastrigin,300,400,4,17,70.0745618718
speedup,rastrigin,300,400,4,18,66.2168471482
speedup,rastrigin,300,400,4,19,58.6055544448
speedup,rastrigin,300,400,4,20,47.7447788387
speedup,rastrigin,300,400,4,21,47.7447788387
speedup,rastrigin,300,400,4,22,47.7447788387
speedup,rastrigin,300,400,4,23,47.7447788387
speedup,rastrigin,300,400,4,24,45.924753215
speedup,rastrigin,300,400,4,25,43.4073633572
speedup,rastrigin,300,400,4,26,38.4117894305
speedup,rastrigin,300,400,4,27,29.1602878809
speedup,rastrigin,300,400,4,28,25.3300118368
speedup,rastrigin,300,400,4,29,25.3300118368
speedup,rastrigin,300,400,4,30,25.3300118368
speedup,rastrigin,300,400,4,31,23.5761025584
speedup,rastrigin,300,400,4,32,23.2671511094
speedup,rastrigin,300,400,4,33,18.6703323436
speedup,rastrigin,300,400,4,34,16.9293351881
speedup,rastrigin,300,400,4,35,16.0302866279
speedup,rastrigin,300,400,4,36,13.4834093038
speedup,rastrigin,300,400,4,37,11.8765307187
speedup,rastrigin,300,400,4,38,11.3650719597
speedup,rastrigin,300,400,4,39,11.3650719597
speedup,rastrigin,300,400,4,40,11.1392888362
speedup,rastrigin,300,400,4,41,8.39104973671
speedup,rastrigin,300,400,4,42,8.39104973671
speedup,rastrigin,300,400,4,43,7.33941169734
speedup,rastrigin,300,400,4,44,7.30882669402
speedup,rastrigin,300,400,4,45,6.28552650005
speedup,rastrigin,300,400,4,46,6.28552650005
speedup,rastrigin,300,400,4,47,6.28552650005
speedup,rastrigin,300,400,4,48,6.28552650005
speedup,rastrigin,300,400,4,49,6.28552650005
speedup,rastrigin,300,400,4,50,6.28552650005
speedup,rastrigin,300,400,4,51,6.28552650005
speedup,rastrigin,300,400,4,52,5.80147500141
speedup,rastrigin,300,400,4,53,5.32938624944
speedup,rastrigin,300,400,4,54,5.29526862076
speedup,rastrigin,300,400,4,55,5.04352723755
speedup,rastrigin,300,400,4,56,5.04352723755
speedup,rastrigin,300,400,4,57,4.96574915628
speedup,rastrigin,300,400,4,58,4.96574915628
speedup,rastrigin,300,400,4,59,4.96574915628
speedup,rastrigin,300,400,4,60,4.96574915628
speedup,rastrigin,300,400,4,61,4.96574915628
speedup,rastrigin,300,400,4,62,4.96574915628
speedup,rastrigin,300,400,4,63,4.96574915628
speedup,rastrigin,300,400,4,64,4.12866273133
speedup,rastrigin,300,400,4,65,4.12866273133
speedup,rastrigin,300,400,4,66,4.12866273133
speedup,rastrigin,300,400,4,67,4.12866273133
speedup,rastrigin,300,400,4,68,4.12866273133
speedup,rastrigin,300,400,4,69,4.12866273133
speedup,rastrigin,300,400,4,70,4.12866273133
speedup,rastrigin,300,400,4,71,4.02002815061
speedup,rastrigin,300,400,4,72,3.58859817145
speedup,rastrigin,300,400,4,73,3.52916380271
speedup,rastrigin,300,400,4,74,3.52916380271
speedup,rastrigin,300,400,4,75,3.222784319
speedup,rastrigin,300,400,4,76,3.222784319
speedup,rastrigin,300,400,4,77,3.222784319
speedup,rastrigin,300,400,4,78,2.88836082924
speedup,rastrigin,300,400,4,79,2.88836082924
speedup,rastrigin,300,400,4,80,2.88836082924
speedup,rastrigin,300,400,4,81,2.88836082924
speedup,rastrigin,300,400,4,82,2.88836082924
speedup,rastrigin,300,400,4,83,2.77555878123
speedup,rastrigin,300,400,4,84,2.67428718386
speedup,rastrigin,300,400,4,85,2.67428718386
speedup,rastrigin,300,400,4,86,2.67428718386
speedup,rastrigin,300,400,4,87,2.67428718386
speedup,rastrigin,300,400,4,88,2.67428718386
speedup,rastrigin,300,400,4,89,2.67428718386
speedup,rastrigin,300,400,4,90,2.58743386038
speedup,rastrigin,300,400,4,91,2.58743386038
speedup,rastrigin,300,400,4,92,2.58743386038
speedup,rastrigin,300,400,4,93,2.58743386038
speedup,rastrigin,300,400,4,94,2.58743386038
speedup,rastrigin,300,400,4,95,2.49017437475
speedup,rastrigin,300,400,4,96,2.49017437475
speedup,rastrigin,300,400,4,97,2.49017437475
speedup,rastrigin,300,400,4,98,2.49017437475
speedup,rastrigin,300,400,4,99,2.49017437475
speedup,rastrigin,300,400,4,100,2.49017437475
speedup,rastrigin,300,400,4,101,2.49017437475
speedup,rastrigin,300,400,4,102,2.49017437475
speedup,rastrigin,300,400,4,103,2.49017437475
speedup,rastrigin,300,400,4,104,2.49017437475
speedup,rastrigin,300,400,4,105,2.49017437475
speedup,rastrigin,300,400,4,106,2.49017437475
speedup,rastrigin,300,400,4,107,2.49017437475
speedup,rastrigin,300,400,4,108,2.49017437475
speedup,rastrigin,300,400,4,109,2.49017437475
speedup,rastrigin,300,400,4,110,2.49017437475
speedup,rastrigin,300,400,4,111,2.49017437475
speedup,rastrigin,300,400,4,112,2.49017437475
speedup,rastrigin,300,400,4,113,2.49017437475
speedup,rastrigin,300,400,4,114,2.49017437475
speedup,rastrigin,300,400,4,115,2.49017437475
speedup,rastrigin,300,400,4,116,2.31922856102
speedup,rastrigin,300,400,4,117,2.31922856102
speedup,rastrigin,300,400,4,118,2.31922856102
speedup,rastrigin,300,400,4,119,2.31922856102
speedup,rastrigin,300,400,4,120,2.31922856102
speedup,rastrigin,300,400,4,121,2.31922856102
speedup,rastrigin,300,400,4,122,2.31922856102
speedup,rastrigin,300,400,4,123,2.31922856102
speedup,rastrigin,300,400,4,124,2.31922856102
speedup,rastrigin,300,400,4,125,2.31922856102
speedup,rastrigin,300,400,4,126,2.31922856102
speedup,rastrigin,300,400,4,127,2.31922856102
speedup,rastrigin,300,400,4,128,2.31922856102
speedup,rastrigin,300,400,4,129,2.31922856102
speedup,rastrigin,300,400,4,130,2.31922856102
speedup,rastrigin,300,400,4,131,2.31922856102
speedup,rastrigin,300,400,4,132,2.31922856102
speedup,rastrigin,300,400,4,133,2.31922856102
speedup,rastrigin,300,400,4,134,2.31922856102
speedup,rastrigin,300,400,4,135,2.31922856102
speedup,rastrigin,300,400,4,136,2.31922856102
speedup,rastrigin,300,400,4,137,2.31922856102
speedup,rastrigin,300,400,4,138,2.31922856102
speedup,rastrigin,300,400,4,139,2.31922856102
speedup,rastrigin,300,400,4,140,2.31922856102
speedup,rastrigin,300,400,4,141,2.31922856102
speedup,rastrigin,300,400,4,142,2.31922856102
speedup,rastrigin,300,400,4,143,2.31922856102
speedup,rastrigin,300,400,4,144,2.31922856102
speedup,rastrigin,300,400,4,145,2.31922856102
speedup,rastrigin,300,400,4,146,2.31922856102
speedup,rastrigin,300,400,4,147,2.31922856102
speedup,rastrigin,300,400,4,148,2.31922856102
speedup,rastrigin,300,400,4,149,2.31922856102
speedup,rastrigin,300,400,4,150,2.31922856102
speedup,rastrigin,300,400,4,151,2.31922856102
speedup,rastrigin,300,400,4,152,2.31922856102
speedup,rastrigin,300,400,4,153,2.31922856102
speedup,rastrigin,300,400,4,154,2.31922856102
speedup,rastrigin,300,400,4,155,2.31922856102
speedup,rastrigin,300,400,4,156,2.31922856102
speedup,rastrigin,300,400,4,157,2.31922856102
speedup,rastrigin,300,400,4,158,2.31922856102
speedup,rastrigin,300,400,4,159,2.31922856102
speedup,rastrigin,300,400,4,160,2.31922856102
speedup,rastrigin,300,400,4,161,2.31922856102
speedup,rastrigin,300,400,4,162,2.31922856102
speedup,rastrigin,300,400,4,163,2.31922856102
speedup,rastrigin,300,400,4,164,2.31922856102
speedup,rastrigin,300,400,4,165,2.31922856102
speedup,rastrigin,300,400,4,166,2.31922856102
speedup,rastrigin,300,400,4,167,2.31922856102
speedup,rastrigin,300,400,4,168,2.31922856102
speedup,rastrigin,300,400,4,169,2.31922856102
speedup,rastrigin,300,400,4,170,2.31922856102
speedup,rastrigin,300,400,4,171,2.31922856102
speedup,rastrigin,300,400,4,172,2.31922856102
speedup,rastrigin,300,400,4,173,2.31922856102
speedup,rastrigin,300,400,4,174,2.31922856102
speedup,rastrigin,300,400,4,175,2.31922856102
speedup,rastrigin,300,400,4,176,2.31922856102
speedup,rastrigin,300,400,4,177,2.31922856102
speedup,rastrigin,300,400,4,178,2.31922856102
speedup,rastrigin,300,400,4,179,2.31922856102
speedup,rastrigin,300,400,4,180,2.31922856102
speedup,rastrigin,300,400,4,181,2.31922856102
speedup,rastrigin,300,400,4,182,2.31922856102
speedup,rastrigin,300,400,4,183,2.2980416159
speedup,rastrigin,300,400,4,184,2.2980416159
speedup,rastrigin,300,400,4,185,2.2980416159
speedup,rastrigin,300,400,4,186,2.2980416159
speedup,rastrigin,300,400,4,187,2.2980416159
speedup,rastrigin,300,400,4,188,2.2980416159
speedup,rastrigin,300,400,4,189,2.2980416159
speedup,rastrigin,300,400,4,190,2.2980416159
speedup,rastrigin,300,400,4,191,2.2980416159
speedup,rastrigin,300,400,4,192,2.2980416159
speedup,rastrigin,300,400,4,193,2.2980416159
speedup,rastrigin,300,400,4,194,2.2980416159
speedup,rastrigin,300,400,4,195,2.2980416159
speedup,rastrigin,300,400,4,196,2.2980416159
speedup,rastrigin,300,400,4,197,2.2980416159
speedup,rastrigin,300,400,4,198,2.2980416159
speedup,rastrigin,300,400,4,199,2.2980416159
speedup,rastrigin,300,400,4,200,2.2980416159
speedup,rastrigin,300,400,4,201,2.2980416159
speedup,rastrigin,300,400,4,202,2.2980416159
speedup,rastrigin,300,400,4,203,2.2980416159
speedup,rastrigin,300,400,4,204,2.2980416159
speedup,rastrigin,300,400,4,205,2.2980416159
speedup,rastrigin,300,400,4,206,2.2980416159
speedup,rastrigin,300,400,4,207,2.2980416159
speedup,rastrigin,300,400,4,208,2.2980416159
speedup,rastrigin,300,400,4,209,2.2980416159
speedup,rastrigin,300,400,4,210,2.2980416159
speedup,rastrigin,300,400,4,211,2.2980416159
speedup,rastrigin,300,400,4,212,2.2980416159
speedup,rastrigin,300,400,4,213,2.2980416159
speedup,rastrigin,300,400,4,214,2.2980416159
speedup,rastrigin,300,400,4,215,2.2980416159
speedup,rastrigin,300,400,4,216,2.2980416159
speedup,rastrigin,300,400,4,217,2.2980416159
speedup,rastrigin,300,400,4,218,2.2980416159
speedup,rastrigin,300,400,4,219,2.2980416159
speedup,rastrigin,300,400,4,220,2.2980416159
speedup,rastrigin,300,400,4,221,2.2980416159
speedup,rastrigin,300,400,4,222,2.2980416159
speedup,rastrigin,300,400,4,223,2.2980416159
speedup,rastrigin,300,400,4,224,2.2980416159
speedup,rastrigin,300,400,4,225,2.2980416159
speedup,rastrigin,300,400,4,226,2.2980416159
speedup,rastrigin,300,400,4,227,2.2980416159
speedup,rastrigin,300,400,4,228,2.2980416159
speedup,rastrigin,300,400,4,229,2.23225444495
speedup,rastrigin,300,400,4,230,2.23225444495
speedup,rastrigin,300,400,4,231,2.23225444495
speedup,rastrigin,300,400,4,232,2.23225444495
speedup,rastrigin,300,400,4,233,2.23225444495
speedup,rastrigin,300,400,4,234,2.23225444495
speedup,rastrigin,300,400,4,235,2.23225444495
speedup,rastrigin,300,400,4,236,2.23225444495
speedup,rastrigin,300,400,4,237,2.23225444495
speedup,rastrigin,300,400,4,238,2.23225444495
speedup,rastrigin,300,400,4,239,2.23225444495
speedup,rastrigin,300,400,4,240,2.23225444495
speedup,rastrigin,300,400,4,241,2.23225444495
speedup,rastrigin,300,400,4,242,2.23225444495
speedup,rastrigin,300,400,4,243,2.23225444495
speedup,rastrigin,300,400,4,244,2.23225444495
speedup,rastrigin,300,400,4,245,2.23225444495
speedup,rastrigin,300,400,4,246,2.23225444495
speedup,rastrigin,300,400,4,247,2.23225444495
speedup,rastrigin,300,400,4,248,2.23225444495
speedup,rastrigin,300,400,4,249,2.23225444495
speedup,rastrigin,300,400,4,250,2.23225444495
speedup,rastrigin,300,400,4,251,2.23225444495
speedup,rastrigin,300,400,4,252,2.23225444495
speedup,rastrigin,300,400,4,253,2.23225444495
speedup,rastrigin,300,400,4,254,2.23225444495
speedup,rastrigin,300,400,4,255,2.23225444495
speedup,rastrigin,300,400,4,256,2.23225444495
speedup,rastrigin,300,400,4,257,2.23225444495
speedup,rastrigin,300,400,4,258,2.23225444495
speedup,rastrigin,300,400,4,259,2.23225444495
speedup,rastrigin,300,400,4,260,2.23225444495
speedup,rastrigin,300,400,4,261,2.23225444495
speedup,rastrigin,300,400,4,262,2.23225444495
speedup,rastrigin,300,400,4,263,2.23225444495
speedup,rastrigin,300,400,4,264,2.23225444495
speedup,rastrigin,300,400,4,265,2.23225444495
speedup,rastrigin,300,400,4,266,2.23225444495
speedup,rastrigin,300,400,4,267,2.23225444495
speedup,rastrigin,300,400,4,268,2.23225444495
speedup,rastrigin,300,400,4,269,2.23225444495
speedup,rastrigin,300,400,4,270,2.23225444495
speedup,rastrigin,300,400,4,271,2.23225444495
speedup,rastrigin,300,400,4,272,2.23225444495
speedup,rastrigin,300,400,4,273,2.23225444495
speedup,rastrigin,300,400,4,274,2.23225444495
speedup,rastrigin,300,400,4,275,2.20861664399
speedup,rastrigin,300,400,4,276,2.20861664399
speedup,rastrigin,300,400,4,277,2.20861664399
speedup,rastrigin,300,400,4,278,2.20861664399
speedup,rastrigin,300,400,4,279,2.20861664399
speedup,rastrigin,300,400,4,280,2.20861664399
speedup,rastrigin,300,400,4,281,2.20861664399
speedup,rastrigin,300,400,4,282,2.20861664399
speedup,rastrigin,300,400,4,283,2.20861664399
speedup,rastrigin,300,400,4,284,2.20861664399
speedup,rastrigin,300,400,4,285,2.20861664399
speedup,rastrigin,300,400,4,286,2.20861664399
speedup,rastrigin,300,400,4,287,2.20861664399
speedup,rastrigin,300,400,4,288,2.20861664399
speedup,rastrigin,300,400,4,289,2.20861664399
speedup,rastrigin,300,400,4,290,2.20861664399
speedup,rastrigin,300,400,4,291,2.20861664399
speedup,rastrigin,300,400,4,292,2.20861664399
speedup,rastrigin,300,400,4,293,2.20861664399
speedup,rastrigin,300,400,4,294,2.20861664399
speedup,rastrigin,300,400,4,295,1.53046302405
speedup,rastrigin,300,400,4,296,1.53046302405
speedup,rastrigin,300,400,4,297,1.53046302405
speedup,rastrigin,300,400,4,298,1.53046302405
speedup,rastrigin,300,400,4,299,1.53046302405
speedup,rastrigin,300,400,4,300,1.53046302405
speedup,rastrigin,300,400,4,301,1.53046302405
speedup,rastrigin,300,400,4,302,1.53046302405
speedup,rastrigin,300,400,4,303,1.53046302405
speedup,rastrigin,300,400,4,304,1.53046302405
speedup,rastrigin,300,400,4,305,1.53046302405
speedup,rastrigin,300,400,4,306,1.53046302405
speedup,rastrigin,300,400,4,307,1.53046302405
speedup,rastrigin,300,400,4,308,1.53046302405
speedup,rastrigin,300,400,4,309,1.53046302405
speedup,rastrigin,300,400,4,310,1.53046302405
speedup,rastrigin,300,400,4,311,1.53046302405
speedup,rastrigin,300,400,4,312,1.53046302405
speedup,rastrigin,300,400,4,313,1.53046302405
speedup,rastrigin,300,400,4,314,1.53046302405
speedup,rastrigin,300,400,4,315,1.53046302405
speedup,rastrigin,300,400,4,316,1.53046302405
speedup,rastrigin,300,400,4,317,1.53046302405
speedup,rastrigin,300,400,4,318,1.53046302405
speedup,rastrigin,300,400,4,319,1.53046302405
speedup,rastrigin,300,400,4,320,1.53046302405
speedup,rastrigin,300,400,4,321,1.53046302405
speedup,rastrigin,300,400,4,322,1.53046302405
speedup,rastrigin,300,400,4,323,1.53046302405
speedup,rastrigin,300,400,4,324,1.53046302405
speedup,rastrigin,300,400,4,325,1.53046302405
speedup,rastrigin,300,400,4,326,1.53046302405
speedup,rastrigin,300,400,4,327,1.53046302405
speedup,rastrigin,300,400,4,328,1.53046302405
speedup,rastrigin,300,400,4,329,1.53046302405
speedup,rastrigin,300,400,4,330,1.53046302405
speedup,rastrigin,300,400,4,331,1.53046302405
speedup,rastrigin,300,400,4,332,1.53046302405
speedup,rastrigin,300,400,4,333,1.53046302405
speedup,rastrigin,300,400,4,334,1.53046302405
speedup,rastrigin,300,400,4,335,1.53046302405
speedup,rastrigin,300,400,4,336,1.53046302405
speedup,rastrigin,300,400,4,337,1.53046302405
speedup,rastrigin,300,400,4,338,1.53046302405
speedup,rastrigin,300,400,4,339,1.53046302405
speedup,rastrigin,300,400,4,340,1.53046302405
speedup,rastrigin,300,400,4,341,1.53046302405
speedup,rastrigin,300,400,4,342,1.53046302405
speedup,rastrigin,300,400,4,343,1.53046302405
speedup,rastrigin,300,400,4,344,1.53046302405
speedup,rastrigin,300,400,4,345,1.53046302405
speedup,rastrigin,300,400,4,346,1.53046302405
speedup,rastrigin,300,400,4,347,1.53046302405
speedup,rastrigin,300,400,4,348,1.53046302405
speedup,rastrigin,300,400,4,349,1.4629717182
speedup,rastrigin,300,400,4,350,1.4629717182
speedup,rastrigin,300,400,4,351,1.4629717182
speedup,rastrigin,300,400,4,352,1.4629717182
speedup,rastrigin,300,400,4,353,1.4629717182
speedup,rastrigin,300,400,4,354,1.4629717182
speedup,rastrigin,300,400,4,355,1.4629717182
speedup,rastrigin,300,400,4,356,1.4629717182
speedup,rastrigin,300,400,4,357,1.4629717182
speedup,rastrigin,300,400,4,358,1.4629717182
speedup,rastrigin,300,400,4,359,1.4629717182
speedup,rastrigin,300,400,4,360,1.4629717182
speedup,rastrigin,300,400,4,361,1.44149034238
speedup,rastrigin,300,400,4,362,1.44149034238
speedup,rastrigin,300,400,4,363,1.44149034238
speedup,rastrigin,300,400,4,364,1.44149034238
speedup,rastrigin,300,400,4,365,1.44149034238
speedup,rastrigin,300,400,4,366,1.44149034238
speedup,rastrigin,300,400,4,367,1.44149034238
speedup,rastrigin,300,400,4,368,1.44149034238
speedup,rastrigin,300,400,4,369,1.44149034238
speedup,rastrigin,300,400,4,370,1.44149034238
speedup,rastrigin,300,400,4,371,1.44149034238
speedup,rastrigin,300,400,4,372,1.44149034238
speedup,rastrigin,300,400,4,373,1.44149034238
speedup,rastrigin,300,400,4,374,1.44149034238
speedup,rastrigin,300,400,4,375,1.44149034238
speedup,rastrigin,300,400,4,376,1.44149034238
speedup,rastrigin,300,400,4,377,1.44149034238
speedup,rastrigin,300,400,4,378,1.44149034238
speedup,rastrigin,300,400,4,379,1.44149034238
speedup,rastrigin,300,400,4,380,1.44149034238
speedup,rastrigin,300,400,4,381,1.44149034238
speedup,rastrigin,300,400,4,382,1.44149034238
speedup,rastrigin,300,400,4,383,1.44149034238
speedup,rastrigin,300,400,4,384,1.44149034238
speedup,rastrigin,300,400,4,385,1.44149034238
speedup,rastrigin,300,400,4,386,1.44149034238
speedup,rastrigin,300,400,4,387,1.44149034238
speedup,rastrigin,300,400,4,388,1.44149034238
speedup,rastrigin,300,400,4,389,1.44149034238
speedup,rastrigin,300,400,4,390,1.44149034238
speedup,rastrigin,300,400,4,391,1.44149034238
speedup,rastrigin,300,400,4,392,1.44149034238
speedup,rastrigin,300,400,4,393,1.44149034238
speedup,rastrigin,300,400,4,394,1.44149034238
speedup,rastrigin,300,400,4,395,1.27684698775
speedup,rastrigin,300,400,4,396,1.27684698775
speedup,rastrigin,300,400,4,397,1.27684698775
speedup,rastrigin,300,400,4,398,1.27684698775
speedup,rastrigin,300,400,4,399,1.27684698775
speedup,rastrigin,300,400,4,400,1.27684698775
speedup,rastrigin,300,400,8,0,227.206944746
speedup,rastrigin,300,400,8,1,138.950870315
speedup,rastrigin,300,400,8,2,138.950870315
speedup,rastrigin,300,400,8,3,138.950870315
speedup,rastrigin,300,400,8,4,107.645397956
speedup,rastrigin,300,400,8,5,107.645397956
speedup,rastrigin,300,400,8,6,107.645397956
speedup,rastrigin,300,400,8,7,99.6879131083
speedup,rastrigin,300,400,8,8,99.6879131083
speedup,rastrigin,300,400,8,9,99.6879131083
speedup,rastrigin,300,400,8,10,99.6879131083
speedup,rastrigin,300,400,8,11,99.6879131083
speedup,rastrigin,300,400,8,12,99.6879131083
speedup,rastrigin,300,400,8,13,99.6879131083
speedup,rastrigin,300,400,8,14,78.7882002437
speedup,rastrigin,300,400,8,15,78.7882002437
speedup,rastrigin,300,400,8,16,66.0547916417
speedup,rastrigin,300,400,8,17,46.5990221214
speedup,rastrigin,300,400,8,18,37.7945489068
speedup,rastrigin,300,400,8,19,37.7945489068
speedup,rastrigin,300,400,8,20,37.7945489068
speedup,rastrigin,300,400,8,21,37.7945489068
speedup,rastrigin,300,400,8,22,37.4214062757
speedup,rastrigin,300,400,8,23,37.4214062757
speedup,rastrigin,300,400,8,24,32.2435365474
speedup,rastrigin,300,400,8,25,25.7848138732
speedup,rastrigin,300,400,8,26,25.7848138732
speedup,rastrigin,300,400,8,27,25.7848138732
speedup,rastrigin,300,400,8,28,25.7848138732
speedup,rastrigin,300,400,8,29,25.7848138732
speedup,rastrigin,300,400,8,30,25.7848138732
speedup,rastrigin,300,400,8,31,21.4198544976
speedup,rastrigin,300,400,8,32,21.4198544976
speedup,rastrigin,300,400,8,33,21.4198544976
speedup,rastrigin,300,400,8,34,18.0986169363
speedup,rastrigin,300,400,8,35,18.0986169363
speedup,rastrigin,300,400,8,36,18.0986169363
speedup,rastrigin,300,400,8,37,18.0986169363
speedup,rastrigin,300,400,8,38,18.0986169363
speedup,rastrigin,300,400,8,39,17.1602929771
speedup,rastrigin,300,400,8,40,17.1602929771
speedup,rastrigin,300,400,8,41,17.1602929771
speedup,rastrigin,300,400,8,42,17.1602929771
speedup,rastrigin,300,400,8,43,15.8061496455
speedup,rastrigin,300,400,8,44,15.8061496455
speedup,rastrigin,300,400,8,45,15.8061496455
speedup,rastrigin,300,400,8,46,14.961116158
speedup,rastrigin,300,400,8,47,12.0320973001
speedup,rastrigin,300,400,8,48,12.0320973001
speedup,rastrigin,300,400,8,49,10.5280661625
speedup,rastrigin,300,400,8,50,10.347755412
speedup,rastrigin,300,400,8,51,10.347755412
speedup,rastrigin,300,400,8,52,10.347755412
speedup,rastrigin,300,400,8,53,10.347755412
speedup,rastrigin,300,400,8,54,10.347755412
speedup,rastrigin,300,400,8,55,10.347755412
speedup,rastrigin,300,400,8,56,10.3315664875
speedup,rastrigin,300,400,8,57,9.3576344087
speedup,rastrigin,300,400,8,58,9.3576344087
speedup,rastrigin,300,400,8,59,9.3576344087
speedup,rastrigin,300,400,8,60,9.3576344087
speedup,rastrigin,300,400,8,61,8.86745967907
speedup,rastrigin,300,400,8,62,8.86745967907
speedup,rastrigin,300,400,8,63,8.86745967907
speedup,rastrigin,300,400,8,64,8.86745967907
speedup,rastrigin,300,400,8,65,8.86745967907
speedup,rastrigin,300,400,8,66,8.86745967907
speedup,rastrigin,300,400,8,67,8.86745967907
speedup,rastrigin,300,400,8,68,8.86745967907
speedup,rastrigin,300,400,8,69,8.86745967907
speedup,rastrigin,300,400,8,70,8.86745967907
speedup,rastrigin,300,400,8,71,8.86745967907
speedup,rastrigin,300,400,8,72,8.86745967907
speedup,rastrigin,300,400,8,73,8.86745967907
speedup,rastrigin,300,400,8,74,8.86745967907
speedup,rastrigin,300,400,8,75,8.86745967907
speedup,rastrigin,300,400,8,76,8.86745967907
speedup,rastrigin,300,400,8,77,8.86745967907
speedup,rastrigin,300,400,8,78,8.63764562807
speedup,rastrigin,300,400,8,79,8.63764562807
speedup,rastrigin,300,400,8,80,8.63764562807
speedup,rastrigin,300,400,8,81,8.63764562807
speedup,rastrigin,300,400,8,82,8.5218161291
speedup,rastrigin,300,400,8,83,8.5218161291
speedup,rastrigin,300,400,8,84,8.5218161291
speedup,rastrigin,300,400,8,85,8.5218161291
speedup,rastrigin,300,400,8,86,8.5218161291
speedup,rastrigin,300,400,8,87,8.5218161291
speedup,rastrigin,300,400,8,88,7.66776949503
speedup,rastrigin,300,400,8,89,7.63076126655
speedup,rastrigin,300,400,8,90,7.45880989314
speedup,rastrigin,300,400,8,91,7.45880989314
speedup,rastrigin,300,400,8,92,7.45880989314
speedup,rastrigin,300,400,8,93,7.45880989314
speedup,rastrigin,300,400,8,94,6.8219598731
speedup,rastrigin,300,400,8,95,6.8219598731
speedup,rastrigin,300,400,8,96,6.61636839533
speedup,rastrigin,300,400,8,97,6.61636839533
speedup,rastrigin,300,400,8,98,6.61636839533
speedup,rastrigin,300,400,8,99,6.61636839533
speedup,rastrigin,300,400,8,100,6.61636839533
speedup,rastrigin,300,400,8,101,6.61636839533
speedup,rastrigin,300,400,8,102,6.61636839533
speedup,rastrigin,300,400,8,103,6.61636839533
speedup,rastrigin,300,400,8,104,6.61636839533
speedup,rastrigin,300,400,8,105,6.61636839533
speedup,rastrigin,300,400,8,106,6.44550055477
speedup,rastrigin,300,400,8,107,6.39603682969
speedup,rastrigin,300,400,8,108,6.39603682969
speedup,rastrigin,300,400,8,109,6.39603682969
speedup,rastrigin,300,400,8,110,6.39603682969
speedup,rastrigin,300,400,8,111,6.32919236449
speedup,rastrigin,300,400,8,112,6.32919236449
speedup,rastrigin,300,400,8,113,6.32919236449
speedup,rastrigin,300,400,8,114,6.13141489672
speedup,rastrigin,300,400,8,115,6.13141489672
speedup,rastrigin,300,400,8,116,6.13141489672
speedup,rastrigin,300,400,8,117,6.13141489672
speedup,rastrigin,300,400,8,118,6.13141489672
speedup,rastrigin,300,400,8,119,6.13141489672
speedup,rastrigin,300,400,8,120,6.04505242396
speedup,rastrigin,300,400,8,121,6.04505242396
speedup,rastrigin,300,400,8,122,6.04505242396
speedup,rastrigin,300,400,8,123,5.95752385439
speedup,rastrigin,300,400,8,124,5.95752385439
speedup,rastrigin,300,400,8,125,5.95752385439
speedup,rastrigin,300,400,8,126,5.95752385439
speedup,rastrigin,300,400,8,127,5.95752385439
speedup,rastrigin,300,400,8,128,5.95752385439
speedup,rastrigin,300,400,8,129,5.95752385439
speedup,rastrigin,300,400,8,130,5.95752385439
speedup,rastrigin,300,400,8,131,5.95752385439
speedup,rastrigin,300,400,8,132,5.95752385439
speedup,rastrigin,300,400,8,133,5.95752385439
speedup,rastrigin,300,400,8,134,5.95752385439
speedup,rastrigin,300,400,8,135,5.95752385439
speedup,rastrigin,300,400,8,136,5.95752385439
speedup,rastrigin,300,400,8,137,5.95752385439
speedup,rastrigin,300,400,8,138,5.95752385439
speedup,rastrigin,300,400,8,139,5.95752385439
speedup,rastrigin,300,400,8,140,5.95752385439
speedup,rastrigin,300,400,8,141,5.95752385439
speedup,rastrigin,300,400,8,142,5.95752385439
speedup,rastrigin,300,400,8,143,5.79024933753
speedup,rastrigin,300,400,8,144,5.72443842809
speedup,rastrigin,300,400,8,145,5.72443842809
speedup,rastrigin,300,400,8,146,5.72443842809
speedup,rastrigin,300,400,8,147,5.72443842809
speedup,rastrigin,300,400,8,148,5.72443842809
speedup,rastrigin,300,400,8,149,5.72443842809
speedup,rastrigin,300,400,8,150,5.72443842809
speedup,rastrigin,300,400,8,151,5.72443842809
speedup,rastrigin,300,400,8,152,5.72443842809
speedup,rastrigin,300,400,8,153,5.72443842809
speedup,rastrigin,300,400,8,154,5.72443842809
speedup,rastrigin,300,400,8,155,5.72443842809
speedup,rastrigin,300,400,8,156,5.72443842809
speedup,rastrigin,300,400,8,157,5.72443842809
speedup,rastrigin,300,400,8,158,5.72443842809
speedup,rastrigin,300,400,8,159,5.72443842809
speedup,rastrigin,300,400,8,160,5.72443842809
speedup,rastrigin,300,400,8,161,5.72443842809
speedup,rastrigin,300,400,8,162,5.72443842809
speedup,rastrigin,300,400,8,163,5.72443842809
speedup,rastrigin,300,400,8,164,5.72443842809
speedup,rastrigin,300,400,8,165,5.72443842809
speedup,rastrigin,300,400,8,166,5.72443842809
speedup,rastrigin,300,400,8,167,5.72443842809
speedup,rastrigin,300,400,8,168,5.72443842809
speedup,rastrigin,300,400,8,169,5.72443842809
speedup,rastrigin,300,400,8,170,5.72443842809
speedup,rastrigin,300,400,8,171,5.64497869038
speedup,rastrigin,300,400,8,172,5.64497869038
speedup,rastrigin,300,400,8,173,5.64497869038
speedup,rastrigin,300,400,8,174,5.64497869038
speedup,rastrigin,300,400,8,175,5.47348607705
speedup,rastrigin,300,400,8,176,5.47008842463
speedup,rastrigin,300,400,8,177,5.47008842463
speedup,rastrigin,300,400,8,178,5.47008842463
speedup,rastrigin,300,400,8,179,5.40657064554
speedup,rastrigin,300,400,8,180,5.40657064554
speedup,rastrigin,300,400,8,181,5.40657064554
speedup,rastrigin,300,400,8,182,5.40657064554
speedup,rastrigin,300,400,8,183,5.40657064554
speedup,rastrigin,300,400,8,184,5.40657064554
speedup,rastrigin,300,400,8,185,5.40657064554
speedup,rastrigin,300,400,8,186,5.29626472209
speedup,rastrigin,300,400,8,187,5.29626472209
speedup,rastrigin,300,400,8,188,5.29626472209
speedup,rastrigin,300,400,8,189,5.29626472209
speedup,rastrigin,300,400,8,190,5.29626472209
speedup,rastrigin,300,400,8,191,5.29626472209
speedup,rastrigin,300,400,8,192,5.29626472209
speedup,rastrigin,300,400,8,193,5.29626472209
speedup,rastrigin,300,400,8,194,5.29626472209
speedup,rastrigin,300,400,8,195,5.29626472209
speedup,rastrigin,300,400,8,196,5.29626472209
speedup,rastrigin,300,400,8,197,5.29626472209
speedup,rastrigin,300,400,8,198,5.29626472209
speedup,rastrigin,300,400,8,199,5.29626472209
speedup,rastrigin,300,400,8,200,5.29626472209
speedup,rastrigin,300,400,8,201,5.29626472209
speedup,rastrigin,300,400,8,202,5.29626472209
speedup,rastrigin,300,400,8,203,5.29626472209
speedup,rastrigin,300,400,8,204,5.29626472209
speedup,rastrigin,300,400,8,205,5.29626472209
speedup,rastrigin,300,400,8,206,5.29626472209
speedup,rastrigin,300,400,8,207,5.29626472209
speedup,rastrigin,300,400,8,208,5.29626472209
speedup,rastrigin,300,400,8,209,5.29626472209
speedup,rastrigin,300,400,8,210,5.29626472209
speedup,rastrigin,300,400,8,211,5.29626472209
speedup,rastrigin,300,400,8,212,4.75629297706
speedup,rastrigin,300,400,8,213,4.75629297706
speedup,rastrigin,300,400,8,214,4.75629297706
speedup,rastrigin,300,400,8,215,4.75629297706
speedup,rastrigin,300,400,8,216,4.75629297706
speedup,rastrigin,300,400,8,217,4.75629297706
speedup,rastrigin,300,400,8,218,4.75629297706
speedup,rastrigin,300,400,8,219,4.75629297706
speedup,rastrigin,300,400,8,220,4.75629297706
speedup,rastrigin,300,400,8,221,4.75629297706
speedup,rastrigin,300,400,8,222,4.75629297706
speedup,rastrigin,300,400,8,223,4.75629297706
speedup,rastrigin,300,400,8,224,4.75629297706
speedup,rastrigin,300,400,8,225,4.75629297706
speedup,rastrigin,300,400,8,226,4.75629297706
speedup,rastrigin,300,400,8,227,4.75629297706
speedup,rastrigin,300,400,8,228,4.75629297706
speedup,rastrigin,300,400,8,229,4.75629297706
speedup,rastrigin,300,400,8,230,4.75629297706
speedup,rastrigin,300,400,8,231,4.75629297706
speedup,rastrigin,300,400,8,232,4.75629297706
speedup,rastrigin,300,400,8,233,4.75629297706
speedup,rastrigin,300,400,8,234,4.75629297706
speedup,rastrigin,300,400,8,235,4.75629297706
speedup,rastrigin,300,400,8,236,4.75629297706
speedup,rastrigin,300,400,8,237,4.75629297706
speedup,rastrigin,300,400,8,238,4.75629297706
speedup,rastrigin,300,400,8,239,4.75629297706
speedup,rastrigin,300,400,8,240,4.75622941273
speedup,rastrigin,300,400,8,241,4.75622941273
speedup,rastrigin,300,400,8,242,4.75622941273
speedup,rastrigin,300,400,8,243,4.75622941273
speedup,rastrigin,300,400,8,244,4.75622941273
speedup,rastrigin,300,400,8,245,4.75622941273
speedup,rastrigin,300,400,8,246,4.75622941273
speedup,rastrigin,300,400,8,247,4.75622941273
speedup,rastrigin,300,400,8,248,4.75622941273
speedup,rastrigin,300,400,8,249,4.75622941273
speedup,rastrigin,300,400,8,250,4.75622941273
speedup,rastrigin,300,400,8,251,4.75622941273
speedup,rastrigin,300,400,8,252,4.75622941273
speedup,rastrigin,300,400,8,253,4.75622941273
speedup,rastrigin,300,400,8,254,4.04182739337
speedup,rastrigin,300,400,8,255,4.04182739337
speedup,rastrigin,300,400,8,256,4.04182739337
speedup,rastrigin,300,400,8,257,4.04182739337
speedup,rastrigin,300,400,8,258,4.04182739337
speedup,rastrigin,300,400,8,259,4.04182739337
speedup,rastrigin,300,400,8,260,4.04182739337
speedup,rastrigin,300,400,8,261,4.04182739337
speedup,rastrigin,300,400,8,262,4.04182739337
speedup,rastrigin,300,400,8,263,4.04182739337
speedup,rastrigin,300,400,8,264,4.04182739337
speedup,rastrigin,300,400,8,265,4.04182739337
speedup,rastrigin,300,400,8,266,4.04182739337
speedup,rastrigin,300,400,8,267,4.04182739337
speedup,rastrigin,300,400,8,268,3.99567791023
speedup,rastrigin,300,400,8,269,3.99567791023
speedup,rastrigin,300,400,8,270,3.99567791023
speedup,rastrigin,300,400,8,271,3.99567791023
speedup,rastrigin,300,400,8,272,3.99567791023
speedup,rastrigin,300,400,8,273,3.99567791023
speedup,rastrigin,300,400,8,274,3.99567791023
speedup,rastrigin,300,400,8,275,3.99567791023
speedup,rastrigin,300,400,8,276,3.99567791023
speedup,rastrigin,300,400,8,277,3.99567791023
speedup,rastrigin,300,400,8,278,3.99567791023
speedup,rastrigin,300,400,8,279,3.99567791023
speedup,rastrigin,300,400,8,280,3.99567791023
speedup,rastrigin,300,400,8,281,3.99567791023
speedup,rastrigin,300,400,8,282,3.99567791023
speedup,rastrigin,300,400,8,283,3.99567791023
speedup,rastrigin,300,400,8,284,3.99567791023
speedup,rastrigin,300,400,8,285,3.99567791023
speedup,rastrigin,300,400,8,286,3.99567791023
speedup,rastrigin,300,400,8,287,3.99567791023
speedup,rastrigin,300,400,8,288,3.99567791023
speedup,rastrigin,300,400,8,289,3.99567791023
speedup,rastrigin,300,400,8,290,3.99567791023
speedup,rastrigin,300,400,8,291,3.99567791023
speedup,rastrigin,300,400,8,292,3.99567791023
speedup,rastrigin,300,400,8,293,3.99567791023
speedup,rastrigin,300,400,8,294,3.99567791023
speedup,rastrigin,300,400,8,295,3.99567791023
speedup,rastrigin,300,400,8,296,3.99567791023
speedup,rastrigin,300,400,8,297,3.99567791023
speedup,rastrigin,300,400,8,298,3.99567791023
speedup,rastrigin,300,400,8,299,3.99567791023
speedup,rastrigin,300,400,8,300,3.99567791023
speedup,rastrigin,300,400,8,301,3.99567791023
speedup,rastrigin,300,400,8,302,3.99567791023
speedup,rastrigin,300,400,8,303,3.67270388352
speedup,rastrigin,300,400,8,304,3.67270388352
speedup,rastrigin,300,400,8,305,3.67270388352
speedup,rastrigin,300,400,8,306,3.67270388352
speedup,rastrigin,300,400,8,307,3.67270388352
speedup,rastrigin,300,400,8,308,3.67270388352
speedup,rastrigin,300,400,8,309,3.67270388352
speedup,rastrigin,300,400,8,310,3.67270388352
speedup,rastrigin,300,400,8,311,3.67270388352
speedup,rastrigin,300,400,8,312,3.67270388352
speedup,rastrigin,300,400,8,313,3.67270388352
speedup,rastrigin,300,400,8,314,3.67270388352
speedup,rastrigin,300,400,8,315,3.67270388352
speedup,rastrigin,300,400,8,316,3.67270388352
speedup,rastrigin,300,400,8,317,3.67270388352
speedup,rastrigin,300,400,8,318,3.67270388352
speedup,rastrigin,300,400,8,319,3.67270388352
speedup,rastrigin,300,400,8,320,3.67270388352
speedup,rastrigin,300,400,8,321,3.30430362968
speedup,rastrigin,300,400,8,322,3.30430362968
speedup,rastrigin,300,400,8,323,3.30430362968
speedup,rastrigin,300,400,8,324,3.30430362968
speedup,rastrigin,300,400,8,325,3.30430362968
speedup,rastrigin,300,400,8,326,2.80297104951
speedup,rastrigin,300,400,8,327,2.80297104951
speedup,rastrigin,300,400,8,328,2.80297104951
speedup,rastrigin,300,400,8,329,2.80297104951
speedup,rastrigin,300,400,8,330,2.80297104951
speedup,rastrigin,300,400,8,331,2.80297104951
speedup,rastrigin,300,400,8,332,2.80297104951
speedup,rastrigin,300,400,8,333,2.80297104951
speedup,rastrigin,300,400,8,334,2.80297104951
speedup,rastrigin,300,400,8,335,2.80297104951
speedup,rastrigin,300,400,8,336,2.80297104951
speedup,rastrigin,300,400,8,337,2.80297104951
speedup,rastrigin,300,400,8,338,2.80297104951
speedup,rastrigin,300,400,8,339,2.80297104951
speedup,rastrigin,300,400,8,340,2.80297104951
speedup,rastrigin,300,400,8,341,2.80297104951
speedup,rastrigin,300,400,8,342,2.80297104951
speedup,rastrigin,300,400,8,343,2.80297104951
speedup,rastrigin,300,400,8,344,2.80297104951
speedup,rastrigin,300,400,8,345,2.80297104951
speedup,rastrigin,300,400,8,346,2.57934555351
speedup,rastrigin,300,400,8,347,2.57934555351
speedup,rastrigin,300,400,8,348,2.57934555351
speedup,rastrigin,300,400,8,349,2.57934555351
speedup,rastrigin,300,400,8,350,2.57934555351
speedup,rastrigin,300,400,8,351,2.57934555351
speedup,rastrigin,300,400,8,352,2.57934555351
speedup,rastrigin,300,400,8,353,2.57934555351
speedup,rastrigin,300,400,8,354,2.57934555351
speedup,rastrigin,300,400,8,355,2.57934555351
speedup,rastrigin,300,400,8,356,2.57934555351
speedup,rastrigin,300,400,8,357,2.57934555351
speedup,rastrigin,300,400,8,358,2.57934555351
speedup,rastrigin,300,400,8,359,2.57934555351
speedup,rastrigin,300,400,8,360,2.57934555351
speedup,rastrigin,300,400,8,361,2.57934555351
speedup,rastrigin,300,400,8,362,2.57934555351
speedup,rastrigin,300,400,8,363,2.57934555351
speedup,rastrigin,300,400,8,364,2.57934555351
speedup,rastrigin,300,400,8,365,2.57934555351
speedup,rastrigin,300,400,8,366,2.57934555351
speedup,rastrigin,300,400,8,367,2.57934555351
speedup,rastrigin,300,400,8,368,2.57934555351
speedup,rastrigin,300,400,8,369,2.57934555351
speedup,rastrigin,300,400,8,370,2.57934555351
speedup,rastrigin,300,400,8,371,2.57934555351
speedup,rastrigin,300,400,8,372,2.57934555351
speedup,rastrigin,300,400,8,373,2.57934555351
speedup,rastrigin,300,400,8,374,2.56578830444
speedup,rastrigin,300,400,8,375,2.56578830444
speedup,rastrigin,300,400,8,376,2.56578830444
speedup,rastrigin,300,400,8,377,2.56578830444
speedup,rastrigin,300,400,8,378,2.56489678768
speedup,rastrigin,300,400,8,379,2.50005090019
speedup,rastrigin,300,400,8,380,1.48262437869
speedup,rastrigin,300,400,8,381,1.48262437869
speedup,rastrigin,300,400,8,382,1.48262437869
speedup,rastrigin,300,400,8,383,1.48262437869
speedup,rastrigin,300,400,8,384,1.48262437869
speedup,rastrigin,300,400,8,385,1.48262437869
speedup,rastrigin,300,400,8,386,1.48262437869
speedup,rastrigin,300,400,8,387,1.48262437869
speedup,rastrigin,300,400,8,388,1.48262437869
speedup,rastrigin,300,400,8,389,1.48262437869
speedup,rastrigin,300,400,8,390,1.48262437869
speedup,rastrigin,300,400,8,391,1.48262437869
speedup,rastrigin,300,400,8,392,1.48262437869
speedup,rastrigin,300,400,8,393,1.48262437869
speedup,rastrigin,300,400,8,394,1.48262437869
speedup,rastrigin,300,400,8,395,1.48262437869
speedup,rastrigin,300,400,8,396,1.48262437869
speedup,rastrigin,300,400,8,397,1.48262437869
speedup,rastrigin,300,400,8,398,1.48262437869
speedup,rastrigin,300,400,8,399,1.48262437869
speedup,rastrigin,300,400,8,400,1.48262437869
speedup,rastrigin,300,400,8,0,229.147684286
speedup,rastrigin,300,400,8,1,182.414753095
speedup,rastrigin,300,400,8,2,182.414753095
speedup,rastrigin,300,400,8,3,137.438503477
speedup,rastrigin,300,400,8,4,137.438503477
speedup,rastrigin,300,400,8,5,121.848326007
speedup,rastrigin,300,400,8,6,121.848326007
speedup,rastrigin,300,400,8,7,108.388196759
speedup,rastrigin,300,400,8,8,108.388196759
speedup,rastrigin,300,400,8,9,96.5794988529
speedup,rastrigin,300,400,8,10,96.5794988529
speedup,rastrigin,300,400,8,11,96.2769835386
speedup,rastrigin,300,400,8,12,75.9765740507
speedup,rastrigin,300,400,8,13,73.8676395737
speedup,rastrigin,300,400,8,14,73.8676395737
speedup,rastrigin,300,400,8,15,72.4235991535
speedup,rastrigin,300,400,8,16,59.990606388
speedup,rastrigin,300,400,8,17,59.990606388
speedup,rastrigin,300,400,8,18,55.5996209057
speedup,rastrigin,300,400,8,19,52.1471120858
speedup,rastrigin,300,400,8,20,47.472843151
speedup,rastrigin,300,400,8,21,35.9147055887
speedup,rastrigin,300,400,8,22,35.9147055887
speedup,rastrigin,300,400,8,23,35.9147055887
speedup,rastrigin,300,400,8,24,34.0149945782
speedup,rastrigin,300,400,8,25,26.9373046852
speedup,rastrigin,300,400,8,26,24.3608024936
speedup,rastrigin,300,400,8,27,23.3813764845
speedup,rastrigin,300,400,8,28,19.2591459474
speedup,rastrigin,300,400,8,29,19.2591459474
speedup,rastrigin,300,400,8,30,18.8272129869
speedup,rastrigin,300,400,8,31,12.3637920954
speedup,rastrigin,300,400,8,32,12.3637920954
speedup,rastrigin,300,400,8,33,12.3637920954
speedup,rastrigin,300,400,8,34,12.3637920954
speedup,rastrigin,300,400,8,35,12.3637920954
speedup,rastrigin,300,400,8,36,12.3637920954
speedup,rastrigin,300,400,8,37,12.3637920954
speedup,rastrigin,300,400,8,38,12.3637920954
speedup,rastrigin,300,400,8,39,10.3326638627
speedup,rastrigin,300,400,8,40,10.3326638627
speedup,rastrigin,300,400,8,41,9.46052385706
speedup,rastrigin,300,400,8,42,9.46052385706
speedup,rastrigin,300,400,8,43,7.39453045844
speedup,rastrigin,300,400,8,44,7.39453045844
speedup,rastrigin,300,400,8,45,6.82144284038
speedup,rastrigin,300,400,8,46,6.82144284038
speedup,rastrigin,300,400,8,47,6.82144284038
speedup,rastrigin,300,400,8,48,6.70669688134
speedup,rastrigin,300,400,8,49,5.39766886535
speedup,rastrigin,300,400,8,50,5.39766886535
speedup,rastrigin,300,400,8,51,5.39766886535
speedup,rastrigin,300,400,8,52,5.39766886535
speedup,rastrigin,300,400,8,53,4.68574818949
speedup,rastrigin,300,400,8,54,4.42330176204
speedup,rastrigin,300,400,8,55,3.75770767943
speedup,rastrigin,300,400,8,56,3.75770767943
speedup,rastrigin,300,400,8,57,3.75770767943
speedup,rastrigin,300,400,8,58,3.75770767943
speedup,rastrigin,300,400,8,59,3.75770767943
speedup,rastrigin,300,400,8,60,3.40842575716
speedup,rastrigin,300,400,8,61,3.40842575716
speedup,rastrigin,300,400,8,62,3.40842575716
speedup,rastrigin,300,400,8,63,2.80519398054
speedup,rastrigin,300,400,8,64,2.45104171424
speedup,rastrigin,300,400,8,65,2.45104171424
speedup,rastrigin,300,400,8,66,2.45104171424
speedup,rastrigin,300,400,8,67,2.45104171424
speedup,rastrigin,300,400,8,68,2.45104171424
speedup,rastrigin,300,400,8,69,2.45104171424
speedup,rastrigin,300,400,8,70,2.45104171424
speedup,rastrigin,300,400,8,71,2.45104171424
speedup,rastrigin,300,400,8,72,2.45104171424
speedup,rastrigin,300,400,8,73,2.45104171424
speedup,rastrigin,300,400,8,74,2.45104171424
speedup,rastrigin,300,400,8,75,2.45104171424
speedup,rastrigin,300,400,8,76,2.45104171424
speedup,rastrigin,300,400,8,77,2.37714382855
speedup,rastrigin,300,400,8,78,2.37714382855
speedup,rastrigin,300,400,8,79,2.37714382855
speedup,rastrigin,300,400,8,80,2.37714382855
speedup,rastrigin,300,400,8,81,2.37714382855
speedup,rastrigin,300,400,8,82,1.86379681596
speedup,rastrigin,300,400,8,83,1.86379681596
speedup,rastrigin,300,400,8,84,1.86379681596
speedup,rastrigin,300,400,8,85,1.86379681596
speedup,rastrigin,300,400,8,86,1.86379681596
speedup,rastrigin,300,400,8,87,1.86379681596
speedup,rastrigin,300,400,8,88,1.86379681596
speedup,rastrigin,300,400,8,89,1.7996793043
speedup,rastrigin,300,400,8,90,1.7996793043
speedup,rastrigin,300,400,8,91,1.7996793043
speedup,rastrigin,300,400,8,92,1.74453036802
speedup,rastrigin,300,400,8,93,1.74453036802
speedup,rastrigin,300,400,8,94,1.74453036802
speedup,rastrigin,300,400,8,95,1.74453036802
speedup,rastrigin,300,400,8,96,1.74453036802
speedup,rastrigin,300,400,8,97,1.72683475093
speedup,rastrigin,300,400,8,98,1.72683475093
speedup,rastrigin,300,400,8,99,1.72683475093
speedup,rastrigin,300,400,8,100,1.72683475093
speedup,rastrigin,300,400,8,101,1.72683475093
speedup,rastrigin,300,400,8,102,1.72683475093
speedup,rastrigin,300,400,8,103,1.72683475093
speedup,rastrigin,300,400,8,104,1.72683475093
speedup,rastrigin,300,400,8,105,1.72683475093
speedup,rastrigin,300,400,8,106,1.72683475093
speedup,rastrigin,300,400,8,107,1.72683475093
speedup,rastrigin,300,400,8,108,1.72683475093
speedup,rastrigin,300,400,8,109,1.72683475093
speedup,rastrigin,300,400,8,110,1.72683475093
speedup,rastrigin,300,400,8,111,1.71080602091
speedup,rastrigin,300,400,8,112,1.71080602091
speedup,rastrigin,300,400,8,113,1.71080602091
speedup,rastrigin,300,400,8,114,1.71080602091
speedup,rastrigin,300,400,8,115,1.71080602091
speedup,rastrigin,300,400,8,116,1.71080602091
speedup,rastrigin,300,400,8,117,1.71080602091
speedup,rastrigin,300,400,8,118,1.71080602091
speedup,rastrigin,300,400,8,119,1.7061353454
speedup,rastrigin,300,400,8,120,1.7061353454
speedup,rastrigin,300,400,8,121,1.7061353454
speedup,rastrigin,300,400,8,122,1.7061353454
speedup,rastrigin,300,400,8,123,1.7061353454
speedup,rastrigin,300,400,8,124,1.7061353454
speedup,rastrigin,300,400,8,125,1.7061353454
speedup,rastrigin,300,400,8,126,1.7061353454
speedup,rastrigin,300,400,8,127,1.7061353454
speedup,rastrigin,300,400,8,128,1.7061353454
speedup,rastrigin,300,400,8,129,1.7061353454
speedup,rastrigin,300,400,8,130,1.65272690275
speedup,rastrigin,300,400,8,131,1.65272690275
speedup,rastrigin,300,400,8,132,1.62077781304
speedup,rastrigin,300,400,8,133,1.62077781304
speedup,rastrigin,300,400,8,134,1.62077781304
speedup,rastrigin,300,400,8,135,1.40922836562
speedup,rastrigin,300,400,8,136,1.40922836562
speedup,rastrigin,300,400,8,137,1.3285488515
speedup,rastrigin,300,400,8,138,1.27169407973
speedup,rastrigin,300,400,8,139,1.27169407973
speedup,rastrigin,300,400,8,140,1.27169407973
speedup,rastrigin,300,400,8,141,1.27169407973
speedup,rastrigin,300,400,8,142,1.27169407973
speedup,rastrigin,300,400,8,143,1.27169407973
speedup,rastrigin,300,400,8,144,1.27169407973
speedup,rastrigin,300,400,8,145,1.27169407973
speedup,rastrigin,300,400,8,146,1.27169407973
speedup,rastrigin,300,400,8,147,1.27169407973
speedup,rastrigin,300,400,8,148,1.27169407973
speedup,rastrigin,300,400,8,149,1.27169407973
speedup,rastrigin,300,400,8,150,1.27169407973
speedup,rastrigin,300,400,8,151,1.27169407973
speedup,rastrigin,300,400,8,152,1.27169407973
speedup,rastrigin,300,400,8,153,1.27169407973
speedup,rastrigin,300,400,8,154,1.27169407973
speedup,rastrigin,300,400,8,155,1.27169407973
speedup,rastrigin,300,400,8,156,1.27169407973
speedup,rastrigin,300,400,8,157,1.27169407973
speedup,rastrigin,300,400,8,158,1.27169407973
speedup,rastrigin,300,400,8,159,1.27169407973
speedup,rastrigin,300,400,8,160,1.27169407973
speedup,rastrigin,300,400,8,161,1.27169407973
speedup,rastrigin,300,400,8,162,1.27169407973
speedup,rastrigin,300,400,8,163,1.27169407973
speedup,rastrigin,300,400,8,164,1.27169407973
speedup,rastrigin,300,400,8,165,1.27169407973
speedup,rastrigin,300,400,8,166,1.27169407973
speedup,rastrigin,300,400,8,167,1.27169407973
speedup,rastrigin,300,400,8,168,1.27169407973
speedup,rastrigin,300,400,8,169,1.27169407973
speedup,rastrigin,300,400,8,170,1.27169407973
speedup,rastrigin,300,400,8,171,1.27169407973
speedup,rastrigin,300,400,8,172,1.27169407973
speedup,rastrigin,300,400,8,173,1.27169407973
speedup,rastrigin,300,400,8,174,1.27169407973
speedup,rastrigin,300,400,8,175,1.27169407973
speedup,rastrigin,300,400,8,176,1.27169407973
speedup,rastrigin,300,400,8,177,1.27169407973
speedup,rastrigin,300,400,8,178,1.27169407973
speedup,rastrigin,300,400,8,179,1.27169407973
speedup,rastrigin,300,400,8,180,1.27169407973
speedup,rastrigin,300,400,8,181,1.27169407973
speedup,rastrigin,300,400,8,182,1.27169407973
speedup,rastrigin,300,400,8,183,1.23043333502
speedup,rastrigin,300,400,8,184,1.23043333502
speedup,rastrigin,300,400,8,185,1.23043333502
speedup,rastrigin,300,400,8,186,1.23043333502
speedup,rastrigin,300,400,8,187,1.23043333502
speedup,rastrigin,300,400,8,188,1.23043333502
speedup,rastrigin,300,400,8,189,1.23043333502
speedup,rastrigin,300,400,8,190,1.23043333502
speedup,rastrigin,300,400,8,191,1.23043333502
speedup,rastrigin,300,400,8,192,1.23043333502
speedup,rastrigin,300,400,8,193,1.23043333502
speedup,rastrigin,300,400,8,194,1.23043333502
speedup,rastrigin,300,400,8,195,1.23043333502
speedup,rastrigin,300,400,8,196,1.23043333502
speedup,rastrigin,300,400,8,197,1.14978182366
speedup,rastrigin,300,400,8,198,1.14978182366
speedup,rastrigin,300,400,8,199,1.14978182366
speedup,rastrigin,300,400,8,200,1.14978182366
speedup,rastrigin,300,400,8,201,1.14978182366
speedup,rastrigin,300,400,8,202,1.14978182366
speedup,rastrigin,300,400,8,203,1.14978182366
speedup,rastrigin,300,400,8,204,1.14978182366
speedup,rastrigin,300,400,8,205,1.14978182366
speedup,rastrigin,300,400,8,206,1.14978182366
speedup,rastrigin,300,400,8,207,1.14978182366
speedup,rastrigin,300,400,8,208,1.14978182366
speedup,rastrigin,300,400,8,209,1.14978182366
speedup,rastrigin,300,400,8,210,1.14978182366
speedup,rastrigin,300,400,8,211,1.14978182366
speedup,rastrigin,300,400,8,212,1.14978182366
speedup,rastrigin,300,400,8,213,1.14978182366
speedup,rastrigin,300,400,8,214,1.14978182366
speedup,rastrigin,300,400,8,215,1.14978182366
speedup,rastrigin,300,400,8,216,1.14978182366
speedup,rastrigin,300,400,8,217,1.14978182366
speedup,rastrigin,300,400,8,218,1.14978182366
speedup,rastrigin,300,400,8,219,1.14978182366
speedup,rastrigin,300,400,8,220,1.14978182366
speedup,rastrigin,300,400,8,221,1.14978182366
speedup,rastrigin,300,400,8,222,1.14978182366
speedup,rastrigin,300,400,8,223,1.14978182366
speedup,rastrigin,300,400,8,224,1.14978182366
speedup,rastrigin,300,400,8,225,1.14978182366
speedup,rastrigin,300,400,8,226,1.14978182366
speedup,rastrigin,300,400,8,227,1.14978182366
speedup,rastrigin,300,400,8,228,1.14978182366
speedup,rastrigin,300,400,8,229,1.14978182366
speedup,rastrigin,300,400,8,230,1.14978182366
speedup,rastrigin,300,400,8,231,1.14978182366
speedup,rastrigin,300,400,8,232,1.14978182366
speedup,rastrigin,300,400,8,233,1.14978182366
speedup,rastrigin,300,400,8,234,1.14978182366
speedup,rastrigin,300,400,8,235,1.14978182366
speedup,rastrigin,300,400,8,236,1.14978182366
speedup,rastrigin,300,400,8,237,1.14978182366
speedup,rastrigin,300,400,8,238,1.14978182366
speedup,rastrigin,300,400,8,239,1.14978182366
speedup,rastrigin,300,400,8,240,1.14978182366
speedup,rastrigin,300,400,8,241,1.14978182366
speedup,rastrigin,300,400,8,242,1.14978182366
speedup,rastrigin,300,400,8,243,1.14978182366
speedup,rastrigin,300,400,8,244,1.14978182366
speedup,rastrigin,300,400,8,245,1.14978182366
speedup,rastrigin,300,400,8,246,1.14978182366
speedup,rastrigin,300,400,8,247,1.14978182366
speedup,rastrigin,300,400,8,248,1.14978182366
speedup,rastrigin,300,400,8,249,1.14978182366
speedup,rastrigin,300,400,8,250,1.14978182366
speedup,rastrigin,300,400,8,251,1.14978182366
speedup,rastrigin,300,400,8,252,1.14978182366
speedup,rastrigin,300,400,8,253,1.14978182366
speedup,rastrigin,300,400,8,254,1.14978182366
speedup,rastrigin,300,400,8,255,1.14978182366
speedup,rastrigin,300,400,8,256,0.841451164033
speedup,rastrigin,300,400,8,257,0.841451164033
speedup,rastrigin,300,400,8,258,0.841451164033
speedup,rastrigin,300,400,8,259,0.841451164033
speedup,rastrigin,300,400,8,260,0.841451164033
speedup,rastrigin,300,400,8,261,0.841451164033
speedup,rastrigin,300,400,8,262,0.841451164033
speedup,rastrigin,300,400,8,263,0.841451164033
speedup,rastrigin,300,400,8,264,0.841451164033
speedup,rastrigin,300,400,8,265,0.841451164033
speedup,rastrigin,300,400,8,266,0.841451164033
speedup,rastrigin,300,400,8,267,0.841451164033
speedup,rastrigin,300,400,8,268,0.768655103659
speedup,rastrigin,300,400,8,269,0.768655103659
speedup,rastrigin,300,400,8,270,0.768655103659
speedup,rastrigin,300,400,8,271,0.768655103659
speedup,rastrigin,300,400,8,272,0.768655103659
speedup,rastrigin,300,400,8,273,0.768655103659
speedup,rastrigin,300,400,8,274,0.768655103659
speedup,rastrigin,300,400,8,275,0.768655103659
speedup,rastrigin,300,400,8,276,0.768655103659
speedup,rastrigin,300,400,8,277,0.768655103659
speedup,rastrigin,300,400,8,278,0.751122264867
speedup,rastrigin,300,400,8,279,0.751122264867
speedup,rastrigin,300,400,8,280,0.730788013911
speedup,rastrigin,300,400,8,281,0.730788013911
speedup,rastrigin,300,400,8,282,0.730788013911
speedup,rastrigin,300,400,8,283,0.730788013911
speedup,rastrigin,300,400,8,284,0.730788013911
speedup,rastrigin,300,400,8,285,0.730788013911
speedup,rastrigin,300,400,8,286,0.730788013911
speedup,rastrigin,300,400,8,287,0.730788013911
speedup,rastrigin,300,400,8,288,0.730788013911
speedup,rastrigin,300,400,8,289,0.730788013911
speedup,rastrigin,300,400,8,290,0.730788013911
speedup,rastrigin,300,400,8,291,0.730788013911
speedup,rastrigin,300,400,8,292,0.651358284742
speedup,rastrigin,300,400,8,293,0.651358284742
speedup,rastrigin,300,400,8,294,0.651358284742
speedup,rastrigin,300,400,8,295,0.651358284742
speedup,rastrigin,300,400,8,296,0.651358284742
speedup,rastrigin,300,400,8,297,0.651358284742
speedup,rastrigin,300,400,8,298,0.651358284742
speedup,rastrigin,300,400,8,299,0.651358284742
speedup,rastrigin,300,400,8,300,0.651358284742
speedup,rastrigin,300,400,8,301,0.651358284742
speedup,rastrigin,300,400,8,302,0.651358284742
speedup,rastrigin,300,400,8,303,0.651358284742
speedup,rastrigin,300,400,8,304,0.651358284742
speedup,rastrigin,300,400,8,305,0.651358284742
speedup,rastrigin,300,400,8,306,0.651358284742
speedup,rastrigin,300,400,8,307,0.527866725978
speedup,rastrigin,300,400,8,308,0.527866725978
speedup,rastrigin,300,400,8,309,0.527866725978
speedup,rastrigin,300,400,8,310,0.527866725978
speedup,rastrigin,300,400,8,311,0.527866725978
speedup,rastrigin,300,400,8,312,0.527866725978
speedup,rastrigin,300,400,8,313,0.527866725978
speedup,rastrigin,300,400,8,314,0.527866725978
speedup,rastrigin,300,400,8,315,0.494271872605
speedup,rastrigin,300,400,8,316,0.456956823352
speedup,rastrigin,300,400,8,317,0.456956823352
speedup,rastrigin,300,400,8,318,0.456956823352
speedup,rastrigin,300,400,8,319,0.456956823352
speedup,rastrigin,300,400,8,320,0.435096220599
speedup,rastrigin,300,400,8,321,0.435096220599
speedup,rastrigin,300,400,8,322,0.435096220599
speedup,rastrigin,300,400,8,323,0.435096220599
speedup,rastrigin,300,400,8,324,0.435096220599
speedup,rastrigin,300,400,8,325,0.435096220599
speedup,rastrigin,300,400,8,326,0.435096220599
speedup,rastrigin,300,400,8,327,0.435096220599
speedup,rastrigin,300,400,8,328,0.435096220599
speedup,rastrigin,300,400,8,329,0.435096220599
speedup,rastrigin,300,400,8,330,0.435096220599
speedup,rastrigin,300,400,8,331,0.435096220599
speedup,rastrigin,300,400,8,332,0.435096220599
speedup,rastrigin,300,400,8,333,0.397053009328
speedup,rastrigin,300,400,8,334,0.397053009328
speedup,rastrigin,300,400,8,335,0.397053009328
speedup,rastrigin,300,400,8,336,0.397053009328
speedup,rastrigin,300,400,8,337,0.397053009328
speedup,rastrigin,300,400,8,338,0.397053009328
speedup,rastrigin,300,400,8,339,0.397053009328
speedup,rastrigin,300,400,8,340,0.397053009328
speedup,rastrigin,300,400,8,341,0.397053009328
speedup,rastrigin,300,400,8,342,0.397053009328
speedup,rastrigin,300,400,8,343,0.298110545212
speedup,rastrigin,300,400,8,344,0.298110545212
speedup,rastrigin,300,400,8,345,0.298110545212
speedup,rastrigin,300,400,8,346,0.298110545212
speedup,rastrigin,300,400,8,347,0.298110545212
speedup,rastrigin,300,400,8,348,0.298110545212
speedup,rastrigin,300,400,8,349,0.298110545212
speedup,rastrigin,300,400,8,350,0.298110545212
speedup,rastrigin,300,400,8,351,0.298110545212
speedup,rastrigin,300,400,8,352,0.298110545212
speedup,rastrigin,300,400,8,353,0.298110545212
speedup,rastrigin,300,400,8,354,0.298110545212
speedup,rastrigin,300,400,8,355,0.298110545212
speedup,rastrigin,300,400,8,356,0.298110545212
speedup,rastrigin,300,400,8,357,0.298110545212
speedup,rastrigin,300,400,8,358,0.298110545212
speedup,rastrigin,300,400,8,359,0.298110545212
speedup,rastrigin,300,400,8,360,0.298110545212
speedup,rastrigin,300,400,8,361,0.298110545212
speedup,rastrigin,300,400,8,362,0.298110545212
speedup,rastrigin,300,400,8,363,0.298110545212
speedup,rastrigin,300,400,8,364,0.298110545212
speedup,rastrigin,300,400,8,365,0.298110545212
speedup,rastrigin,300,400,8,366,0.298110545212
speedup,rastrigin,300,400,8,367,0.298110545212
speedup,rastrigin,300,400,8,368,0.298110545212
speedup,rastrigin,300,400,8,369,0.298110545212
speedup,rastrigin,300,400,8,370,0.298110545212
speedup,rastrigin,300,400,8,371,0.298110545212
speedup,rastrigin,300,400,8,372,0.298110545212
speedup,rastrigin,300,400,8,373,0.298110545212
speedup,rastrigin,300,400,8,374,0.298110545212
speedup,rastrigin,300,400,8,375,0.298110545212
speedup,rastrigin,300,400,8,376,0.298110545212
speedup,rastrigin,300,400,8,377,0.298110545212
speedup,rastrigin,300,400,8,378,0.298110545212
speedup,rastrigin,300,400,8,379,0.298110545212
speedup,rastrigin,300,400,8,380,0.298110545212
speedup,rastrigin,300,400,8,381,0.298110545212
speedup,rastrigin,300,400,8,382,0.298110545212
speedup,rastrigin,300,400,8,383,0.298110545212
speedup,rastrigin,300,400,8,384,0.298110545212
speedup,rastrigin,300,400,8,385,0.298110545212
speedup,rastrigin,300,400,8,386,0.298110545212
speedup,rastrigin,300,400,8,387,0.298110545212
speedup,rastrigin,300,400,8,388,0.298110545212
speedup,rastrigin,300,400,8,389,0.298110545212
speedup,rastrigin,300,400,8,390,0.298110545212
speedup,rastrigin,300,400,8,391,0.298110545212
speedup,rastrigin,300,400,8,392,0.298110545212
speedup,rastrigin,300,400,8,393,0.298110545212
speedup,rastrigin,300,400,8,394,0.298110545212
speedup,rastrigin,300,400,8,395,0.298110545212
speedup,rastrigin,300,400,8,396,0.298110545212
speedup,rastrigin,300,400,8,397,0.298110545212
speedup,rastrigin,300,400,8,398,0.298110545212
speedup,rastrigin,300,400,8,399,0.298110545212
speedup,rastrigin,300,400,8,400,0.298110545212
speedup,rastrigin,300,400,8,0,256.498513691
speedup,rastrigin,300,400,8,1,202.55434511
speedup,rastrigin,300,400,8,2,176.724310584
speedup,rastrigin,300,400,8,3,147.273314087
speedup,rastrigin,300,400,8,4,138.403148987
speedup,rastrigin,300,400,8,5,136.512264682
speedup,rastrigin,300,400,8,6,128.073583028
speedup,rastrigin,300,400,8,7,112.669140638
speedup,rastrigin,300,400,8,8,112.669140638
speedup,rastrigin,300,400,8,9,94.0021967366
speedup,rastrigin,300,400,8,10,94.0021967366
speedup,rastrigin,300,400,8,11,90.6785333623
speedup,rastrigin,300,400,8,12,90.6785333623
speedup,rastrigin,300,400,8,13,67.8579439376
speedup,rastrigin,300,400,8,14,67.8579439376
speedup,rastrigin,300,400,8,15,67.8579439376
speedup,rastrigin,300,400,8,16,51.966384099
speedup,rastrigin,300,400,8,17,51.966384099
speedup,rastrigin,300,400,8,18,51.966384099
speedup,rastrigin,300,400,8,19,46.6327263503
speedup,rastrigin,300,400,8,20,33.8080487135
speedup,rastrigin,300,400,8,21,33.8080487135
speedup,rastrigin,300,400,8,22,25.272091197
speedup,rastrigin,300,400,8,23,25.272091197
speedup,rastrigin,300,400,8,24,25.272091197
speedup,rastrigin,300,400,8,25,21.9752096232
speedup,rastrigin,300,400,8,26,19.0115498373
speedup,rastrigin,300,400,8,27,18.6850147611
speedup,rastrigin,300,400,8,28,18.6850147611
speedup,rastrigin,300,400,8,29,15.601085798
speedup,rastrigin,300,400,8,30,14.4614693999
speedup,rastrigin,300,400,8,31,14.4614693999
speedup,rastrigin,300,400,8,32,14.4614693999
speedup,rastrigin,300,400,8,33,12.3153306225
speedup,rastrigin,300,400,8,34,12.3153306225
speedup,rastrigin,300,400,8,35,12.211174149
speedup,rastrigin,300,400,8,36,11.1061036948
speedup,rastrigin,300,400,8,37,11.1061036948
speedup,rastrigin,300,400,8,38,11.1061036948
speedup,rastrigin,300,400,8,39,11.0530203751
speedup,rastrigin,300,400,8,40,9.76105685338
speedup,rastrigin,300,400,8,41,9.76105685338
speedup,rastrigin,300,400,8,42,9.76105685338
speedup,rastrigin,300,400,8,43,9.52792141323
speedup,rastrigin,300,400,8,44,9.52792141323
speedup,rastrigin,300,400,8,45,8.97547822665
speedup,rastrigin,300,400,8,46,8.78274726596
speedup,rastrigin,300,400,8,47,7.73418570096
speedup,rastrigin,300,400,8,48,7.73418570096
speedup,rastrigin,300,400,8,49,7.73418570096
speedup,rastrigin,300,400,8,50,6.80134026647
speedup,rastrigin,300,400,8,51,6.80134026647
speedup,rastrigin,300,400,8,52,6.80134026647
speedup,rastrigin,300,400,8,53,6.05583205239
speedup,rastrigin,300,400,8,54,6.05583205239
speedup,rastrigin,300,400,8,55,6.05583205239
speedup,rastrigin,300,400,8,56,5.8219721751
speedup,rastrigin,300,400,8,57,5.8219721751
speedup,rastrigin,300,400,8,58,5.8219721751
speedup,rastrigin,300,400,8,59,5.8219721751
speedup,rastrigin,300,400,8,60,5.71348247212
speedup,rastrigin,300,400,8,61,5.71348247212
speedup,rastrigin,300,400,8,62,5.71348247212
speedup,rastrigin,300,400,8,63,5.25176731535
speedup,rastrigin,300,400,8,64,5.25176731535
speedup,rastrigin,300,400,8,65,5.25176731535
speedup,rastrigin,300,400,8,66,4.73444435891
speedup,rastrigin,300,400,8,67,4.33864136868
speedup,rastrigin,300,400,8,68,4.33864136868
speedup,rastrigin,300,400,8,69,4.33864136868
speedup,rastrigin,300,400,8,70,4.33864136868
speedup,rastrigin,300,400,8,71,4.33864136868
speedup,rastrigin,300,400,8,72,4.33864136868
speedup,rastrigin,300,400,8,73,4.33864136868
speedup,rastrigin,300,400,8,74,4.33864136868
speedup,rastrigin,300,400,8,75,4.33864136868
speedup,rastrigin,300,400,8,76,4.33864136868
speedup,rastrigin,300,400,8,77,4.33864136868
speedup,rastrigin,300,400,8,78,4.33864136868
speedup,rastrigin,300,400,8,79,4.33864136868
speedup,rastrigin,300,400,8,80,4.33864136868
speedup,rastrigin,300,400,8,81,4.33864136868
speedup,rastrigin,300,400,8,82,4.33864136868
speedup,rastrigin,300,400,8,83,4.33864136868
speedup,rastrigin,300,400,8,84,4.33864136868
speedup,rastrigin,300,400,8,85,4.33864136868
speedup,rastrigin,300,400,8,86,4.33864136868
speedup,rastrigin,300,400,8,87,4.23344321346
speedup,rastrigin,300,400,8,88,4.23344321346
speedup,rastrigin,300,400,8,89,4.23344321346
speedup,rastrigin,300,400,8,90,4.23344321346
speedup,rastrigin,300,400,8,91,4.23344321346
speedup,rastrigin,300,400,8,92,4.23344321346
speedup,rastrigin,300,400,8,93,4.13744617584
speedup,rastrigin,300,400,8,94,4.13744617584
speedup,rastrigin,300,400,8,95,4.13744617584
speedup,rastrigin,300,400,8,96,4.13744617584
speedup,rastrigin,300,400,8,97,4.13744617584
speedup,rastrigin,300,400,8,98,4.13744617584
speedup,rastrigin,300,400,8,99,4.13744617584
speedup,rastrigin,300,400,8,100,4.13744617584
speedup,rastrigin,300,400,8,101,4.13744617584
speedup,rastrigin,300,400,8,102,4.13744617584
speedup,rastrigin,300,400,8,103,4.13744617584
speedup,rastrigin,300,400,8,104,4.13744617584
speedup,rastrigin,300,400,8,105,4.13744617584
speedup,rastrigin,300,400,8,106,4.13744617584
speedup,rastrigin,300,400,8,107,4.13744617584
speedup,rastrigin,300,400,8,108,4.13744617584
speedup,rastrigin,300,400,8,109,4.13744617584
speedup,rastrigin,300,400,8,110,4.13744617584
speedup,rastrigin,300,400,8,111,4.13744617584
speedup,rastrigin,300,400,8,112,4.13744617584
speedup,rastrigin,300,400,8,113,4.13744617584
speedup,rastrigin,300,400,8,114,4.13744617584
speedup,rastrigin,300,400,8,115,4.13744617584
speedup,rastrigin,300,400,8,116,4.13744617584
speedup,rastrigin,300,400,8,117,4.13744617584
speedup,rastrigin,300,400,8,118,4.13744617584
speedup,rastrigin,300,400,8,119,4.13744617584
speedup,rastrigin,300,400,8,120,4.13744617584
speedup,rastrigin,300,400,8,121,4.13744617584
speedup,rastrigin,300,400,8,122,4.13744617584
speedup,rastrigin,300,400,8,123,4.13744617584
speedup,rastrigin,300,400,8,124,4.13744617584
speedup,rastrigin,300,400,8,125,4.13744617584
speedup,rastrigin,300,400,8,126,4.13744617584
speedup,rastrigin,300,400,8,127,4.13744617584
speedup,rastrigin,300,400,8,128,4.13744617584
speedup,rastrigin,300,400,8,129,4.13744617584
speedup,rastrigin,300,400,8,130,4.13744617584
speedup,rastrigin,300,400,8,131,4.13744617584
speedup,rastrigin,300,400,8,132,4.13744617584
speedup,rastrigin,300,400,8,133,4.13744617584
speedup,rastrigin,300,400,8,134,4.13744617584
speedup,rastrigin,300,400,8,135,4.13744617584
speedup,rastrigin,300,400,8,136,4.13744617584
speedup,rastrigin,300,400,8,137,3.94405502871
speedup,rastrigin,300,400,8,138,3.94405502871
speedup,rastrigin,300,400,8,139,3.94405502871
speedup,rastrigin,300,400,8,140,3.84200274798
speedup,rastrigin,300,400,8,141,3.84200274798
speedup,rastrigin,300,400,8,142,3.67848994063
speedup,rastrigin,300,400,8,143,3.02635585347
speedup,rastrigin,300,400,8,144,3.02635585347
speedup,rastrigin,300,400,8,145,3.02635585347
speedup,rastrigin,300,400,8,146,3.02635585347
speedup,rastrigin,300,400,8,147,3.02635585347
speedup,rastrigin,300,400,8,148,3.02635585347
speedup,rastrigin,300,400,8,149,3.02635585347
speedup,rastrigin,300,400,8,150,3.02635585347
speedup,rastrigin,300,400,8,151,3.02635585347
speedup,rastrigin,300,400,8,152,3.02635585347
speedup,rastrigin,300,400,8,153,3.02635585347
speedup,rastrigin,300,400,8,154,2.89158499825
speedup,rastrigin,300,400,8,155,2.89158499825
speedup,rastrigin,300,400,8,156,2.89158499825
speedup,rastrigin,300,400,8,157,2.78468638599
speedup,rastrigin,300,400,8,158,2.71965898771
speedup,rastrigin,300,400,8,159,2.71965898771
speedup,rastrigin,300,400,8,160,2.71965898771
speedup,rastrigin,300,400,8,161,2.71965898771
speedup,rastrigin,300,400,8,162,2.61350394061
speedup,rastrigin,300,400,8,163,2.56865030564
speedup,rastrigin,300,400,8,164,2.56865030564
speedup,rastrigin,300,400,8,165,2.56865030564
speedup,rastrigin,300,400,8,166,2.56865030564
speedup,rastrigin,300,400,8,167,2.56865030564
speedup,rastrigin,300,400,8,168,2.56865030564
speedup,rastrigin,300,400,8,169,2.56865030564
speedup,rastrigin,300,400,8,170,2.56865030564
speedup,rastrigin,300,400,8,171,2.56865030564
speedup,rastrigin,300,400,8,172,2.56865030564
speedup,rastrigin,300,400,8,173,2.56865030564
speedup,rastrigin,300,400,8,174,2.56865030564
speedup,rastrigin,300,400,8,175,2.44761122855
speedup,rastrigin,300,400,8,176,2.37566359348
speedup,rastrigin,300,400,8,177,2.37566359348
speedup,rastrigin,300,400,8,178,2.37566359348
speedup,rastrigin,300,400,8,179,2.37566359348
speedup,rastrigin,300,400,8,180,2.37566359348
speedup,rastrigin,300,400,8,181,2.37566359348
speedup,rastrigin,300,400,8,182,2.37566359348
speedup,rastrigin,300,400,8,183,2.37566359348
speedup,rastrigin,300,400,8,184,2.37566359348
speedup,rastrigin,300,400,8,185,2.37566359348
speedup,rastrigin,300,400,8,186,2.37566359348
speedup,rastrigin,300,400,8,187,2.37566359348
speedup,rastrigin,300,400,8,188,2.37566359348
speedup,rastrigin,300,400,8,189,2.37566359348
speedup,rastrigin,300,400,8,190,2.37566359348
speedup,rastrigin,300,400,8,191,2.37566359348
speedup,rastrigin,300,400,8,192,2.37566359348
speedup,rastrigin,300,400,8,193,2.37566359348
speedup,rastrigin,300,400,8,194,2.37566359348
speedup,rastrigin,300,400,8,195,2.37566359348
speedup,rastrigin,300,400,8,196,2.37566359348
speedup,rastrigin,300,400,8,197,2.37566359348
speedup,rastrigin,300,400,8,198,2.37566359348
speedup,rastrigin,300,400,8,199,2.37566359348
speedup,rastrigin,300,400,8,200,2.37566359348
speedup,rastrigin,300,400,8,201,2.37566359348
speedup,rastrigin,300,400,8,202,2.37566359348
speedup,rastrigin,300,400,8,203,2.37566359348
speedup,rastrigin,300,400,8,204,2.37566359348
speedup,rastrigin,300,400,8,205,2.37566359348
speedup,rastrigin,300,400,8,206,2.37566359348
speedup,rastrigin,300,400,8,207,2.37566359348
speedup,rastrigin,300,400,8,208,2.37566359348
speedup,rastrigin,300,400,8,209,2.37566359348
speedup,rastrigin,300,400,8,210,2.37566359348
speedup,rastrigin,300,400,8,211,2.37566359348
speedup,rastrigin,300,400,8,212,2.37566359348
speedup,rastrigin,300,400,8,213,2.37566359348
speedup,rastrigin,300,400,8,214,2.37566359348
speedup,rastrigin,300,400,8,215,2.37566359348
speedup,rastrigin,300,400,8,216,2.37566359348
speedup,rastrigin,300,400,8,217,2.37566359348
speedup,rastrigin,300,400,8,218,2.37566359348
speedup,rastrigin,300,400,8,219,2.37566359348
speedup,rastrigin,300,400,8,220,2.37566359348
speedup,rastrigin,300,400,8,221,2.37566359348
speedup,rastrigin,300,400,8,222,2.37566359348
speedup,rastrigin,300,400,8,223,2.37566359348
speedup,rastrigin,300,400,8,224,2.37566359348
speedup,rastrigin,300,400,8,225,2.37566359348
speedup,rastrigin,300,400,8,226,2.36192335085
speedup,rastrigin,300,400,8,227,2.36192335085
speedup,rastrigin,300,400,8,228,2.36192335085
speedup,rastrigin,300,400,8,229,2.36192335085
speedup,rastrigin,300,400,8,230,2.36192335085
speedup,rastrigin,300,400,8,231,2.36192335085
speedup,rastrigin,300,400,8,232,2.36192335085
speedup,rastrigin,300,400,8,233,2.36192335085
speedup,rastrigin,300,400,8,234,2.36192335085
speedup,rastrigin,300,400,8,235,2.36192335085
speedup,rastrigin,300,400,8,236,2.36192335085
speedup,rastrigin,300,400,8,237,2.36192335085
speedup,rastrigin,300,400,8,238,2.36192335085
speedup,rastrigin,300,400,8,239,2.36192335085
speedup,rastrigin,300,400,8,240,2.36192335085
speedup,rastrigin,300,400,8,241,2.36192335085
speedup,rastrigin,300,400,8,242,2.36192335085
speedup,rastrigin,300,400,8,243,2.36192335085
speedup,rastrigin,300,400,8,244,2.36192335085
speedup,rastrigin,300,400,8,245,2.36192335085
speedup,rastrigin,300,400,8,246,2.36192335085
speedup,rastrigin,300,400,8,247,2.36192335085
speedup,rastrigin,300,400,8,248,2.36192335085
speedup,rastrigin,300,400,8,249,2.36192335085
speedup,rastrigin,300,400,8,250,2.36192335085
speedup,rastrigin,300,400,8,251,2.36192335085
speedup,rastrigin,300,400,8,252,2.36192335085
speedup,rastrigin,300,400,8,253,2.36192335085
speedup,rastrigin,300,400,8,254,2.36192335085
speedup,rastrigin,300,400,8,255,2.36192335085
speedup,rastrigin,300,400,8,256,2.36192335085
speedup,rastrigin,300,400,8,257,2.36192335085
speedup,rastrigin,300,400,8,258,2.36192335085
speedup,rastrigin,300,400,8,259,2.36192335085
speedup,rastrigin,300,400,8,260,2.36192335085
speedup,rastrigin,300,400,8,261,2.36192335085
speedup,rastrigin,300,400,8,262,2.36192335085
speedup,rastrigin,300,400,8,263,2.36192335085
speedup,rastrigin,300,400,8,264,2.36192335085
speedup,rastrigin,300,400,8,265,2.36192335085
speedup,rastrigin,300,400,8,266,2.36192335085
speedup,rastrigin,300,400,8,267,2.36192335085
speedup,rastrigin,300,400,8,268,2.36192335085
speedup,rastrigin,300,400,8,269,2.36192335085
speedup,rastrigin,300,400,8,270,2.36192335085
speedup,rastrigin,300,400,8,271,2.36192335085
speedup,rastrigin,300,400,8,272,2.36192335085
speedup,rastrigin,300,400,8,273,2.36192335085
speedup,rastrigin,300,400,8,274,2.36192335085
speedup,rastrigin,300,400,8,275,2.36192335085
speedup,rastrigin,300,400,8,276,2.36192335085
speedup,rastrigin,300,400,8,277,2.36192335085
speedup,rastrigin,300,400,8,278,2.36192335085
speedup,rastrigin,300,400,8,279,2.36192335085
speedup,rastrigin,300,400,8,280,2.36192335085
speedup,rastrigin,300,400,8,281,2.36192335085
speedup,rastrigin,300,400,8,282,2.36192335085
speedup,rastrigin,300,400,8,283,2.36192335085
speedup,rastrigin,300,400,8,284,2.36192335085
speedup,rastrigin,300,400,8,285,2.36192335085
speedup,rastrigin,300,400,8,286,2.36192335085
speedup,rastrigin,300,400,8,287,2.36192335085
speedup,rastrigin,300,400,8,288,2.36192335085
speedup,rastrigin,300,400,8,289,2.36192335085
speedup,rastrigin,300,400,8,290,2.36192335085
speedup,rastrigin,300,400,8,291,2.36192335085
speedup,rastrigin,300,400,8,292,2.36192335085
speedup,rastrigin,300,400,8,293,2.36192335085
speedup,rastrigin,300,400,8,294,2.36192335085
speedup,rastrigin,300,400,8,295,2.36192335085
speedup,rastrigin,300,400,8,296,2.36192335085
speedup,rastrigin,300,400,8,297,2.36192335085
speedup,rastrigin,300,400,8,298,2.36192335085
speedup,rastrigin,300,400,8,299,2.36192335085
speedup,rastrigin,300,400,8,300,2.36192335085
speedup,rastrigin,300,400,8,301,2.36192335085
speedup,rastrigin,300,400,8,302,2.36192335085
speedup,rastrigin,300,400,8,303,2.36192335085
speedup,rastrigin,300,400,8,304,2.36192335085
speedup,rastrigin,300,400,8,305,2.36192335085
speedup,rastrigin,300,400,8,306,2.36192335085
speedup,rastrigin,300,400,8,307,2.36192335085
speedup,rastrigin,300,400,8,308,2.36192335085
speedup,rastrigin,300,400,8,309,2.36192335085
speedup,rastrigin,300,400,8,310,2.36192335085
speedup,rastrigin,300,400,8,311,2.36192335085
speedup,rastrigin,300,400,8,312,2.36192335085
speedup,rastrigin,300,400,8,313,2.36192335085
speedup,rastrigin,300,400,8,314,2.36192335085
speedup,rastrigin,300,400,8,315,2.36192335085
speedup,rastrigin,300,400,8,316,2.36192335085
speedup,rastrigin,300,400,8,317,2.36192335085
speedup,rastrigin,300,400,8,318,2.36192335085
speedup,rastrigin,300,400,8,319,2.36192335085
speedup,rastrigin,300,400,8,320,2.36192335085
speedup,rastrigin,300,400,8,321,2.36192335085
speedup,rastrigin,300,400,8,322,2.36192335085
speedup,rastrigin,300,400,8,323,2.36192335085
speedup,rastrigin,300,400,8,324,1.78666422575
speedup,rastrigin,300,400,8,325,1.78666422575
speedup,rastrigin,300,400,8,326,1.78666422575
speedup,rastrigin,300,400,8,327,1.78666422575
speedup,rastrigin,300,400,8,328,1.78666422575
speedup,rastrigin,300,400,8,329,1.78666422575
speedup,rastrigin,300,400,8,330,1.78666422575
speedup,rastrigin,300,400,8,331,1.78666422575
speedup,rastrigin,300,400,8,332,1.78666422575
speedup,rastrigin,300,400,8,333,1.78666422575
speedup,rastrigin,300,400,8,334,1.72437489543
speedup,rastrigin,300,400,8,335,1.72437489543
speedup,rastrigin,300,400,8,336,1.72437489543
speedup,rastrigin,300,400,8,337,1.72437489543
speedup,rastrigin,300,400,8,338,1.72437489543
speedup,rastrigin,300,400,8,339,1.72437489543
speedup,rastrigin,300,400,8,340,1.6841168787
speedup,rastrigin,300,400,8,341,1.6841168787
speedup,rastrigin,300,400,8,342,1.6841168787
speedup,rastrigin,300,400,8,343,1.6841168787
speedup,rastrigin,300,400,8,344,1.6841168787
speedup,rastrigin,300,400,8,345,1.6841168787
speedup,rastrigin,300,400,8,346,1.6841168787
speedup,rastrigin,300,400,8,347,1.6841168787
speedup,rastrigin,300,400,8,348,1.6841168787
speedup,rastrigin,300,400,8,349,1.6841168787
speedup,rastrigin,300,400,8,350,1.6841168787
speedup,rastrigin,300,400,8,351,1.6841168787
speedup,rastrigin,300,400,8,352,1.6841168787
speedup,rastrigin,300,400,8,353,1.6841168787
speedup,rastrigin,300,400,8,354,1.6841168787
speedup,rastrigin,300,400,8,355,1.6841168787
speedup,rastrigin,300,400,8,356,1.6841168787
speedup,rastrigin,300,400,8,357,1.63363303764
speedup,rastrigin,300,400,8,358,1.63363303764
speedup,rastrigin,300,400,8,359,1.63363303764
speedup,rastrigin,300,400,8,360,1.63363303764
speedup,rastrigin,300,400,8,361,1.63363303764
speedup,rastrigin,300,400,8,362,1.54820995218
speedup,rastrigin,300,400,8,363,1.54820995218
speedup,rastrigin,300,400,8,364,1.54820995218
speedup,rastrigin,300,400,8,365,1.54820995218
speedup,rastrigin,300,400,8,366,1.54820995218
speedup,rastrigin,300,400,8,367,1.54820995218
speedup,rastrigin,300,400,8,368,1.54820995218
speedup,rastrigin,300,400,8,369,1.54820995218
speedup,rastrigin,300,400,8,370,1.54820995218
speedup,rastrigin,300,400,8,371,1.54820995218
speedup,rastrigin,300,400,8,372,1.54820995218
speedup,rastrigin,300,400,8,373,1.54820995218
speedup,rastrigin,300,400,8,374,1.54820995218
speedup,rastrigin,300,400,8,375,1.54820995218
speedup,rastrigin,300,400,8,376,1.54820995218
speedup,rastrigin,300,400,8,377,1.54820995218
speedup,rastrigin,300,400,8,378,1.54820995218
speedup,rastrigin,300,400,8,379,1.54820995218
speedup,rastrigin,300,400,8,380,1.54820995218
speedup,rastrigin,300,400,8,381,1.54820995218
speedup,rastrigin,300,400,8,382,1.54820995218
speedup,rastrigin,300,400,8,383,1.54820995218
speedup,rastrigin,300,400,8,384,1.54820995218
speedup,rastrigin,300,400,8,385,1.5314507444
speedup,rastrigin,300,400,8,386,1.5314507444
speedup,rastrigin,300,400,8,387,1.5314507444
speedup,rastrigin,300,400,8,388,1.5314507444
speedup,rastrigin,300,400,8,389,1.5314507444
speedup,rastrigin,300,400,8,390,1.5314507444
speedup,rastrigin,300,400,8,391,1.5314507444
speedup,rastrigin,300,400,8,392,1.5314507444
speedup,rastrigin,300,400,8,393,1.5314507444
speedup,rastrigin,300,400,8,394,1.5314507444
speedup,rastrigin,300,400,8,395,1.5314507444
speedup,rastrigin,300,400,8,396,1.5314507444
speedup,rastrigin,300,400,8,397,1.5314507444
speedup,rastrigin,300,400,8,398,1.5314507444
speedup,rastrigin,300,400,8,399,1.5314507444
speedup,rastrigin,300,400,8,400,1.5314507444
speedup,rastrigin,300,400,8,0,239.940588018
speedup,rastrigin,300,400,8,1,195.402867672
speedup,rastrigin,300,400,8,2,145.417302838
speedup,rastrigin,300,400,8,3,142.296130805
speedup,rastrigin,300,400,8,4,137.988481816
speedup,rastrigin,300,400,8,5,130.119124692
speedup,rastrigin,300,400,8,6,121.116840929
speedup,rastrigin,300,400,8,7,121.116840929
speedup,rastrigin,300,400,8,8,119.265294917
speedup,rastrigin,300,400,8,9,98.745238277
speedup,rastrigin,300,400,8,10,98.745238277
speedup,rastrigin,300,400,8,11,92.5559109297
speedup,rastrigin,300,400,8,12,82.6163732155
speedup,rastrigin,300,400,8,13,82.6163732155
speedup,rastrigin,300,400,8,14,74.7235275578
speedup,rastrigin,300,400,8,15,69.8719308673
speedup,rastrigin,300,400,8,16,55.8501313992
speedup,rastrigin,300,400,8,17,55.8501313992
speedup,rastrigin,300,400,8,18,48.5472837496
speedup,rastrigin,300,400,8,19,48.5472837496
speedup,rastrigin,300,400,8,20,41.8101265691
speedup,rastrigin,300,400,8,21,35.1644085245
speedup,rastrigin,300,400,8,22,35.1644085245
speedup,rastrigin,300,400,8,23,33.7280622618
speedup,rastrigin,300,400,8,24,25.2169710662
speedup,rastrigin,300,400,8,25,24.1184088543
speedup,rastrigin,300,400,8,26,24.1184088543
speedup,rastrigin,300,400,8,27,16.1233534895
speedup,rastrigin,300,400,8,28,16.1233534895
speedup,rastrigin,300,400,8,29,15.89278893
speedup,rastrigin,300,400,8,30,13.0039758703
speedup,rastrigin,300,400,8,31,12.8328901491
speedup,rastrigin,300,400,8,32,12.8328901491
speedup,rastrigin,300,400,8,33,12.8328901491
speedup,rastrigin,300,400,8,34,12.1205071002
speedup,rastrigin,300,400,8,35,10.8627586695
speedup,rastrigin,300,400,8,36,9.62631292949
speedup,rastrigin,300,400,8,37,8.50905633904
speedup,rastrigin,300,400,8,38,7.47736911729
speedup,rastrigin,300,400,8,39,7.47736911729
speedup,rastrigin,300,400,8,40,7.41446059122
speedup,rastrigin,300,400,8,41,7.41446059122
speedup,rastrigin,300,400,8,42,6.63312438819
speedup,rastrigin,300,400,8,43,6.63312438819
speedup,rastrigin,300,400,8,44,6.63312438819
speedup,rastrigin,300,400,8,45,6.63312438819
speedup,rastrigin,300,400,8,46,6.63312438819
speedup,rastrigin,300,400,8,47,6.39335240481
speedup,rastrigin,300,400,8,48,6.39335240481
speedup,rastrigin,300,400,8,49,6.39335240481
speedup,rastrigin,300,400,8,50,6.39335240481
speedup,rastrigin,300,400,8,51,6.39335240481
speedup,rastrigin,300,400,8,52,6.39335240481
speedup,rastrigin,300,400,8,53,5.91750658658
speedup,rastrigin,300,400,8,54,5.91750658658
speedup,rastrigin,300,400,8,55,5.64548025721
speedup,rastrigin,300,400,8,56,5.64548025721
speedup,rastrigin,300,400,8,57,5.64548025721
speedup,rastrigin,300,400,8,58,5.64548025721
speedup,rastrigin,300,400,8,59,5.64548025721
speedup,rastrigin,300,400,8,60,5.64548025721
speedup,rastrigin,300,400,8,61,5.59109001593
speedup,rastrigin,300,400,8,62,5.18958552274
speedup,rastrigin,300,400,8,63,4.85737640688
speedup,rastrigin,300,400,8,64,4.85737640688
speedup,rastrigin,300,400,8,65,4.83770700611
speedup,rastrigin,300,400,8,66,4.72132270062
speedup,rastrigin,300,400,8,67,4.72132270062
speedup,rastrigin,300,400,8,68,3.82669957029
speedup,rastrigin,300,400,8,69,3.82669957029
speedup,rastrigin,300,400,8,70,3.82669957029
speedup,rastrigin,300,400,8,71,3.82669957029
speedup,rastrigin,300,400,8,72,3.82669957029
speedup,rastrigin,300,400,8,73,3.82669957029
speedup,rastrigin,300,400,8,74,3.82669957029
speedup,rastrigin,300,400,8,75,3.82669957029
speedup,rastrigin,300,400,8,76,3.82669957029
speedup,rastrigin,300,400,8,77,3.82669957029
speedup,rastrigin,300,400,8,78,3.82669957029
speedup,rastrigin,300,400,8,79,3.82669957029
speedup,rastrigin,300,400,8,80,3.82669957029
speedup,rastrigin,300,400,8,81,3.82669957029
speedup,rastrigin,300,400,8,82,3.82669957029
speedup,rastrigin,300,400,8,83,3.82669957029
speedup,rastrigin,300,400,8,84,3.82669957029
speedup,rastrigin,300,400,8,85,3.82669957029
speedup,rastrigin,300,400,8,86,3.82669957029
speedup,rastrigin,300,400,8,87,3.82669957029
speedup,rastrigin,300,400,8,88,3.82669957029
speedup,rastrigin,300,400,8,89,3.82669957029
speedup,rastrigin,300,400,8,90,3.82669957029
speedup,rastrigin,300,400,8,91,3.82669957029
speedup,rastrigin,300,400,8,92,3.82669957029
speedup,rastrigin,300,400,8,93,3.82669957029
speedup,rastrigin,300,400,8,94,3.54058157241
speedup,rastrigin,300,400,8,95,3.54058157241
speedup,rastrigin,300,400,8,96,3.54058157241
speedup,rastrigin,300,400,8,97,3.54058157241
speedup,rastrigin,300,400,8,98,3.54058157241
speedup,rastrigin,300,400,8,99,3.54058157241
speedup,rastrigin,300,400,8,100,3.54058157241
speedup,rastrigin,300,400,8,101,3.54058157241
speedup,rastrigin,300,400,8,102,3.54058157241
speedup,rastrigin,300,400,8,103,3.54058157241
speedup,rastrigin,300,400,8,104,3.54058157241
speedup,rastrigin,300,400,8,105,3.54058157241
speedup,rastrigin,300,400,8,106,3.54058157241
speedup,rastrigin,300,400,8,107,3.54058157241
speedup,rastrigin,300,400,8,108,3.54058157241
speedup,rastrigin,300,400,8,109,3.54058157241
speedup,rastrigin,300,400,8,110,3.54058157241
speedup,rastrigin,300,400,8,111,3.54058157241
speedup,rastrigin,300,400,8,112,3.54058157241
speedup,rastrigin,300,400,8,113,3.54058157241
speedup,rastrigin,300,400,8,114,3.54058157241
speedup,rastrigin,300,400,8,115,3.54058157241
speedup,rastrigin,300,400,8,116,3.54058157241
speedup,rastrigin,300,400,8,117,3.54058157241
speedup,rastrigin,300,400,8,118,3.54058157241
speedup,rastrigin,300,400,8,119,3.54058157241
speedup,rastrigin,300,400,8,120,3.54058157241
speedup,rastrigin,300,400,8,121,3.54058157241
speedup,rastrigin,300,400,8,122,3.54058157241
speedup,rastrigin,300,400,8,123,3.54058157241
speedup,rastrigin,300,400,8,124,3.54058157241
speedup,rastrigin,300,400,8,125,3.54058157241
speedup,rastrigin,300,400,8,126,3.47938364407
speedup,rastrigin,300,400,8,127,3.47938364407
speedup,rastrigin,300,400,8,128,3.47938364407
speedup,rastrigin,300,400,8,129,3.47938364407
speedup,rastrigin,300,400,8,130,3.47938364407
speedup,rastrigin,300,400,8,131,3.47938364407
speedup,rastrigin,300,400,8,132,3.45260101459
speedup,rastrigin,300,400,8,133,2.99140376401
speedup,rastrigin,300,400,8,134,2.99140376401
speedup,rastrigin,300,400,8,135,2.76968751927
speedup,rastrigin,300,400,8,136,2.76968751927
speedup,rastrigin,300,400,8,137,2.76968751927
speedup,rastrigin,300,400,8,138,2.76968751927
speedup,rastrigin,300,400,8,139,2.76968751927
speedup,rastrigin,300,400,8,140,2.76968751927
speedup,rastrigin,300,400,8,141,2.76968751927
speedup,rastrigin,300,400,8,142,2.76968751927
speedup,rastrigin,300,400,8,143,2.76968751927
speedup,rastrigin,300,400,8,144,2.76968751927
speedup,rastrigin,300,400,8,145,2.76968751927
speedup,rastrigin,300,400,8,146,2.76968751927
speedup,rastrigin,300,400,8,147,2.76968751927
speedup,rastrigin,300,400,8,148,2.7666553662
speedup,rastrigin,300,400,8,149,2.7666553662
speedup,rastrigin,300,400,8,150,2.7666553662
speedup,rastrigin,300,400,8,151,2.7666553662
speedup,rastrigin,300,400,8,152,2.7666553662
speedup,rastrigin,300,400,8,153,2.7666553662
speedup,rastrigin,300,400,8,154,2.7666553662
speedup,rastrigin,300,400,8,155,2.7666553662
speedup,rastrigin,300,400,8,156,2.68057166156
speedup,rastrigin,300,400,8,157,2.68057166156
speedup,rastrigin,300,400,8,158,2.68057166156
speedup,rastrigin,300,400,8,159,2.68057166156
speedup,rastrigin,300,400,8,160,2.68057166156
speedup,rastrigin,300,400,8,161,2.68057166156
speedup,rastrigin,300,400,8,162,2.68057166156
speedup,rastrigin,300,400,8,163,2.68057166156
speedup,rastrigin,300,400,8,164,2.68057166156
speedup,rastrigin,300,400,8,165,2.68057166156
speedup,rastrigin,300,400,8,166,2.68057166156
speedup,rastrigin,300,400,8,167,2.68057166156
speedup,rastrigin,300,400,8,168,2.68057166156
speedup,rastrigin,300,400,8,169,2.68057166156
speedup,rastrigin,300,400,8,170,2.66479164681
speedup,rastrigin,300,400,8,171,2.66479164681
speedup,rastrigin,300,400,8,172,2.66479164681
speedup,rastrigin,300,400,8,173,2.66479164681
speedup,rastrigin,300,400,8,174,2.66479164681
speedup,rastrigin,300,400,8,175,2.66479164681
speedup,rastrigin,300,400,8,176,2.66479164681
speedup,rastrigin,300,400,8,177,2.66479164681
speedup,rastrigin,300,400,8,178,2.66479164681
speedup,rastrigin,300,400,8,179,2.66479164681
speedup,rastrigin,300,400,8,180,2.66479164681
speedup,rastrigin,300,400,8,181,2.45217229156
speedup,rastrigin,300,400,8,182,2.45217229156
speedup,rastrigin,300,400,8,183,2.45217229156
speedup,rastrigin,300,400,8,184,2.45217229156
speedup,rastrigin,300,400,8,185,2.38463481391
speedup,rastrigin,300,400,8,186,2.38463481391
speedup,rastrigin,300,400,8,187,2.38463481391
speedup,rastrigin,300,400,8,188,2.38463481391
speedup,rastrigin,300,400,8,189,2.38463481391
speedup,rastrigin,300,400,8,190,2.38463481391
speedup,rastrigin,300,400,8,191,2.38463481391
speedup,rastrigin,300,400,8,192,2.38463481391
speedup,rastrigin,300,400,8,193,2.38463481391
speedup,rastrigin,300,400,8,194,2.38463481391
speedup,rastrigin,300,400,8,195,2.38463481391
speedup,rastrigin,300,400,8,196,2.38463481391
speedup,rastrigin,300,400,8,197,2.38463481391
speedup,rastrigin,300,400,8,198,2.38463481391
speedup,rastrigin,300,400,8,199,2.38463481391
speedup,rastrigin,300,400,8,200,2.38463481391
speedup,rastrigin,300,400,8,201,2.38463481391
speedup,rastrigin,300,400,8,202,2.37887306975
speedup,rastrigin,300,400,8,203,2.37887306975
speedup,rastrigin,300,400,8,204,2.37887306975
speedup,rastrigin,300,400,8,205,2.37887306975
speedup,rastrigin,300,400,8,206,2.37887306975
speedup,rastrigin,300,400,8,207,2.37887306975
speedup,rastrigin,300,400,8,208,2.37887306975
speedup,rastrigin,300,400,8,209,2.37887306975
speedup,rastrigin,300,400,8,210,2.37887306975
speedup,rastrigin,300,400,8,211,2.37887306975
speedup,rastrigin,300,400,8,212,2.26580047899
speedup,rastrigin,300,400,8,213,2.26580047899
speedup,rastrigin,300,400,8,214,2.25314863332
speedup,rastrigin,300,400,8,215,2.25236169679
speedup,rastrigin,300,400,8,216,2.25236169679
speedup,rastrigin,300,400,8,217,2.25236169679
speedup,rastrigin,300,400,8,218,2.25236169679
speedup,rastrigin,300,400,8,219,2.23911354502
speedup,rastrigin,300,400,8,220,2.23911354502
speedup,rastrigin,300,400,8,221,2.23499086193
speedup,rastrigin,300,400,8,222,2.23499086193
speedup,rastrigin,300,400,8,223,2.23499086193
speedup,rastrigin,300,400,8,224,2.23499086193
speedup,rastrigin,300,400,8,225,2.23499086193
speedup,rastrigin,300,400,8,226,2.23499086193
speedup,rastrigin,300,400,8,227,2.23499086193
speedup,rastrigin,300,400,8,228,2.23499086193
speedup,rastrigin,300,400,8,229,2.23499086193
speedup,rastrigin,300,400,8,230,2.23499086193
speedup,rastrigin,300,400,8,231,2.23499086193
speedup,rastrigin,300,400,8,232,2.23499086193
speedup,rastrigin,300,400,8,233,2.23499086193
speedup,rastrigin,300,400,8,234,2.23499086193
speedup,rastrigin,300,400,8,235,2.23499086193
speedup,rastrigin,300,400,8,236,2.23499086193
speedup,rastrigin,300,400,8,237,2.23499086193
speedup,rastrigin,300,400,8,238,2.23499086193
speedup,rastrigin,300,400,8,239,2.23499086193
speedup,rastrigin,300,400,8,240,2.23499086193
speedup,rastrigin,300,400,8,241,2.23499086193
speedup,rastrigin,300,400,8,242,2.23499086193
speedup,rastrigin,300,400,8,243,2.23499086193
speedup,rastrigin,300,400,8,244,2.23499086193
speedup,rastrigin,300,400,8,245,2.23499086193
speedup,rastrigin,300,400,8,246,2.23499086193
speedup,rastrigin,300,400,8,247,2.23499086193
speedup,rastrigin,300,400,8,248,2.23499086193
speedup,rastrigin,300,400,8,249,2.23499086193
speedup,rastrigin,300,400,8,250,2.23499086193
speedup,rastrigin,300,400,8,251,2.23499086193
speedup,rastrigin,300,400,8,252,2.23499086193
speedup,rastrigin,300,400,8,253,2.23499086193
speedup,rastrigin,300,400,8,254,2.23240745887
speedup,rastrigin,300,400,8,255,2.23240745887
speedup,rastrigin,300,400,8,256,2.23240745887
speedup,rastrigin,300,400,8,257,2.23240745887
speedup,rastrigin,300,400,8,258,2.23240745887
speedup,rastrigin,300,400,8,259,1.6076538406
speedup,rastrigin,300,400,8,260,1.6076538406
speedup,rastrigin,300,400,8,261,1.6076538406
speedup,rastrigin,300,400,8,262,1.6076538406
speedup,rastrigin,300,400,8,263,1.6076538406
speedup,rastrigin,300,400,8,264,1.6076538406
speedup,rastrigin,300,400,8,265,1.6076538406
speedup,rastrigin,300,400,8,266,1.6076538406
speedup,rastrigin,300,400,8,267,1.6076538406
speedup,rastrigin,300,400,8,268,1.6076538406
speedup,rastrigin,300,400,8,269,1.6076538406
speedup,rastrigin,300,400,8,270,1.6076538406
speedup,rastrigin,300,400,8,271,1.6076538406
speedup,rastrigin,300,400,8,272,1.6076538406
speedup,rastrigin,300,400,8,273,1.6076538406
speedup,rastrigin,300,400,8,274,1.6076538406
speedup,rastrigin,300,400,8,275,1.6076538406
speedup,rastrigin,300,400,8,276,1.6076538406
speedup,rastrigin,300,400,8,277,1.6076538406
speedup,rastrigin,300,400,8,278,1.6076538406
speedup,rastrigin,300,400,8,279,1.6076538406
speedup,rastrigin,300,400,8,280,1.6076538406
speedup,rastrigin,300,400,8,281,1.6076538406
speedup,rastrigin,300,400,8,282,1.6076538406
speedup,rastrigin,300,400,8,283,1.6076538406
speedup,rastrigin,300,400,8,284,1.6076538406
speedup,rastrigin,300,400,8,285,1.6076538406
speedup,rastrigin,300,400,8,286,1.6076538406
speedup,rastrigin,300,400,8,287,1.6076538406
speedup,rastrigin,300,400,8,288,1.6076538406
speedup,rastrigin,300,400,8,289,1.6076538406
speedup,rastrigin,300,400,8,290,1.6076538406
speedup,rastrigin,300,400,8,291,1.6076538406
speedup,rastrigin,300,400,8,292,1.6076538406
speedup,rastrigin,300,400,8,293,1.6076538406
speedup,rastrigin,300,400,8,294,1.6076538406
speedup,rastrigin,300,400,8,295,1.6076538406
speedup,rastrigin,300,400,8,296,1.6076538406
speedup,rastrigin,300,400,8,297,1.6076538406
speedup,rastrigin,300,400,8,298,1.6076538406
speedup,rastrigin,300,400,8,299,1.52239218133
speedup,rastrigin,300,400,8,300,1.52239218133
speedup,rastrigin,300,400,8,301,1.52239218133
speedup,rastrigin,300,400,8,302,1.52239218133
speedup,rastrigin,300,400,8,303,1.52239218133
speedup,rastrigin,300,400,8,304,1.52239218133
speedup,rastrigin,300,400,8,305,1.52239218133
speedup,rastrigin,300,400,8,306,1.52239218133
speedup,rastrigin,300,400,8,307,1.52239218133
speedup,rastrigin,300,400,8,308,1.52239218133
speedup,rastrigin,300,400,8,309,1.52239218133
speedup,rastrigin,300,400,8,310,1.52239218133
speedup,rastrigin,300,400,8,311,1.52239218133
speedup,rastrigin,300,400,8,312,1.52239218133
speedup,rastrigin,300,400,8,313,1.52239218133
speedup,rastrigin,300,400,8,314,1.52239218133
speedup,rastrigin,300,400,8,315,1.52239218133
speedup,rastrigin,300,400,8,316,1.52239218133
speedup,rastrigin,300,400,8,317,1.52239218133
speedup,rastrigin,300,400,8,318,1.52239218133
speedup,rastrigin,300,400,8,319,1.52239218133
speedup,rastrigin,300,400,8,320,1.52239218133
speedup,rastrigin,300,400,8,321,1.52239218133
speedup,rastrigin,300,400,8,322,1.52239218133
speedup,rastrigin,300,400,8,323,1.52239218133
speedup,rastrigin,300,400,8,324,1.52239218133
speedup,rastrigin,300,400,8,325,1.52239218133
speedup,rastrigin,300,400,8,326,1.52239218133
speedup,rastrigin,300,400,8,327,1.52239218133
speedup,rastrigin,300,400,8,328,1.52239218133
speedup,rastrigin,300,400,8,329,1.52239218133
speedup,rastrigin,300,400,8,330,1.52239218133
speedup,rastrigin,300,400,8,331,1.52239218133
speedup,rastrigin,300,400,8,332,1.52239218133
speedup,rastrigin,300,400,8,333,1.52239218133
speedup,rastrigin,300,400,8,334,1.52239218133
speedup,rastrigin,300,400,8,335,1.52239218133
speedup,rastrigin,300,400,8,336,1.52239218133
speedup,rastrigin,300,400,8,337,1.3192403311
speedup,rastrigin,300,400,8,338,1.3192403311
speedup,rastrigin,300,400,8,339,1.3192403311
speedup,rastrigin,300,400,8,340,1.3192403311
speedup,rastrigin,300,400,8,341,1.3192403311
speedup,rastrigin,300,400,8,342,1.3192403311
speedup,rastrigin,300,400,8,343,1.3192403311
speedup,rastrigin,300,400,8,344,1.29171206828
speedup,rastrigin,300,400,8,345,1.29171206828
speedup,rastrigin,300,400,8,346,1.29171206828
speedup,rastrigin,300,400,8,347,1.11703040619
speedup,rastrigin,300,400,8,348,1.11703040619
speedup,rastrigin,300,400,8,349,1.11703040619
speedup,rastrigin,300,400,8,350,1.11703040619
speedup,rastrigin,300,400,8,351,1.11703040619
speedup,rastrigin,300,400,8,352,1.11703040619
speedup,rastrigin,300,400,8,353,0.92587607317
speedup,rastrigin,300,400,8,354,0.92587607317
speedup,rastrigin,300,400,8,355,0.92587607317
speedup,rastrigin,300,400,8,356,0.92587607317
speedup,rastrigin,300,400,8,357,0.92587607317
speedup,rastrigin,300,400,8,358,0.92587607317
speedup,rastrigin,300,400,8,359,0.92587607317
speedup,rastrigin,300,400,8,360,0.583380095933
speedup,rastrigin,300,400,8,361,0.583380095933
speedup,rastrigin,300,400,8,362,0.583380095933
speedup,rastrigin,300,400,8,363,0.583380095933
speedup,rastrigin,300,400,8,364,0.583380095933
speedup,rastrigin,300,400,8,365,0.583380095933
speedup,rastrigin,300,400,8,366,0.583380095933
speedup,rastrigin,300,400,8,367,0.583380095933
speedup,rastrigin,300,400,8,368,0.583380095933
speedup,rastrigin,300,400,8,369,0.583380095933
speedup,rastrigin,300,400,8,370,0.583380095933
speedup,rastrigin,300,400,8,371,0.583380095933
speedup,rastrigin,300,400,8,372,0.583380095933
speedup,rastrigin,300,400,8,373,0.583380095933
speedup,rastrigin,300,400,8,374,0.583380095933
speedup,rastrigin,300,400,8,375,0.583380095933
speedup,rastrigin,300,400,8,376,0.583380095933
speedup,rastrigin,300,400,8,377,0.583380095933
speedup,rastrigin,300,400,8,378,0.583380095933
speedup,rastrigin,300,400,8,379,0.583380095933
speedup,rastrigin,300,400,8,380,0.583380095933
speedup,rastrigin,300,400,8,381,0.583380095933
speedup,rastrigin,300,400,8,382,0.583380095933
speedup,rastrigin,300,400,8,383,0.583380095933
speedup,rastrigin,300,400,8,384,0.583380095933
speedup,rastrigin,300,400,8,385,0.583380095933
speedup,rastrigin,300,400,8,386,0.583380095933
speedup,rastrigin,300,400,8,387,0.583380095933
speedup,rastrigin,300,400,8,388,0.583380095933
speedup,rastrigin,300,400,8,389,0.583380095933
speedup,rastrigin,300,400,8,390,0.583380095933
speedup,rastrigin,300,400,8,391,0.583380095933
speedup,rastrigin,300,400,8,392,0.583380095933
speedup,rastrigin,300,400,8,393,0.583380095933
speedup,rastrigin,300,400,8,394,0.583380095933
speedup,rastrigin,300,400,8,395,0.583380095933
speedup,rastrigin,300,400,8,396,0.583380095933
speedup,rastrigin,300,400,8,397,0.583380095933
speedup,rastrigin,300,400,8,398,0.583380095933
speedup,rastrigin,300,400,8,399,0.583380095933
speedup,rastrigin,300,400,8,400,0.583380095933
speedup,rastrigin,300,400,8,0,257.237815832
speedup,rastrigin,300,400,8,1,175.053680126
speedup,rastrigin,300,400,8,2,153.126415241
speedup,rastrigin,300,400,8,3,133.514838961
speedup,rastrigin,300,400,8,4,107.997766284
speedup,rastrigin,300,400,8,5,102.115177763
speedup,rastrigin,300,400,8,6,102.115177763
speedup,rastrigin,300,400,8,7,102.115177763
speedup,rastrigin,300,400,8,8,102.115177763
speedup,rastrigin,300,400,8,9,93.5665807926
speedup,rastrigin,300,400,8,10,93.5665807926
speedup,rastrigin,300,400,8,11,84.2558873877
speedup,rastrigin,300,400,8,12,84.2558873877
speedup,rastrigin,300,400,8,13,84.2558873877
speedup,rastrigin,300,400,8,14,84.2558873877
speedup,rastrigin,300,400,8,15,76.0269760382
speedup,rastrigin,300,400,8,16,76.0269760382
speedup,rastrigin,300,400,8,17,68.9132310306
speedup,rastrigin,300,400,8,18,58.1188023106
speedup,rastrigin,300,400,8,19,51.3526355329
speedup,rastrigin,300,400,8,20,51.3526355329
speedup,rastrigin,300,400,8,21,44.1710299592
speedup,rastrigin,300,400,8,22,42.2074573872
speedup,rastrigin,300,400,8,23,29.7618447256
speedup,rastrigin,300,400,8,24,26.0886589548
speedup,rastrigin,300,400,8,25,26.0886589548
speedup,rastrigin,300,400,8,26,22.7870459213
speedup,rastrigin,300,400,8,27,22.7870459213
speedup,rastrigin,300,400,8,28,21.6673246341
speedup,rastrigin,300,400,8,29,21.1822235831
speedup,rastrigin,300,400,8,30,18.1549368494
speedup,rastrigin,300,400,8,31,18.1549368494
speedup,rastrigin,300,400,8,32,18.1549368494
speedup,rastrigin,300,400,8,33,17.525526263
speedup,rastrigin,300,400,8,34,17.525526263
speedup,rastrigin,300,400,8,35,15.4700784754
speedup,rastrigin,300,400,8,36,14.989101517
speedup,rastrigin,300,400,8,37,14.989101517
speedup,rastrigin,300,400,8,38,14.1567600846
speedup,rastrigin,300,400,8,39,14.1567600846
speedup,rastrigin,300,400,8,40,14.1567600846
speedup,rastrigin,300,400,8,41,12.4910594044
speedup,rastrigin,300,400,8,42,12.1740797853
speedup,rastrigin,300,400,8,43,12.0188806499
speedup,rastrigin,300,400,8,44,12.0188806499
speedup,rastrigin,300,400,8,45,12.0188806499
speedup,rastrigin,300,400,8,46,11.739525525
speedup,rastrigin,300,400,8,47,10.7207115088
speedup,rastrigin,300,400,8,48,10.1231525906
speedup,rastrigin,300,400,8,49,10.1231525906
speedup,rastrigin,300,400,8,50,9.56019998191
speedup,rastrigin,300,400,8,51,9.30599421111
speedup,rastrigin,300,400,8,52,9.19733765793
speedup,rastrigin,300,400,8,53,9.19733765793
speedup,rastrigin,300,400,8,54,9.01768436709
speedup,rastrigin,300,400,8,55,8.59532137588
speedup,rastrigin,300,400,8,56,7.72286279062
speedup,rastrigin,300,400,8,57,7.72286279062
speedup,rastrigin,300,400,8,58,7.00017437809
speedup,rastrigin,300,400,8,59,7.00017437809
speedup,rastrigin,300,400,8,60,7.00017437809
speedup,rastrigin,300,400,8,61,7.00017437809
speedup,rastrigin,300,400,8,62,7.00017437809
speedup,rastrigin,300,400,8,63,7.00017437809
speedup,rastrigin,300,400,8,64,6.99390827927
speedup,rastrigin,300,400,8,65,6.99390827927
speedup,rastrigin,300,400,8,66,6.99390827927
speedup,rastrigin,300,400,8,67,6.99390827927
speedup,rastrigin,300,400,8,68,6.80400259085
speedup,rastrigin,300,400,8,69,6.80400259085
speedup,rastrigin,300,400,8,70,6.80400259085
speedup,rastrigin,300,400,8,71,6.80400259085
speedup,rastrigin,300,400,8,72,6.65956012605
speedup,rastrigin,300,400,8,73,6.05986528979
speedup,rastrigin,300,400,8,74,6.05986528979
speedup,rastrigin,300,400,8,75,6.05986528979
speedup,rastrigin,300,400,8,76,6.05986528979
speedup,rastrigin,300,400,8,77,5.20499218725
speedup,rastrigin,300,400,8,78,5.20499218725
speedup,rastrigin,300,400,8,79,5.20499218725
speedup,rastrigin,300,400,8,80,5.20499218725
speedup,rastrigin,300,400,8,81,5.20499218725
speedup,rastrigin,300,400,8,82,5.20499218725
speedup,rastrigin,300,400,8,83,5.20499218725
speedup,rastrigin,300,400,8,84,5.20499218725
speedup,rastrigin,300,400,8,85,5.20499218725
speedup,rastrigin,300,400,8,86,5.20499218725
speedup,rastrigin,300,400,8,87,5.20499218725
speedup,rastrigin,300,400,8,88,5.20499218725
speedup,rastrigin,300,400,8,89,5.20499218725
speedup,rastrigin,300,400,8,90,5.20499218725
speedup,rastrigin,300,400,8,91,5.20499218725
speedup,rastrigin,300,400,8,92,5.20499218725
speedup,rastrigin,300,400,8,93,5.20499218725
speedup,rastrigin,300,400,8,94,5.20499218725
speedup,rastrigin,300,400,8,95,5.20499218725
speedup,rastrigin,300,400,8,96,5.20499218725
speedup,rastrigin,300,400,8,97,5.20499218725
speedup,rastrigin,300,400,8,98,5.20499218725
speedup,rastrigin,300,400,8,99,5.20499218725
speedup,rastrigin,300,400,8,100,5.20499218725
speedup,rastrigin,300,400,8,101,5.20499218725
speedup,rastrigin,300,400,8,102,5.20499218725
speedup,rastrigin,300,400,8,103,5.20499218725
speedup,rastrigin,300,400,8,104,5.20499218725
speedup,rastrigin,300,400,8,105,5.20499218725
speedup,rastrigin,300,400,8,106,5.20499218725
speedup,rastrigin,300,400,8,107,5.20499218725
speedup,rastrigin,300,400,8,108,5.20499218725
speedup,rastrigin,300,400,8,109,5.00170496141
speedup,rastrigin,300,400,8,110,5.00170496141
speedup,rastrigin,300,400,8,111,5.00170496141
speedup,rastrigin,300,400,8,112,5.00170496141
speedup,rastrigin,300,400,8,113,5.00170496141
speedup,rastrigin,300,400,8,114,5.00170496141
speedup,rastrigin,300,400,8,115,4.96905402256
speedup,rastrigin,300,400,8,116,4.96905402256
speedup,rastrigin,300,400,8,117,4.96905402256
speedup,rastrigin,300,400,8,118,4.96905402256
speedup,rastrigin,300,400,8,119,4.96905402256
speedup,rastrigin,300,400,8,120,4.96905402256
speedup,rastrigin,300,400,8,121,4.96905402256
speedup,rastrigin,300,400,8,122,4.96905402256
speedup,rastrigin,300,400,8,123,4.96905402256
speedup,rastrigin,300,400,8,124,4.75106370459
speedup,rastrigin,300,400,8,125,4.60317660792
speedup,rastrigin,300,400,8,126,4.60317660792
speedup,rastrigin,300,400,8,127,4.60317660792
speedup,rastrigin,300,400,8,128,4.60317660792
speedup,rastrigin,300,400,8,129,4.60317660792
speedup,rastrigin,300,400,8,130,4.60317660792
speedup,rastrigin,300,400,8,131,4.60317660792
speedup,rastrigin,300,400,8,132,4.60317660792
speedup,rastrigin,300,400,8,133,4.60317660792
speedup,rastrigin,300,400,8,134,4.60317660792
speedup,rastrigin,300,400,8,135,4.60317660792
speedup,rastrigin,300,400,8,136,4.60317660792
speedup,rastrigin,300,400,8,137,4.60317660792
speedup,rastrigin,300,400,8,138,4.60317660792
speedup,rastrigin,300,400,8,139,4.60317660792
speedup,rastrigin,300,400,8,140,4.60317660792
speedup,rastrigin,300,400,8,141,4.60317660792
speedup,rastrigin,300,400,8,142,4.60317660792
speedup,rastrigin,300,400,8,143,4.60317660792
speedup,rastrigin,300,400,8,144,4.60317660792
speedup,rastrigin,300,400,8,145,4.60317660792
speedup,rastrigin,300,400,8,146,4.60317660792
speedup,rastrigin,300,400,8,147,4.60317660792
speedup,rastrigin,300,400,8,148,4.55654457439
speedup,rastrigin,300,400,8,149,4.52116166556
speedup,rastrigin,300,400,8,150,4.52116166556
speedup,rastrigin,300,400,8,151,4.52116166556
speedup,rastrigin,300,400,8,152,4.52116166556
speedup,rastrigin,300,400,8,153,4.52116166556
speedup,rastrigin,300,400,8,154,4.52116166556
speedup,rastrigin,300,400,8,155,4.52116166556
speedup,rastrigin,300,400,8,156,4.52116166556
speedup,rastrigin,300,400,8,157,4.28434252645
speedup,rastrigin,300,400,8,158,4.28434252645
speedup,rastrigin,300,400,8,159,4.28434252645
speedup,rastrigin,300,400,8,160,4.28434252645
speedup,rastrigin,300,400,8,161,4.28434252645
speedup,rastrigin,300,400,8,162,4.28434252645
speedup,rastrigin,300,400,8,163,4.28434252645
speedup,rastrigin,300,400,8,164,4.28434252645
speedup,rastrigin,300,400,8,165,4.28434252645
speedup,rastrigin,300,400,8,166,4.28434252645
speedup,rastrigin,300,400,8,167,4.28434252645
speedup,rastrigin,300,400,8,168,4.28434252645
speedup,rastrigin,300,400,8,169,4.28434252645
speedup,rastrigin,300,400,8,170,4.28434252645
speedup,rastrigin,300,400,8,171,4.28434252645
speedup,rastrigin,300,400,8,172,4.28434252645
speedup,rastrigin,300,400,8,173,4.28434252645
speedup,rastrigin,300,400,8,174,4.28434252645
speedup,rastrigin,300,400,8,175,4.28434252645
speedup,rastrigin,300,400,8,176,4.28434252645
speedup,rastrigin,300,400,8,177,4.28434252645
speedup,rastrigin,300,400,8,178,4.28434252645
speedup,rastrigin,300,400,8,179,4.28434252645
speedup,rastrigin,300,400,8,180,4.28434252645
speedup,rastrigin,300,400,8,181,4.28434252645
speedup,rastrigin,300,400,8,182,4.28434252645
speedup,rastrigin,300,400,8,183,4.28434252645
speedup,rastrigin,300,400,8,184,4.28434252645
speedup,rastrigin,300,400,8,185,4.28434252645
speedup,rastrigin,300,400,8,186,4.28434252645
speedup,rastrigin,300,400,8,187,4.28434252645
speedup,rastrigin,300,400,8,188,4.28434252645
speedup,rastrigin,300,400,8,189,4.28434252645
speedup,rastrigin,300,400,8,190,4.28434252645
speedup,rastrigin,300,400,8,191,4.07303437746
speedup,rastrigin,300,400,8,192,4.07303437746
speedup,rastrigin,300,400,8,193,4.07303437746
speedup,rastrigin,300,400,8,194,4.07303437746
speedup,rastrigin,300,400,8,195,4.07303437746
speedup,rastrigin,300,400,8,196,4.07303437746
speedup,rastrigin,300,400,8,197,4.07303437746
speedup,rastrigin,300,400,8,198,4.07303437746
speedup,rastrigin,300,400,8,199,4.07303437746
speedup,rastrigin,300,400,8,200,4.07303437746
speedup,rastrigin,300,400,8,201,4.07303437746
speedup,rastrigin,300,400,8,202,4.07303437746
speedup,rastrigin,300,400,8,203,4.07303437746
speedup,rastrigin,300,400,8,204,4.07303437746
speedup,rastrigin,300,400,8,205,4.07303437746
speedup,rastrigin,300,400,8,206,4.07303437746
speedup,rastrigin,300,400,8,207,4.07303437746
speedup,rastrigin,300,400,8,208,4.07303437746
speedup,rastrigin,300,400,8,209,4.07303437746
speedup,rastrigin,300,400,8,210,4.07303437746
speedup,rastrigin,300,400,8,211,4.07303437746
speedup,rastrigin,300,400,8,212,4.07303437746
speedup,rastrigin,300,400,8,213,4.07303437746
speedup,rastrigin,300,400,8,214,4.07303437746
speedup,rastrigin,300,400,8,215,4.07303437746
speedup,rastrigin,300,400,8,216,4.05942855414
speedup,rastrigin,300,400,8,217,4.05942855414
speedup,rastrigin,300,400,8,218,4.05942855414
speedup,rastrigin,300,400,8,219,4.05942855414
speedup,rastrigin,300,400,8,220,4.05942855414
speedup,rastrigin,300,400,8,221,4.05942855414
speedup,rastrigin,300,400,8,222,4.05942855414
speedup,rastrigin,300,400,8,223,4.05942855414
speedup,rastrigin,300,400,8,224,3.42619589051
speedup,rastrigin,300,400,8,225,3.42619589051
speedup,rastrigin,300,400,8,226,3.42619589051
speedup,rastrigin,300,400,8,227,3.42619589051
speedup,rastrigin,300,400,8,228,3.42619589051
speedup,rastrigin,300,400,8,229,3.42619589051
speedup,rastrigin,300,400,8,230,3.42619589051
speedup,rastrigin,300,400,8,231,3.42619589051
speedup,rastrigin,300,400,8,232,3.42619589051
speedup,rastrigin,300,400,8,233,3.42619589051
speedup,rastrigin,300,400,8,234,3.42619589051
speedup,rastrigin,300,400,8,235,3.42619589051
speedup,rastrigin,300,400,8,236,3.42619589051
speedup,rastrigin,300,400,8,237,3.42619589051
speedup,rastrigin,300,400,8,238,3.42619589051
speedup,rastrigin,300,400,8,239,3.42619589051
speedup,rastrigin,300,400,8,240,3.42619589051
speedup,rastrigin,300,400,8,241,3.42619589051
speedup,rastrigin,300,400,8,242,3.42619589051
speedup,rastrigin,300,400,8,243,3.42619589051
speedup,rastrigin,300,400,8,244,3.42619589051
speedup,rastrigin,300,400,8,245,3.42619589051
speedup,rastrigin,300,400,8,246,3.42619589051
speedup,rastrigin,300,400,8,247,3.42619589051
speedup,rastrigin,300,400,8,248,3.42619589051
speedup,rastrigin,300,400,8,249,3.42619589051
speedup,rastrigin,300,400,8,250,3.42619589051
speedup,rastrigin,300,400,8,251,3.42619589051
speedup,rastrigin,300,400,8,252,3.42619589051
speedup,rastrigin,300,400,8,253,3.42619589051
speedup,rastrigin,300,400,8,254,3.42619589051
speedup,rastrigin,300,400,8,255,3.42619589051
speedup,rastrigin,300,400,8,256,3.42619589051
speedup,rastrigin,300,400,8,257,3.42619589051
speedup,rastrigin,300,400,8,258,3.42619589051
speedup,rastrigin,300,400,8,259,3.42619589051
speedup,rastrigin,300,400,8,260,3.42619589051
speedup,rastrigin,300,400,8,261,3.42619589051
speedup,rastrigin,300,400,8,262,3.42619589051
speedup,rastrigin,300,400,8,263,3.42619589051
speedup,rastrigin,300,400,8,264,3.42619589051
speedup,rastrigin,300,400,8,265,3.42619589051
speedup,rastrigin,300,400,8,266,3.42619589051
speedup,rastrigin,300,400,8,267,3.42619589051
speedup,rastrigin,300,400,8,268,3.42619589051
speedup,rastrigin,300,400,8,269,3.42619589051
speedup,rastrigin,300,400,8,270,3.42619589051
speedup,rastrigin,300,400,8,271,3.42619589051
speedup,rastrigin,300,400,8,272,3.42619589051
speedup,rastrigin,300,400,8,273,3.42619589051
speedup,rastrigin,300,400,8,274,3.42619589051
speedup,rastrigin,300,400,8,275,3.42619589051
speedup,rastrigin,300,400,8,276,3.42619589051
speedup,rastrigin,300,400,8,277,3.42619589051
speedup,rastrigin,300,400,8,278,3.42619589051
speedup,rastrigin,300,400,8,279,3.42619589051
speedup,rastrigin,300,400,8,280,3.42619589051
speedup,rastrigin,300,400,8,281,3.42619589051
speedup,rastrigin,300,400,8,282,3.42619589051
speedup,rastrigin,300,400,8,283,3.42619589051
speedup,rastrigin,300,400,8,284,3.42619589051
speedup,rastrigin,300,400,8,285,3.42619589051
speedup,rastrigin,300,400,8,286,3.42619589051
speedup,rastrigin,300,400,8,287,3.42619589051
speedup,rastrigin,300,400,8,288,3.42619589051
speedup,rastrigin,300,400,8,289,3.42619589051
speedup,rastrigin,300,400,8,290,3.42619589051
speedup,rastrigin,300,400,8,291,3.42619589051
speedup,rastrigin,300,400,8,292,3.42619589051
speedup,rastrigin,300,400,8,293,3.42619589051
speedup,rastrigin,300,400,8,294,3.42619589051
speedup,rastrigin,300,400,8,295,3.42619589051
speedup,rastrigin,300,400,8,296,3.42619589051
speedup,rastrigin,300,400,8,297,3.42619589051
speedup,rastrigin,300,400,8,298,3.42619589051
speedup,rastrigin,300,400,8,299,3.42619589051
speedup,rastrigin,300,400,8,300,3.42619589051
speedup,rastrigin,300,400,8,301,3.42619589051
speedup,rastrigin,300,400,8,302,3.42619589051
speedup,rastrigin,300,400,8,303,3.42619589051
speedup,rastrigin,300,400,8,304,3.42619589051
speedup,rastrigin,300,400,8,305,3.42619589051
speedup,rastrigin,300,400,8,306,3.42619589051
speedup,rastrigin,300,400,8,307,3.42619589051
speedup,rastrigin,300,400,8,308,3.42619589051
speedup,rastrigin,300,400,8,309,3.42619589051
speedup,rastrigin,300,400,8,310,3.42619589051
speedup,rastrigin,300,400,8,311,3.42619589051
speedup,rastrigin,300,400,8,312,3.42619589051
speedup,rastrigin,300,400,8,313,3.42619589051
speedup,rastrigin,300,400,8,314,3.42619589051
speedup,rastrigin,300,400,8,315,3.42619589051
speedup,rastrigin,300,400,8,316,3.42619589051
speedup,rastrigin,300,400,8,317,3.42619589051
speedup,rastrigin,300,400,8,318,3.42619589051
speedup,rastrigin,300,400,8,319,3.42619589051
speedup,rastrigin,300,400,8,320,3.42619589051
speedup,rastrigin,300,400,8,321,3.42619589051
speedup,rastrigin,300,400,8,322,3.42619589051
speedup,rastrigin,300,400,8,323,3.42619589051
speedup,rastrigin,300,400,8,324,3.42619589051
speedup,rastrigin,300,400,8,325,3.42619589051
speedup,rastrigin,300,400,8,326,3.42619589051
speedup,rastrigin,300,400,8,327,3.42619589051
speedup,rastrigin,300,400,8,328,3.06851012309
speedup,rastrigin,300,400,8,329,3.06851012309
speedup,rastrigin,300,400,8,330,3.06851012309
speedup,rastrigin,300,400,8,331,3.06851012309
speedup,rastrigin,300,400,8,332,3.06851012309
speedup,rastrigin,300,400,8,333,3.06851012309
speedup,rastrigin,300,400,8,334,3.06851012309
speedup,rastrigin,300,400,8,335,3.06851012309
speedup,rastrigin,300,400,8,336,3.06851012309
speedup,rastrigin,300,400,8,337,3.06851012309
speedup,rastrigin,300,400,8,338,3.06851012309
speedup,rastrigin,300,400,8,339,3.06851012309
speedup,rastrigin,300,400,8,340,3.06851012309
speedup,rastrigin,300,400,8,341,3.06851012309
speedup,rastrigin,300,400,8,342,3.06851012309
speedup,rastrigin,300,400,8,343,3.06851012309
speedup,rastrigin,300,400,8,344,3.06851012309
speedup,rastrigin,300,400,8,345,3.06851012309
speedup,rastrigin,300,400,8,346,3.06851012309
speedup,rastrigin,300,400,8,347,3.06851012309
speedup,rastrigin,300,400,8,348,3.06851012309
speedup,rastrigin,300,400,8,349,3.06851012309
speedup,rastrigin,300,400,8,350,3.06851012309
speedup,rastrigin,300,400,8,351,3.06851012309
speedup,rastrigin,300,400,8,352,3.06851012309
speedup,rastrigin,300,400,8,353,3.06851012309
speedup,rastrigin,300,400,8,354,3.06851012309
speedup,rastrigin,300,400,8,355,3.06851012309
speedup,rastrigin,300,400,8,356,3.06851012309
speedup,rastrigin,300,400,8,357,3.06851012309
speedup,rastrigin,300,400,8,358,3.06851012309
speedup,rastrigin,300,400,8,359,3.06851012309
speedup,rastrigin,300,400,8,360,3.06851012309
speedup,rastrigin,300,400,8,361,3.06851012309
speedup,rastrigin,300,400,8,362,3.06851012309
speedup,rastrigin,300,400,8,363,3.06851012309
speedup,rastrigin,300,400,8,364,3.06851012309
speedup,rastrigin,300,400,8,365,3.06851012309
speedup,rastrigin,300,400,8,366,3.06851012309
speedup,rastrigin,300,400,8,367,3.06851012309
speedup,rastrigin,300,400,8,368,3.06851012309
speedup,rastrigin,300,400,8,369,3.06851012309
speedup,rastrigin,300,400,8,370,3.06851012309
speedup,rastrigin,300,400,8,371,3.06851012309
speedup,rastrigin,300,400,8,372,3.06851012309
speedup,rastrigin,300,400,8,373,3.06851012309
speedup,rastrigin,300,400,8,374,3.06851012309
speedup,rastrigin,300,400,8,375,3.06851012309
speedup,rastrigin,300,400,8,376,3.06851012309
speedup,rastrigin,300,400,8,377,3.06851012309
speedup,rastrigin,300,400,8,378,3.06851012309
speedup,rastrigin,300,400,8,379,3.06851012309
speedup,rastrigin,300,400,8,380,3.06851012309
speedup,rastrigin,300,400,8,381,3.06851012309
speedup,rastrigin,300,400,8,382,3.06851012309
speedup,rastrigin,300,400,8,383,3.06851012309
speedup,rastrigin,300,400,8,384,3.06851012309
speedup,rastrigin,300,400,8,385,3.06851012309
speedup,rastrigin,300,400,8,386,3.06851012309
speedup,rastrigin,300,400,8,387,3.06851012309
speedup,rastrigin,300,400,8,388,3.06851012309
speedup,rastrigin,300,400,8,389,3.06851012309
speedup,rastrigin,300,400,8,390,3.06851012309
speedup,rastrigin,300,400,8,391,3.06851012309
speedup,rastrigin,300,400,8,392,3.06851012309
speedup,rastrigin,300,400,8,393,3.06851012309
speedup,rastrigin,300,400,8,394,3.06851012309
speedup,rastrigin,300,400,8,395,3.06851012309
speedup,rastrigin,300,400,8,396,3.06851012309
speedup,rastrigin,300,400,8,397,3.06851012309
speedup,rastrigin,300,400,8,398,3.06851012309
speedup,rastrigin,300,400,8,399,3.06851012309
speedup,rastrigin,300,400,8,400,3.06851012309
function_quality,sphere,200,500,4,0,74.5105739067
function_quality,sphere,200,500,4,1,33.2316916292
function_quality,sphere,200,500,4,2,24.7518501503
function_quality,sphere,200,500,4,3,11.8754716719
function_quality,sphere,200,500,4,4,7.06682340728
function_quality,sphere,200,500,4,5,5.46458149073
function_quality,sphere,200,500,4,6,2.89419954901
function_quality,sphere,200,500,4,7,2.26418872261
function_quality,sphere,200,500,4,8,1.25478614359
function_quality,sphere,200,500,4,9,0.930479828828
function_quality,sphere,200,500,4,10,0.591931251212
function_quality,sphere,200,500,4,11,0.490363239945
function_quality,sphere,200,500,4,12,0.369816978614
function_quality,sphere,200,500,4,13,0.257766943851
function_quality,sphere,200,500,4,14,0.251109920394
function_quality,sphere,200,500,4,15,0.166238031246
function_quality,sphere,200,500,4,16,0.142889437414
function_quality,sphere,200,500,4,17,0.138511329875
function_quality,sphere,200,500,4,18,0.138511329875
function_quality,sphere,200,500,4,19,0.107836174039
function_quality,sphere,200,500,4,20,0.105021217883
function_quality,sphere,200,500,4,21,0.105021217883
function_quality,sphere,200,500,4,22,0.0916984119353
function_quality,sphere,200,500,4,23,0.0916984119353
function_quality,sphere,200,500,4,24,0.0887301037243
function_quality,sphere,200,500,4,25,0.0885017008603
function_quality,sphere,200,500,4,26,0.0868289161218
function_quality,sphere,200,500,4,27,0.0772106568687
function_quality,sphere,200,500,4,28,0.0726867472528
function_quality,sphere,200,500,4,29,0.0652464491425
function_quality,sphere,200,500,4,30,0.0548416406788
function_quality,sphere,200,500,4,31,0.0548416406788
function_quality,sphere,200,500,4,32,0.0548416406788
function_quality,sphere,200,500,4,33,0.0548416406788
function_quality,sphere,200,500,4,34,0.0548416406788
function_quality,sphere,200,500,4,35,0.0408596594929
function_quality,sphere,200,500,4,36,0.0408596594929
function_quality,sphere,200,500,4,37,0.0406573067326
function_quality,sphere,200,500,4,38,0.0387656204443
function_quality,sphere,200,500,4,39,0.0387656204443
function_quality,sphere,200,500,4,40,0.0387656204443
function_quality,sphere,200,500,4,41,0.0301185258228
function_quality,sphere,200,500,4,42,0.0301185258228
function_quality,sphere,200,500,4,43,0.0301185258228
function_quality,sphere,200,500,4,44,0.0301185258228
function_quality,sphere,200,500,4,45,0.0259567375906
function_quality,sphere,200,500,4,46,0.0259567375906
function_quality,sphere,200,500,4,47,0.0259567375906
function_quality,sphere,200,500,4,48,0.0259567375906
function_quality,sphere,200,500,4,49,0.0229588503021
function_quality,sphere,200,500,4,50,0.0229588503021
function_quality,sphere,200,500,4,51,0.0209260744348
function_quality,sphere,200,500,4,52,0.0207500421411
function_quality,sphere,200,500,4,53,0.0200545218772
function_quality,sphere,200,500,4,54,0.0200545218772
function_quality,sphere,200,500,4,55,0.0200545218772
function_quality,sphere,200,500,4,56,0.0165814616612
function_quality,sphere,200,500,4,57,0.0165814616612
function_quality,sphere,200,500,4,58,0.0165814616612
function_quality,sphere,200,500,4,59,0.0165814616612
function_quality,sphere,200,500,4,60,0.0165814616612
function_quality,sphere,200,500,4,61,0.0165814616612
function_quality,sphere,200,500,4,62,0.0165814616612
function_quality,sphere,200,500,4,63,0.0154072063871
function_quality,sphere,200,500,4,64,0.01407835555
function_quality,sphere,200,500,4,65,0.01407835555
function_quality,sphere,200,500,4,66,0.01407835555
function_quality,sphere,200,500,4,67,0.01407835555
function_quality,sphere,200,500,4,68,0.0131166158987
function_quality,sphere,200,500,4,69,0.0110527096966
function_quality,sphere,200,500,4,70,0.0103131989825
function_quality,sphere,200,500,4,71,0.00679904073341
function_quality,sphere,200,500,4,72,0.00679904073341
function_quality,sphere,200,500,4,73,0.00662325854356
function_quality,sphere,200,500,4,74,0.00628080634629
function_quality,sphere,200,500,4,75,0.00628080634629
function_quality,sphere,200,500,4,76,0.00628080634629
function_quality,sphere,200,500,4,77,0.00627858537811
function_quality,sphere,200,500,4,78,0.00470482704196
function_quality,sphere,200,500,4,79,0.00470482704196
function_quality,sphere,200,500,4,80,0.0046947457666
function_quality,sphere,200,500,4,81,0.0046947457666
function_quality,sphere,200,500,4,82,0.0046947457666
function_quality,sphere,200,500,4,83,0.0046947457666
function_quality,sphere,200,500,4,84,0.0046947457666
function_quality,sphere,200,500,4,85,0.0046947457666
function_quality,sphere,200,500,4,86,0.0046947457666
function_quality,sphere,200,500,4,87,0.0046947457666
function_quality,sphere,200,500,4,88,0.0046947457666
function_quality,sphere,200,500,4,89,0.0046947457666
function_quality,sphere,200,500,4,90,0.00460075310306
function_quality,sphere,200,500,4,91,0.00460075310306
function_quality,sphere,200,500,4,92,0.00460075310306
function_quality,sphere,200,500,4,93,0.00422899620107
function_quality,sphere,200,500,4,94,0.0038177242597
function_quality,sphere,200,500,4,95,0.0038177242597
function_quality,sphere,200,500,4,96,0.0038177242597
function_quality,sphere,200,500,4,97,0.00314140478086
function_quality,sphere,200,500,4,98,0.00314140478086
function_quality,sphere,200,500,4,99,0.00314140478086
function_quality,sphere,200,500,4,100,0.00314140478086
function_quality,sphere,200,500,4,101,0.00314140478086
function_quality,sphere,200,500,4,102,0.00314140478086
function_quality,sphere,200,500,4,103,0.00314140478086
function_quality,sphere,200,500,4,104,0.00314140478086
function_quality,sphere,200,500,4,105,0.00314140478086
function_quality,sphere,200,500,4,106,0.00265600319994
function_quality,sphere,200,500,4,107,0.00265600319994
function_quality,sphere,200,500,4,108,0.00265600319994
function_quality,sphere,200,500,4,109,0.00265600319994
function_quality,sphere,200,500,4,110,0.00250222343464
function_quality,sphere,200,500,4,111,0.00250222343464
function_quality,sphere,200,500,4,112,0.00250222343464
function_quality,sphere,200,500,4,113,0.00250077873698
function_quality,sphere,200,500,4,114,0.00250077873698
function_quality,sphere,200,500,4,115,0.00246971981422
function_quality,sphere,200,500,4,116,0.00222945212052
function_quality,sphere,200,500,4,117,0.00195354701217
function_quality,sphere,200,500,4,118,0.00195354701217
function_quality,sphere,200,500,4,119,0.00195354701217
function_quality,sphere,200,500,4,120,0.00195354701217
function_quality,sphere,200,500,4,121,0.00195354701217
function_quality,sphere,200,500,4,122,0.00187342816062
function_quality,sphere,200,500,4,123,0.00187342816062
function_quality,sphere,200,500,4,124,0.00187342816062
function_quality,sphere,200,500,4,125,0.00187342816062
function_quality,sphere,200,500,4,126,0.00187342816062
function_quality,sphere,200,500,4,127,0.00187342816062
function_quality,sphere,200,500,4,128,0.00187342816062
function_quality,sphere,200,500,4,129,0.00187342816062
function_quality,sphere,200,500,4,130,0.00187342816062
function_quality,sphere,200,500,4,131,0.00187342816062
function_quality,sphere,200,500,4,132,0.00187342816062
function_quality,sphere,200,500,4,133,0.00187342816062
function_quality,sphere,200,500,4,134,0.00187342816062
function_quality,sphere,200,500,4,135,0.00187342816062
function_quality,sphere,200,500,4,136,0.00187342816062
function_quality,sphere,200,500,4,137,0.00187342816062
function_quality,sphere,200,500,4,138,0.00187342816062
function_quality,sphere,200,500,4,139,0.00187342816062
function_quality,sphere,200,500,4,140,0.00187342816062
function_quality,sphere,200,500,4,141,0.00187342816062
function_quality,sphere,200,500,4,142,0.00187342816062
function_quality,sphere,200,500,4,143,0.00187342816062
function_quality,sphere,200,500,4,144,0.00187342816062
function_quality,sphere,200,500,4,145,0.00187342816062
function_quality,sphere,200,500,4,146,0.00184994895394
function_quality,sphere,200,500,4,147,0.00184994895394
function_quality,sphere,200,500,4,148,0.00184994895394
function_quality,sphere,200,500,4,149,0.00184994895394
function_quality,sphere,200,500,4,150,0.00184994895394
function_quality,sphere,200,500,4,151,0.00184994895394
function_quality,sphere,200,500,4,152,0.00184994895394
function_quality,sphere,200,500,4,153,0.00184994895394
function_quality,sphere,200,500,4,154,0.00184994895394
function_quality,sphere,200,500,4,155,0.00184994895394
function_quality,sphere,200,500,4,156,0.00184994895394
function_quality,sphere,200,500,4,157,0.00184994895394
function_quality,sphere,200,500,4,158,0.00184994895394
function_quality,sphere,200,500,4,159,0.00184994895394
function_quality,sphere,200,500,4,160,0.00184994895394
function_quality,sphere,200,500,4,161,0.00181324809866
function_quality,sphere,200,500,4,162,0.00181324809866
function_quality,sphere,200,500,4,163,0.00179041121798
function_quality,sphere,200,500,4,164,0.00179041121798
function_quality,sphere,200,500,4,165,0.00179041121798
function_quality,sphere,200,500,4,166,0.00179041121798
function_quality,sphere,200,500,4,167,0.00179041121798
function_quality,sphere,200,500,4,168,0.00179041121798
function_quality,sphere,200,500,4,169,0.00179041121798
function_quality,sphere,200,500,4,170,0.00179041121798
function_quality,sphere,200,500,4,171,0.00179041121798
function_quality,sphere,200,500,4,172,0.00179041121798
function_quality,sphere,200,500,4,173,0.00179041121798
function_quality,sphere,200,500,4,174,0.00179041121798
function_quality,sphere,200,500,4,175,0.00179041121798
function_quality,sphere,200,500,4,176,0.00179041121798
function_quality,sphere,200,500,4,177,0.00179041121798
function_quality,sphere,200,500,4,178,0.00179041121798
function_quality,sphere,200,500,4,179,0.00179041121798
function_quality,sphere,200,500,4,180,0.0017714712724
function_quality,sphere,200,500,4,181,0.00146594905272
function_quality,sphere,200,500,4,182,0.00146594905272
function_quality,sphere,200,500,4,183,0.0014352545815
function_quality,sphere,200,500,4,184,0.0014352545815
function_quality,sphere,200,500,4,185,0.0014352545815
function_quality,sphere,200,500,4,186,0.0014352545815
function_quality,sphere,200,500,4,187,0.0014352545815
function_quality,sphere,200,500,4,188,0.0014352545815
function_quality,sphere,200,500,4,189,0.0014352545815
function_quality,sphere,200,500,4,190,0.0014352545815
function_quality,sphere,200,500,4,191,0.0014352545815
function_quality,sphere,200,500,4,192,0.0014352545815
function_quality,sphere,200,500,4,193,0.0014352545815
function_quality,sphere,200,500,4,194,0.001317393417
function_quality,sphere,200,500,4,195,0.001317393417
function_quality,sphere,200,500,4,196,0.001317393417
function_quality,sphere,200,500,4,197,0.001317393417
function_quality,sphere,200,500,4,198,0.001317393417
function_quality,sphere,200,500,4,199,0.001317393417
function_quality,sphere,200,500,4,200,0.00131387397538
function_quality,sphere,200,500,4,201,0.00131387397538
function_quality,sphere,200,500,4,202,0.00131387397538
function_quality,sphere,200,500,4,203,0.00131387397538
function_quality,sphere,200,500,4,204,0.00101413229406
function_quality,sphere,200,500,4,205,0.00101413229406
function_quality,sphere,200,500,4,206,0.00101413229406
function_quality,sphere,200,500,4,207,0.00101413229406
function_quality,sphere,200,500,4,208,0.00101413229406
function_quality,sphere,200,500,4,209,0.00101413229406
function_quality,sphere,200,500,4,210,0.00101413229406
function_quality,sphere,200,500,4,211,0.00101413229406
function_quality,sphere,200,500,4,212,0.00101413229406
function_quality,sphere,200,500,4,213,0.00101413229406
function_quality,sphere,200,500,4,214,0.000873752471277
function_quality,sphere,200,500,4,215,0.000873752471277
function_quality,sphere,200,500,4,216,0.000873752471277
function_quality,sphere,200,500,4,217,0.000873752471277
function_quality,sphere,200,500,4,218,0.000873752471277
function_quality,sphere,200,500,4,219,0.000873752471277
function_quality,sphere,200,500,4,220,0.000873752471277
function_quality,sphere,200,500,4,221,0.000873752471277
function_quality,sphere,200,500,4,222,0.000873752471277
function_quality,sphere,200,500,4,223,0.000873752471277
function_quality,sphere,200,500,4,224,0.000873752471277
function_quality,sphere,200,500,4,225,0.000873752471277
function_quality,sphere,200,500,4,226,0.000873752471277
function_quality,sphere,200,500,4,227,0.000873752471277
function_quality,sphere,200,500,4,228,0.000768673233768
function_quality,sphere,200,500,4,229,0.000768673233768
function_quality,sphere,200,500,4,230,0.000768673233768
function_quality,sphere,200,500,4,231,0.000768673233768
function_quality,sphere,200,500,4,232,0.000768673233768
function_quality,sphere,200,500,4,233,0.000768673233768
function_quality,sphere,200,500,4,234,0.000768673233768
function_quality,sphere,200,500,4,235,0.000768673233768
function_quality,sphere,200,500,4,236,0.000768673233768
function_quality,sphere,200,500,4,237,0.000768673233768
function_quality,sphere,200,500,4,238,0.000768673233768
function_quality,sphere,200,500,4,239,0.000768673233768
function_quality,sphere,200,500,4,240,0.000768673233768
function_quality,sphere,200,500,4,241,0.000768673233768
function_quality,sphere,200,500,4,242,0.000768673233768
function_quality,sphere,200,500,4,243,0.000616775865238
function_quality,sphere,200,500,4,244,0.000616775865238
function_quality,sphere,200,500,4,245,0.000616775865238
function_quality,sphere,200,500,4,246,0.000616775865238
function_quality,sphere,200,500,4,247,0.000616775865238
function_quality,sphere,200,500,4,248,0.000472268195437
function_quality,sphere,200,500,4,249,0.000472268195437
function_quality,sphere,200,500,4,250,0.000472268195437
function_quality,sphere,200,500,4,251,0.000472268195437
function_quality,sphere,200,500,4,252,0.000472268195437
function_quality,sphere,200,500,4,253,0.000472268195437
function_quality,sphere,200,500,4,254,0.000472268195437
function_quality,sphere,200,500,4,255,0.000472268195437
function_quality,sphere,200,500,4,256,0.000472268195437
function_quality,sphere,200,500,4,257,0.000472268195437
function_quality,sphere,200,500,4,258,0.000472268195437
function_quality,sphere,200,500,4,259,0.000472268195437
function_quality,sphere,200,500,4,260,0.000472268195437
function_quality,sphere,200,500,4,261,0.000472268195437
function_quality,sphere,200,500,4,262,0.000472268195437
function_quality,sphere,200,500,4,263,0.000472268195437
function_quality,sphere,200,500,4,264,0.000472268195437
function_quality,sphere,200,500,4,265,0.000472268195437
function_quality,sphere,200,500,4,266,0.000472268195437
function_quality,sphere,200,500,4,267,0.000472268195437
function_quality,sphere,200,500,4,268,0.000472268195437
function_quality,sphere,200,500,4,269,0.000472268195437
function_quality,sphere,200,500,4,270,0.000472268195437
function_quality,sphere,200,500,4,271,0.000472268195437
function_quality,sphere,200,500,4,272,0.000472268195437
function_quality,sphere,200,500,4,273,0.000472268195437
function_quality,sphere,200,500,4,274,0.000472268195437
function_quality,sphere,200,500,4,275,0.000472268195437
function_quality,sphere,200,500,4,276,0.000472268195437
function_quality,sphere,200,500,4,277,0.000472268195437
function_quality,sphere,200,500,4,278,0.000472268195437
function_quality,sphere,200,500,4,279,0.000472268195437
function_quality,sphere,200,500,4,280,0.000472268195437
function_quality,sphere,200,500,4,281,0.000472268195437
function_quality,sphere,200,500,4,282,0.000472268195437
function_quality,sphere,200,500,4,283,0.000472268195437
function_quality,sphere,200,500,4,284,0.000472268195437
function_quality,sphere,200,500,4,285,0.000472268195437
function_quality,sphere,200,500,4,286,0.000472268195437
function_quality,sphere,200,500,4,287,0.000472268195437
function_quality,sphere,200,500,4,288,0.000472268195437
function_quality,sphere,200,500,4,289,0.000472268195437
function_quality,sphere,200,500,4,290,0.000472268195437
function_quality,sphere,200,500,4,291,0.000472268195437
function_quality,sphere,200,500,4,292,0.000472268195437
function_quality,sphere,200,500,4,293,0.000472268195437
function_quality,sphere,200,500,4,294,0.000472268195437
function_quality,sphere,200,500,4,295,0.000472268195437
function_quality,sphere,200,500,4,296,0.000472268195437
function_quality,sphere,200,500,4,297,0.000472268195437
function_quality,sphere,200,500,4,298,0.000472268195437
function_quality,sphere,200,500,4,299,0.000472268195437
function_quality,sphere,200,500,4,300,0.000472268195437
function_quality,sphere,200,500,4,301,0.000472268195437
function_quality,sphere,200,500,4,302,0.000472268195437
function_quality,sphere,200,500,4,303,0.000472268195437
function_quality,sphere,200,500,4,304,0.000472268195437
function_quality,sphere,200,500,4,305,0.000472268195437
function_quality,sphere,200,500,4,306,0.000472268195437
function_quality,sphere,200,500,4,307,0.000472268195437
function_quality,sphere,200,500,4,308,0.000472268195437
function_quality,sphere,200,500,4,309,0.000472268195437
function_quality,sphere,200,500,4,310,0.000472268195437
function_quality,sphere,200,500,4,311,0.000472268195437
function_quality,sphere,200,500,4,312,0.000472268195437
function_quality,sphere,200,500,4,313,0.000472268195437
function_quality,sphere,200,500,4,314,0.000472268195437
function_quality,sphere,200,500,4,315,0.000472268195437
function_quality,sphere,200,500,4,316,0.000472268195437
function_quality,sphere,200,500,4,317,0.000472268195437
function_quality,sphere,200,500,4,318,0.000472268195437
function_quality,sphere,200,500,4,319,0.000472268195437
function_quality,sphere,200,500,4,320,0.000472268195437
function_quality,sphere,200,500,4,321,0.000472268195437
function_quality,sphere,200,500,4,322,0.000472268195437
function_quality,sphere,200,500,4,323,0.000472268195437
function_quality,sphere,200,500,4,324,0.000472268195437
function_quality,sphere,200,500,4,325,0.000472268195437
function_quality,sphere,200,500,4,326,0.000472268195437
function_quality,sphere,200,500,4,327,0.000472268195437
function_quality,sphere,200,500,4,328,0.000472268195437
function_quality,sphere,200,500,4,329,0.000472268195437
function_quality,sphere,200,500,4,330,0.000472268195437
function_quality,sphere,200,500,4,331,0.000472268195437
function_quality,sphere,200,500,4,332,0.000472268195437
function_quality,sphere,200,500,4,333,0.000472268195437
function_quality,sphere,200,500,4,334,0.000472268195437
function_quality,sphere,200,500,4,335,0.000472268195437
function_quality,sphere,200,500,4,336,0.000472268195437
function_quality,sphere,200,500,4,337,0.000472268195437
function_quality,sphere,200,500,4,338,0.000472268195437
function_quality,sphere,200,500,4,339,0.000472268195437
function_quality,sphere,200,500,4,340,0.000472268195437
function_quality,sphere,200,500,4,341,0.000472268195437
function_quality,sphere,200,500,4,342,0.000472268195437
function_quality,sphere,200,500,4,343,0.000472268195437
function_quality,sphere,200,500,4,344,0.000472268195437
function_quality,sphere,200,500,4,345,0.000472268195437
function_quality,sphere,200,500,4,346,0.000472268195437
function_quality,sphere,200,500,4,347,0.000472268195437
function_quality,sphere,200,500,4,348,0.000472268195437
function_quality,sphere,200,500,4,349,0.000472268195437
function_quality,sphere,200,500,4,350,0.000472268195437
function_quality,sphere,200,500,4,351,0.000472268195437
function_quality,sphere,200,500,4,352,0.000472268195437
function_quality,sphere,200,500,4,353,0.000472268195437
function_quality,sphere,200,500,4,354,0.000472268195437
function_quality,sphere,200,500,4,355,0.000472268195437
function_quality,sphere,200,500,4,356,0.000472268195437
function_quality,sphere,200,500,4,357,0.000452596556599
function_quality,sphere,200,500,4,358,0.000452596556599
function_quality,sphere,200,500,4,359,0.000452596556599
function_quality,sphere,200,500,4,360,0.000452596556599
function_quality,sphere,200,500,4,361,0.000452596556599
function_quality,sphere,200,500,4,362,0.000452596556599
function_quality,sphere,200,500,4,363,0.000452596556599
function_quality,sphere,200,500,4,364,0.000452596556599
function_quality,sphere,200,500,4,365,0.000452596556599
function_quality,sphere,200,500,4,366,0.000452596556599
function_quality,sphere,200,500,4,367,0.000452596556599
function_quality,sphere,200,500,4,368,0.000452596556599
function_quality,sphere,200,500,4,369,0.000452596556599
function_quality,sphere,200,500,4,370,0.000452596556599
function_quality,sphere,200,500,4,371,0.000452596556599
function_quality,sphere,200,500,4,372,0.000452596556599
function_quality,sphere,200,500,4,373,0.000452596556599
function_quality,sphere,200,500,4,374,0.000452596556599
function_quality,sphere,200,500,4,375,0.000452596556599
function_quality,sphere,200,500,4,376,0.000452596556599
function_quality,sphere,200,500,4,377,0.000452596556599
function_quality,sphere,200,500,4,378,0.000452596556599
function_quality,sphere,200,500,4,379,0.000452596556599
function_quality,sphere,200,500,4,380,0.000452596556599
function_quality,sphere,200,500,4,381,0.000452596556599
function_quality,sphere,200,500,4,382,0.000452596556599
function_quality,sphere,200,500,4,383,0.000452596556599
function_quality,sphere,200,500,4,384,0.000452596556599
function_quality,sphere,200,500,4,385,0.000452596556599
function_quality,sphere,200,500,4,386,0.000452596556599
function_quality,sphere,200,500,4,387,0.000452596556599
function_quality,sphere,200,500,4,388,0.000452596556599
function_quality,sphere,200,500,4,389,0.000452596556599
function_quality,sphere,200,500,4,390,0.000452596556599
function_quality,sphere,200,500,4,391,0.000452596556599
function_quality,sphere,200,500,4,392,0.000452596556599
function_quality,sphere,200,500,4,393,0.000452596556599
function_quality,sphere,200,500,4,394,0.000452596556599
function_quality,sphere,200,500,4,395,0.000452596556599
function_quality,sphere,200,500,4,396,0.000452596556599
function_quality,sphere,200,500,4,397,0.000452596556599
function_quality,sphere,200,500,4,398,0.000452596556599
function_quality,sphere,200,500,4,399,0.000452596556599
function_quality,sphere,200,500,4,400,0.000452596556599
function_quality,sphere,200,500,4,401,0.000452596556599
function_quality,sphere,200,500,4,402,0.000452596556599
function_quality,sphere,200,500,4,403,0.000452596556599
function_quality,sphere,200,500,4,404,0.000452596556599
function_quality,sphere,200,500,4,405,0.000452596556599
function_quality,sphere,200,500,4,406,0.000452596556599
function_quality,sphere,200,500,4,407,0.000452596556599
function_quality,sphere,200,500,4,408,0.000452596556599
function_quality,sphere,200,500,4,409,0.000452596556599
function_quality,sphere,200,500,4,410,0.000452596556599
function_quality,sphere,200,500,4,411,0.000452596556599
function_quality,sphere,200,500,4,412,0.000452596556599
function_quality,sphere,200,500,4,413,0.000452596556599
function_quality,sphere,200,500,4,414,0.000452596556599
function_quality,sphere,200,500,4,415,0.000452596556599
function_quality,sphere,200,500,4,416,0.000452596556599
function_quality,sphere,200,500,4,417,0.000452596556599
function_quality,sphere,200,500,4,418,0.000452596556599
function_quality,sphere,200,500,4,419,0.000452596556599
function_quality,sphere,200,500,4,420,0.000452596556599
function_quality,sphere,200,500,4,421,0.000452596556599
function_quality,sphere,200,500,4,422,0.000452596556599
function_quality,sphere,200,500,4,423,0.000452596556599
function_quality,sphere,200,500,4,424,0.000452596556599
function_quality,sphere,200,500,4,425,0.000452596556599
function_quality,sphere,200,500,4,426,0.000452596556599
function_quality,sphere,200,500,4,427,0.000452596556599
function_quality,sphere,200,500,4,428,0.000452596556599
function_quality,sphere,200,500,4,429,0.000441375915373
function_quality,sphere,200,500,4,430,0.000441375915373
function_quality,sphere,200,500,4,431,0.000441375915373
function_quality,sphere,200,500,4,432,0.000441375915373
function_quality,sphere,200,500,4,433,0.000441375915373
function_quality,sphere,200,500,4,434,0.000441375915373
function_quality,sphere,200,500,4,435,0.000441375915373
function_quality,sphere,200,500,4,436,0.000441375915373
function_quality,sphere,200,500,4,437,0.000441375915373
function_quality,sphere,200,500,4,438,0.000441375915373
function_quality,sphere,200,500,4,439,0.000441375915373
function_quality,sphere,200,500,4,440,0.000441375915373
function_quality,sphere,200,500,4,441,0.000441375915373
function_quality,sphere,200,500,4,442,0.000441375915373
function_quality,sphere,200,500,4,443,0.000441375915373
function_quality,sphere,200,500,4,444,0.000441375915373
function_quality,sphere,200,500,4,445,0.000441375915373
function_quality,sphere,200,500,4,446,0.000425645624024
function_quality,sphere,200,500,4,447,0.000425645624024
function_quality,sphere,200,500,4,448,0.000425645624024
function_quality,sphere,200,500,4,449,0.000425645624024
function_quality,sphere,200,500,4,450,0.000425645624024
function_quality,sphere,200,500,4,451,0.000425645624024
function_quality,sphere,200,500,4,452,0.000425645624024
function_quality,sphere,200,500,4,453,0.000425645624024
function_quality,sphere,200,500,4,454,0.000425645624024
function_quality,sphere,200,500,4,455,0.000425645624024
function_quality,sphere,200,500,4,456,0.000425645624024
function_quality,sphere,200,500,4,457,0.000425645624024
function_quality,sphere,200,500,4,458,0.000425645624024
function_quality,sphere,200,500,4,459,0.000425645624024
function_quality,sphere,200,500,4,460,0.000425645624024
function_quality,sphere,200,500,4,461,0.000425645624024
function_quality,sphere,200,500,4,462,0.000425645624024
function_quality,sphere,200,500,4,463,0.000425645624024
function_quality,sphere,200,500,4,464,0.000425645624024
function_quality,sphere,200,500,4,465,0.000425645624024
function_quality,sphere,200,500,4,466,0.000425645624024
function_quality,sphere,200,500,4,467,0.000425645624024
function_quality,sphere,200,500,4,468,0.000425645624024
function_quality,sphere,200,500,4,469,0.000425645624024
function_quality,sphere,200,500,4,470,0.000425645624024
function_quality,sphere,200,500,4,471,0.000425645624024
function_quality,sphere,200,500,4,472,0.000425645624024
function_quality,sphere,200,500,4,473,0.000425645624024
function_quality,sphere,200,500,4,474,0.000425645624024
function_quality,sphere,200,500,4,475,0.000425645624024
function_quality,sphere,200,500,4,476,0.000425645624024
function_quality,sphere,200,500,4,477,0.000425645624024
function_quality,sphere,200,500,4,478,0.000425645624024
function_quality,sphere,200,500,4,479,0.000425645624024
function_quality,sphere,200,500,4,480,0.000425645624024
function_quality,sphere,200,500,4,481,0.000425645624024
function_quality,sphere,200,500,4,482,0.000425645624024
function_quality,sphere,200,500,4,483,0.000425645624024
function_quality,sphere,200,500,4,484,0.000425645624024
function_quality,sphere,200,500,4,485,0.000425645624024
function_quality,sphere,200,500,4,486,0.000425645624024
function_quality,sphere,200,500,4,487,0.000425645624024
function_quality,sphere,200,500,4,488,0.000425645624024
function_quality,sphere,200,500,4,489,0.000425645624024
function_quality,sphere,200,500,4,490,0.000425645624024
function_quality,sphere,200,500,4,491,0.000425645624024
function_quality,sphere,200,500,4,492,0.000425645624024
function_quality,sphere,200,500,4,493,0.000425645624024
function_quality,sphere,200,500,4,494,0.000425645624024
function_quality,sphere,200,500,4,495,0.000425645624024
function_quality,sphere,200,500,4,496,0.000425645624024
function_quality,sphere,200,500,4,497,0.000425645624024
function_quality,sphere,200,500,4,498,0.000387788621292
function_quality,sphere,200,500,4,499,0.000387788621292
function_quality,sphere,200,500,4,500,0.000387788621292
function_quality,rastrigin,200,500,4,0,244.538838379
function_quality,rastrigin,200,500,4,1,182.698467894
function_quality,rastrigin,200,500,4,2,160.400619511
function_quality,rastrigin,200,500,4,3,154.143653529
function_quality,rastrigin,200,500,4,4,152.420588501
function_quality,rastrigin,200,500,4,5,150.441920799
function_quality,rastrigin,200,500,4,6,126.739442535
function_quality,rastrigin,200,500,4,7,118.00094235
function_quality,rastrigin,200,500,4,8,102.057770362
function_quality,rastrigin,200,500,4,9,102.057770362
function_quality,rastrigin,200,500,4,10,102.057770362
function_quality,rastrigin,200,500,4,11,68.6131025452
function_quality,rastrigin,200,500,4,12,68.6131025452
function_quality,rastrigin,200,500,4,13,68.6131025452
function_quality,rastrigin,200,500,4,14,61.2240032968
function_quality,rastrigin,200,500,4,15,61.2240032968
function_quality,rastrigin,200,500,4,16,57.7477402525
function_quality,rastrigin,200,500,4,17,57.7477402525
function_quality,rastrigin,200,500,4,18,57.7477402525
function_quality,rastrigin,200,500,4,19,57.7477402525
function_quality,rastrigin,200,500,4,20,57.3464081155
function_quality,rastrigin,200,500,4,21,48.186293502
function_quality,rastrigin,200,500,4,22,48.186293502
function_quality,rastrigin,200,500,4,23,48.186293502
function_quality,rastrigin,200,500,4,24,48.186293502
function_quality,rastrigin,200,500,4,25,48.186293502
function_quality,rastrigin,200,500,4,26,45.0032844453
function_quality,rastrigin,200,500,4,27,45.0032844453
function_quality,rastrigin,200,500,4,28,45.0032844453
function_quality,rastrigin,200,500,4,29,42.5510927421
function_quality,rastrigin,200,500,4,30,42.5510927421
function_quality,rastrigin,200,500,4,31,41.2487092807
function_quality,rastrigin,200,500,4,32,41.2487092807
function_quality,rastrigin,200,500,4,33,37.697981238
function_quality,rastrigin,200,500,4,34,37.697981238
function_quality,rastrigin,200,500,4,35,35.9922506585
function_quality,rastrigin,200,500,4,36,35.8156141419
function_quality,rastrigin,200,500,4,37,31.2608743828
function_quality,rastrigin,200,500,4,38,27.020770152
function_quality,rastrigin,200,500,4,39,20.7483180115
function_quality,rastrigin,200,500,4,40,19.9078401997
function_quality,rastrigin,200,500,4,41,19.9078401997
function_quality,rastrigin,200,500,4,42,19.9078401997
function_quality,rastrigin,200,500,4,43,19.9078401997
function_quality,rastrigin,200,500,4,44,19.9078401997
function_quality,rastrigin,200,500,4,45,19.9078401997
function_quality,rastrigin,200,500,4,46,19.9078401997
function_quality,rastrigin,200,500,4,47,19.9078401997
function_quality,rastrigin,200,500,4,48,19.9078401997
function_quality,rastrigin,200,500,4,49,19.9078401997
function_quality,rastrigin,200,500,4,50,18.9239788607
function_quality,rastrigin,200,500,4,51,15.5345824929
function_quality,rastrigin,200,500,4,52,15.5345824929
function_quality,rastrigin,200,500,4,53,15.5345824929
function_quality,rastrigin,200,500,4,54,15.5345824929
function_quality,rastrigin,200,500,4,55,14.819230601
function_quality,rastrigin,200,500,4,56,14.819230601
function_quality,rastrigin,200,500,4,57,14.819230601
function_quality,rastrigin,200,500,4,58,14.630942919
function_quality,rastrigin,200,500,4,59,14.630942919
function_quality,rastrigin,200,500,4,60,14.5651384089
function_quality,rastrigin,200,500,4,61,12.9632692662
function_quality,rastrigin,200,500,4,62,12.9632692662
function_quality,rastrigin,200,500,4,63,12.9632692662
function_quality,rastrigin,200,500,4,64,11.6841019107
function_quality,rastrigin,200,500,4,65,10.5979423919
function_quality,rastrigin,200,500,4,66,10.5979423919
function_quality,rastrigin,200,500,4,67,10.5979423919
function_quality,rastrigin,200,500,4,68,10.5358881741
function_quality,rastrigin,200,500,4,69,9.24869078833
function_quality,rastrigin,200,500,4,70,9.24869078833
function_quality,rastrigin,200,500,4,71,9.24869078833
function_quality,rastrigin,200,500,4,72,9.24869078833
function_quality,rastrigin,200,500,4,73,9.24869078833
function_quality,rastrigin,200,500,4,74,9.24869078833
function_quality,rastrigin,200,500,4,75,9.21857342134
function_quality,rastrigin,200,500,4,76,9.21857342134
function_quality,rastrigin,200,500,4,77,8.50168274677
function_quality,rastrigin,200,500,4,78,8.50168274677
function_quality,rastrigin,200,500,4,79,8.50168274677
function_quality,rastrigin,200,500,4,80,8.1901967719
function_quality,rastrigin,200,500,4,81,8.1901967719
function_quality,rastrigin,200,500,4,82,8.1901967719
function_quality,rastrigin,200,500,4,83,8.1901967719
function_quality,rastrigin,200,500,4,84,8.1901967719
function_quality,rastrigin,200,500,4,85,8.1901967719
function_quality,rastrigin,200,500,4,86,8.1901967719
function_quality,rastrigin,200,500,4,87,8.1901967719
function_quality,rastrigin,200,500,4,88,7.89171172992
function_quality,rastrigin,200,500,4,89,7.89171172992
function_quality,rastrigin,200,500,4,90,7.89171172992
function_quality,rastrigin,200,500,4,91,7.89171172992
function_quality,rastrigin,200,500,4,92,7.89171172992
function_quality,rastrigin,200,500,4,93,7.73988461619
function_quality,rastrigin,200,500,4,94,7.73988461619
function_quality,rastrigin,200,500,4,95,7.73988461619
function_quality,rastrigin,200,500,4,96,7.67790276904
function_quality,rastrigin,200,500,4,97,7.67790276904
function_quality,rastrigin,200,500,4,98,7.67790276904
function_quality,rastrigin,200,500,4,99,7.67790276904
function_quality,rastrigin,200,500,4,100,7.67790276904
function_quality,rastrigin,200,500,4,101,7.67790276904
function_quality,rastrigin,200,500,4,102,7.67790276904
function_quality,rastrigin,200,500,4,103,7.67790276904
function_quality,rastrigin,200,500,4,104,7.67790276904
function_quality,rastrigin,200,500,4,105,7.43054514583
function_quality,rastrigin,200,500,4,106,7.43054514583
function_quality,rastrigin,200,500,4,107,6.15151467082
function_quality,rastrigin,200,500,4,108,6.15151467082
function_quality,rastrigin,200,500,4,109,6.15151467082
function_quality,rastrigin,200,500,4,110,6.15151467082
function_quality,rastrigin,200,500,4,111,6.15151467082
function_quality,rastrigin,200,500,4,112,6.15151467082
function_quality,rastrigin,200,500,4,113,6.15151467082
function_quality,rastrigin,200,500,4,114,6.15151467082
function_quality,rastrigin,200,500,4,115,6.15151467082
function_quality,rastrigin,200,500,4,116,6.15151467082
function_quality,rastrigin,200,500,4,117,6.15151467082
function_quality,rastrigin,200,500,4,118,6.15151467082
function_quality,rastrigin,200,500,4,119,6.15151467082
function_quality,rastrigin,200,500,4,120,6.15151467082
function_quality,rastrigin,200,500,4,121,6.15151467082
function_quality,rastrigin,200,500,4,122,6.15151467082
function_quality,rastrigin,200,500,4,123,6.15151467082
function_quality,rastrigin,200,500,4,124,6.15151467082
function_quality,rastrigin,200,500,4,125,6.15151467082
function_quality,rastrigin,200,500,4,126,5.930916089
function_quality,rastrigin,200,500,4,127,5.930916089
function_quality,rastrigin,200,500,4,128,5.930916089
function_quality,rastrigin,200,500,4,129,5.930916089
function_quality,rastrigin,200,500,4,130,5.930916089
function_quality,rastrigin,200,500,4,131,5.930916089
function_quality,rastrigin,200,500,4,132,5.930916089
function_quality,rastrigin,200,500,4,133,5.930916089
function_quality,rastrigin,200,500,4,134,5.930916089
function_quality,rastrigin,200,500,4,135,5.930916089
function_quality,rastrigin,200,500,4,136,5.930916089
function_quality,rastrigin,200,500,4,137,5.930916089
function_quality,rastrigin,200,500,4,138,5.930916089
function_quality,rastrigin,200,500,4,139,5.930916089
function_quality,rastrigin,200,500,4,140,5.930916089
function_quality,rastrigin,200,500,4,141,5.930916089
function_quality,rastrigin,200,500,4,142,5.930916089
function_quality,rastrigin,200,500,4,143,5.9191113034
function_quality,rastrigin,200,500,4,144,5.9191113034
function_quality,rastrigin,200,500,4,145,5.9191113034
function_quality,rastrigin,200,500,4,146,5.9191113034
function_quality,rastrigin,200,500,4,147,5.9191113034
function_quality,rastrigin,200,500,4,148,5.68579922428
function_quality,rastrigin,200,500,4,149,5.67943478949
function_quality,rastrigin,200,500,4,150,5.67943478949
function_quality,rastrigin,200,500,4,151,5.05833670617
function_quality,rastrigin,200,500,4,152,5.05833670617
function_quality,rastrigin,200,500,4,153,5.05833670617
function_quality,rastrigin,200,500,4,154,5.05833670617
function_quality,rastrigin,200,500,4,155,5.05833670617
function_quality,rastrigin,200,500,4,156,5.05833670617
function_quality,rastrigin,200,500,4,157,5.05833670617
function_quality,rastrigin,200,500,4,158,5.05833670617
function_quality,rastrigin,200,500,4,159,5.05833670617
function_quality,rastrigin,200,500,4,160,5.05833670617
function_quality,rastrigin,200,500,4,161,5.05833670617
function_quality,rastrigin,200,500,4,162,5.05833670617
function_quality,rastrigin,200,500,4,163,5.05833670617
function_quality,rastrigin,200,500,4,164,5.05833670617
function_quality,rastrigin,200,500,4,165,5.05833670617
function_quality,rastrigin,200,500,4,166,5.05833670617
function_quality,rastrigin,200,500,4,167,5.05833670617
function_quality,rastrigin,200,500,4,168,5.05833670617
function_quality,rastrigin,200,500,4,169,5.05833670617
function_quality,rastrigin,200,500,4,170,5.05833670617
function_quality,rastrigin,200,500,4,171,5.05833670617
function_quality,rastrigin,200,500,4,172,5.05833670617
function_quality,rastrigin,200,500,4,173,5.05833670617
function_quality,rastrigin,200,500,4,174,5.05833670617
function_quality,rastrigin,200,500,4,175,5.05833670617
function_quality,rastrigin,200,500,4,176,5.05833670617
function_quality,rastrigin,200,500,4,177,5.05833670617
function_quality,rastrigin,200,500,4,178,5.05833670617
function_quality,rastrigin,200,500,4,179,4.85478365126
function_quality,rastrigin,200,500,4,180,4.85478365126
function_quality,rastrigin,200,500,4,181,4.85478365126
function_quality,rastrigin,200,500,4,182,4.85478365126
function_quality,rastrigin,200,500,4,183,4.85478365126
function_quality,rastrigin,200,500,4,184,4.85478365126
function_quality,rastrigin,200,500,4,185,4.85478365126
function_quality,rastrigin,200,500,4,186,4.85478365126
function_quality,rastrigin,200,500,4,187,4.85478365126
function_quality,rastrigin,200,500,4,188,4.85478365126
function_quality,rastrigin,200,500,4,189,4.85478365126
function_quality,rastrigin,200,500,4,190,4.85478365126
function_quality,rastrigin,200,500,4,191,4.85478365126
function_quality,rastrigin,200,500,4,192,4.85478365126
function_quality,rastrigin,200,500,4,193,4.85478365126
function_quality,rastrigin,200,500,4,194,4.85478365126
function_quality,rastrigin,200,500,4,195,4.85478365126
function_quality,rastrigin,200,500,4,196,4.85478365126
function_quality,rastrigin,200,500,4,197,4.85478365126
function_quality,rastrigin,200,500,4,198,4.85478365126
function_quality,rastrigin,200,500,4,199,4.83914460092
function_quality,rastrigin,200,500,4,200,4.77396099344
function_quality,rastrigin,200,500,4,201,4.77396099344
function_quality,rastrigin,200,500,4,202,4.77396099344
function_quality,rastrigin,200,500,4,203,4.77396099344
function_quality,rastrigin,200,500,4,204,4.6768006709
function_quality,rastrigin,200,500,4,205,4.57834233189
function_quality,rastrigin,200,500,4,206,4.57834233189
function_quality,rastrigin,200,500,4,207,4.45834858208
function_quality,rastrigin,200,500,4,208,4.45834858208
function_quality,rastrigin,200,500,4,209,4.45834858208
function_quality,rastrigin,200,500,4,210,4.40259112143
function_quality,rastrigin,200,500,4,211,4.40259112143
function_quality,rastrigin,200,500,4,212,4.40259112143
function_quality,rastrigin,200,500,4,213,4.40259112143
function_quality,rastrigin,200,500,4,214,4.40259112143
function_quality,rastrigin,200,500,4,215,4.40259112143
function_quality,rastrigin,200,500,4,216,4.40259112143
function_quality,rastrigin,200,500,4,217,4.40259112143
function_quality,rastrigin,200,500,4,218,4.40259112143
function_quality,rastrigin,200,500,4,219,4.40005212457
function_quality,rastrigin,200,500,4,220,4.40005212457
function_quality,rastrigin,200,500,4,221,4.37629446416
function_quality,rastrigin,200,500,4,222,4.31615569137
function_quality,rastrigin,200,500,4,223,4.31615569137
function_quality,rastrigin,200,500,4,224,4.31615569137
function_quality,rastrigin,200,500,4,225,4.31615569137
function_quality,rastrigin,200,500,4,226,4.31615569137
function_quality,rastrigin,200,500,4,227,4.31615569137
function_quality,rastrigin,200,500,4,228,4.31615569137
function_quality,rastrigin,200,500,4,229,4.31615569137
function_quality,rastrigin,200,500,4,230,4.31615569137
function_quality,rastrigin,200,500,4,231,4.31615569137
function_quality,rastrigin,200,500,4,232,4.31615569137
function_quality,rastrigin,200,500,4,233,4.31615569137
function_quality,rastrigin,200,500,4,234,4.31615569137
function_quality,rastrigin,200,500,4,235,4.31615569137
function_quality,rastrigin,200,500,4,236,4.31615569137
function_quality,rastrigin,200,500,4,237,4.31615569137
function_quality,rastrigin,200,500,4,238,4.31615569137
function_quality,rastrigin,200,500,4,239,4.31615569137
function_quality,rastrigin,200,500,4,240,4.31615569137
function_quality,rastrigin,200,500,4,241,4.31615569137
function_quality,rastrigin,200,500,4,242,4.31615569137
function_quality,rastrigin,200,500,4,243,4.31615569137
function_quality,rastrigin,200,500,4,244,4.31615569137
function_quality,rastrigin,200,500,4,245,4.31615569137
function_quality,rastrigin,200,500,4,246,4.31615569137
function_quality,rastrigin,200,500,4,247,4.31615569137
function_quality,rastrigin,200,500,4,248,4.31615569137
function_quality,rastrigin,200,500,4,249,4.31615569137
function_quality,rastrigin,200,500,4,250,4.31615569137
function_quality,rastrigin,200,500,4,251,4.31615569137
function_quality,rastrigin,200,500,4,252,4.31615569137
function_quality,rastrigin,200,500,4,253,4.31615569137
function_quality,rastrigin,200,500,4,254,4.31615569137
function_quality,rastrigin,200,500,4,255,4.31615569137
function_quality,rastrigin,200,500,4,256,4.31615569137
function_quality,rastrigin,200,500,4,257,4.31615569137
function_quality,rastrigin,200,500,4,258,4.31615569137
function_quality,rastrigin,200,500,4,259,4.31615569137
function_quality,rastrigin,200,500,4,260,4.31615569137
function_quality,rastrigin,200,500,4,261,4.31615569137
function_quality,rastrigin,200,500,4,262,4.31615569137
function_quality,rastrigin,200,500,4,263,4.31615569137
function_quality,rastrigin,200,500,4,264,4.31615569137
function_quality,rastrigin,200,500,4,265,4.27637527051
function_quality,rastrigin,200,500,4,266,4.27637527051
function_quality,rastrigin,200,500,4,267,4.27637527051
function_quality,rastrigin,200,500,4,268,4.27637527051
function_quality,rastrigin,200,500,4,269,4.27637527051
function_quality,rastrigin,200,500,4,270,4.27637527051
function_quality,rastrigin,200,500,4,271,4.27637527051
function_quality,rastrigin,200,500,4,272,4.27637527051
function_quality,rastrigin,200,500,4,273,4.27637527051
function_quality,rastrigin,200,500,4,274,4.27637527051
function_quality,rastrigin,200,500,4,275,4.27637527051
function_quality,rastrigin,200,500,4,276,4.27637527051
function_quality,rastrigin,200,500,4,277,4.27637527051
function_quality,rastrigin,200,500,4,278,4.27637527051
function_quality,rastrigin,200,500,4,279,4.27637527051
function_quality,rastrigin,200,500,4,280,4.27637527051
function_quality,rastrigin,200,500,4,281,4.27637527051
function_quality,rastrigin,200,500,4,282,4.27637527051
function_quality,rastrigin,200,500,4,283,4.27637527051
function_quality,rastrigin,200,500,4,284,4.27637527051
function_quality,rastrigin,200,500,4,285,4.27637527051
function_quality,rastrigin,200,500,4,286,4.27637527051
function_quality,rastrigin,200,500,4,287,4.27637527051
function_quality,rastrigin,200,500,4,288,4.27637527051
function_quality,rastrigin,200,500,4,289,4.27637527051
function_quality,rastrigin,200,500,4,290,4.27637527051
function_quality,rastrigin,200,500,4,291,4.27637527051
function_quality,rastrigin,200,500,4,292,4.27637527051
function_quality,rastrigin,200,500,4,293,4.27637527051
function_quality,rastrigin,200,500,4,294,4.27637527051
function_quality,rastrigin,200,500,4,295,4.25288715775
function_quality,rastrigin,200,500,4,296,4.25288715775
function_quality,rastrigin,200,500,4,297,4.25288715775
function_quality,rastrigin,200,500,4,298,4.25288715775
function_quality,rastrigin,200,500,4,299,4.25288715775
function_quality,rastrigin,200,500,4,300,4.25288715775
function_quality,rastrigin,200,500,4,301,4.25288715775
function_quality,rastrigin,200,500,4,302,4.25288715775
function_quality,rastrigin,200,500,4,303,4.25288715775
function_quality,rastrigin,200,500,4,304,4.25288715775
function_quality,rastrigin,200,500,4,305,4.25288715775
function_quality,rastrigin,200,500,4,306,4.25288715775
function_quality,rastrigin,200,500,4,307,4.25288715775
function_quality,rastrigin,200,500,4,308,4.25288715775
function_quality,rastrigin,200,500,4,309,4.25288715775
function_quality,rastrigin,200,500,4,310,4.25288715775
function_quality,rastrigin,200,500,4,311,4.25288715775
function_quality,rastrigin,200,500,4,312,4.25288715775
function_quality,rastrigin,200,500,4,313,4.25288715775
function_quality,rastrigin,200,500,4,314,4.25288715775
function_quality,rastrigin,200,500,4,315,4.25288715775
function_quality,rastrigin,200,500,4,316,4.25288715775
function_quality,rastrigin,200,500,4,317,4.25288715775
function_quality,rastrigin,200,500,4,318,4.25288715775
function_quality,rastrigin,200,500,4,319,4.25288715775
function_quality,rastrigin,200,500,4,320,4.25288715775
function_quality,rastrigin,200,500,4,321,4.25288715775
function_quality,rastrigin,200,500,4,322,4.25288715775
function_quality,rastrigin,200,500,4,323,4.25288715775
function_quality,rastrigin,200,500,4,324,4.25288715775
function_quality,rastrigin,200,500,4,325,4.25288715775
function_quality,rastrigin,200,500,4,326,4.25288715775
function_quality,rastrigin,200,500,4,327,4.25288715775
function_quality,rastrigin,200,500,4,328,4.25288715775
function_quality,rastrigin,200,500,4,329,3.50140956861
function_quality,rastrigin,200,500,4,330,3.50140956861
function_quality,rastrigin,200,500,4,331,3.50140956861
function_quality,rastrigin,200,500,4,332,3.50140956861
function_quality,rastrigin,200,500,4,333,3.50140956861
function_quality,rastrigin,200,500,4,334,3.50140956861
function_quality,rastrigin,200,500,4,335,3.50140956861
function_quality,rastrigin,200,500,4,336,3.50140956861
function_quality,rastrigin,200,500,4,337,3.50140956861
function_quality,rastrigin,200,500,4,338,3.50140956861
function_quality,rastrigin,200,500,4,339,3.50140956861
function_quality,rastrigin,200,500,4,340,3.50140956861
function_quality,rastrigin,200,500,4,341,3.50140956861
function_quality,rastrigin,200,500,4,342,3.50140956861
function_quality,rastrigin,200,500,4,343,3.50140956861
function_quality,rastrigin,200,500,4,344,3.50140956861
function_quality,rastrigin,200,500,4,345,3.50140956861
function_quality,rastrigin,200,500,4,346,3.50140956861
function_quality,rastrigin,200,500,4,347,3.50140956861
function_quality,rastrigin,200,500,4,348,3.50140956861
function_quality,rastrigin,200,500,4,349,3.50140956861
function_quality,rastrigin,200,500,4,350,3.50140956861
function_quality,rastrigin,200,500,4,351,3.50140956861
function_quality,rastrigin,200,500,4,352,3.50140956861
function_quality,rastrigin,200,500,4,353,3.50140956861
function_quality,rastrigin,200,500,4,354,3.50140956861
function_quality,rastrigin,200,500,4,355,3.50140956861
function_quality,rastrigin,200,500,4,356,3.50140956861
function_quality,rastrigin,200,500,4,357,3.50140956861
function_quality,rastrigin,200,500,4,358,3.50140956861
function_quality,rastrigin,200,500,4,359,3.50140956861
function_quality,rastrigin,200,500,4,360,3.50140956861
function_quality,rastrigin,200,500,4,361,3.50140956861
function_quality,rastrigin,200,500,4,362,3.50140956861
function_quality,rastrigin,200,500,4,363,3.50140956861
function_quality,rastrigin,200,500,4,364,3.50140956861
function_quality,rastrigin,200,500,4,365,3.50140956861
function_quality,rastrigin,200,500,4,366,3.50140956861
function_quality,rastrigin,200,500,4,367,3.50140956861
function_quality,rastrigin,200,500,4,368,3.50140956861
function_quality,rastrigin,200,500,4,369,3.50140956861
function_quality,rastrigin,200,500,4,370,3.50140956861
function_quality,rastrigin,200,500,4,371,3.50140956861
function_quality,rastrigin,200,500,4,372,3.50140956861
function_quality,rastrigin,200,500,4,373,3.50140956861
function_quality,rastrigin,200,500,4,374,3.50140956861
function_quality,rastrigin,200,500,4,375,3.50140956861
function_quality,rastrigin,200,500,4,376,3.50140956861
function_quality,rastrigin,200,500,4,377,3.50140956861
function_quality,rastrigin,200,500,4,378,3.50140956861
function_quality,rastrigin,200,500,4,379,3.50140956861
function_quality,rastrigin,200,500,4,380,3.50140956861
function_quality,rastrigin,200,500,4,381,3.50140956861
function_quality,rastrigin,200,500,4,382,3.50140956861
function_quality,rastrigin,200,500,4,383,3.50140956861
function_quality,rastrigin,200,500,4,384,3.50140956861
function_quality,rastrigin,200,500,4,385,3.50140956861
function_quality,rastrigin,200,500,4,386,3.50140956861
function_quality,rastrigin,200,500,4,387,3.50140956861
function_quality,rastrigin,200,500,4,388,3.50140956861
function_quality,rastrigin,200,500,4,389,3.50140956861
function_quality,rastrigin,200,500,4,390,3.50140956861
function_quality,rastrigin,200,500,4,391,3.50140956861
function_quality,rastrigin,200,500,4,392,3.42030262333
function_quality,rastrigin,200,500,4,393,3.42030262333
function_quality,rastrigin,200,500,4,394,3.42030262333
function_quality,rastrigin,200,500,4,395,3.35519268835
function_quality,rastrigin,200,500,4,396,3.35519268835
function_quality,rastrigin,200,500,4,397,2.79053623997
function_quality,rastrigin,200,500,4,398,2.79053623997
function_quality,rastrigin,200,500,4,399,2.79053623997
function_quality,rastrigin,200,500,4,400,2.79053623997
function_quality,rastrigin,200,500,4,401,2.79053623997
function_quality,rastrigin,200,500,4,402,2.79053623997
function_quality,rastrigin,200,500,4,403,2.79053623997
function_quality,rastrigin,200,500,4,404,2.79053623997
function_quality,rastrigin,200,500,4,405,2.79053623997
function_quality,rastrigin,200,500,4,406,2.79053623997
function_quality,rastrigin,200,500,4,407,2.46557644624
function_quality,rastrigin,200,500,4,408,2.46557644624
function_quality,rastrigin,200,500,4,409,2.46557644624
function_quality,rastrigin,200,500,4,410,2.46557644624
function_quality,rastrigin,200,500,4,411,2.46557644624
function_quality,rastrigin,200,500,4,412,2.46557644624
function_quality,rastrigin,200,500,4,413,2.46557644624
function_quality,rastrigin,200,500,4,414,2.46557644624
function_quality,rastrigin,200,500,4,415,2.46557644624
function_quality,rastrigin,200,500,4,416,2.46557644624
function_quality,rastrigin,200,500,4,417,2.46557644624
function_quality,rastrigin,200,500,4,418,2.46557644624
function_quality,rastrigin,200,500,4,419,2.46557644624
function_quality,rastrigin,200,500,4,420,2.46557644624
function_quality,rastrigin,200,500,4,421,2.46557644624
function_quality,rastrigin,200,500,4,422,2.46557644624
function_quality,rastrigin,200,500,4,423,2.46557644624
function_quality,rastrigin,200,500,4,424,2.46557644624
function_quality,rastrigin,200,500,4,425,2.46557644624
function_quality,rastrigin,200,500,4,426,2.46557644624
function_quality,rastrigin,200,500,4,427,2.46557644624
function_quality,rastrigin,200,500,4,428,2.46557644624
function_quality,rastrigin,200,500,4,429,2.46557644624
function_quality,rastrigin,200,500,4,430,2.46557644624
function_quality,rastrigin,200,500,4,431,2.46557644624
function_quality,rastrigin,200,500,4,432,2.46557644624
function_quality,rastrigin,200,500,4,433,2.44718052394
function_quality,rastrigin,200,500,4,434,2.44718052394
function_quality,rastrigin,200,500,4,435,2.44718052394
function_quality,rastrigin,200,500,4,436,2.44718052394
function_quality,rastrigin,200,500,4,437,2.44718052394
function_quality,rastrigin,200,500,4,438,2.44718052394
function_quality,rastrigin,200,500,4,439,2.44718052394
function_quality,rastrigin,200,500,4,440,2.44718052394
function_quality,rastrigin,200,500,4,441,2.44718052394
function_quality,rastrigin,200,500,4,442,2.44718052394
function_quality,rastrigin,200,500,4,443,2.44222614981
function_quality,rastrigin,200,500,4,444,2.44222614981
function_quality,rastrigin,200,500,4,445,2.44222614981
function_quality,rastrigin,200,500,4,446,2.44222614981
function_quality,rastrigin,200,500,4,447,2.43847073469
function_quality,rastrigin,200,500,4,448,2.43847073469
function_quality,rastrigin,200,500,4,449,2.43847073469
function_quality,rastrigin,200,500,4,450,2.43847073469
function_quality,rastrigin,200,500,4,451,2.43847073469
function_quality,rastrigin,200,500,4,452,2.43343982736
function_quality,rastrigin,200,500,4,453,1.98045959
function_quality,rastrigin,200,500,4,454,1.98045959
function_quality,rastrigin,200,500,4,455,1.70709401253
function_quality,rastrigin,200,500,4,456,1.60387289786
function_quality,rastrigin,200,500,4,457,1.60387289786
function_quality,rastrigin,200,500,4,458,1.60387289786
function_quality,rastrigin,200,500,4,459,1.60387289786
function_quality,rastrigin,200,500,4,460,1.60018702824
function_quality,rastrigin,200,500,4,461,1.60018702824
function_quality,rastrigin,200,500,4,462,1.60018702824
function_quality,rastrigin,200,500,4,463,1.60018702824
function_quality,rastrigin,200,500,4,464,1.60018702824
function_quality,rastrigin,200,500,4,465,1.60018702824
function_quality,rastrigin,200,500,4,466,1.60018702824
function_quality,rastrigin,200,500,4,467,1.60018702824
function_quality,rastrigin,200,500,4,468,1.60018702824
function_quality,rastrigin,200,500,4,469,1.60018702824
function_quality,rastrigin,200,500,4,470,1.60018702824
function_quality,rastrigin,200,500,4,471,1.60018702824
function_quality,rastrigin,200,500,4,472,1.59709707745
function_quality,rastrigin,200,500,4,473,1.59709707745
function_quality,rastrigin,200,500,4,474,1.59709707745
function_quality,rastrigin,200,500,4,475,1.59709707745
function_quality,rastrigin,200,500,4,476,1.59709707745
function_quality,rastrigin,200,500,4,477,1.59709707745
function_quality,rastrigin,200,500,4,478,1.59709707745
function_quality,rastrigin,200,500,4,479,1.59709707745
function_quality,rastrigin,200,500,4,480,1.59709707745
function_quality,rastrigin,200,500,4,481,1.59709707745
function_quality,rastrigin,200,500,4,482,1.59709707745
function_quality,rastrigin,200,500,4,483,1.59709707745
function_quality,rastrigin,200,500,4,484,1.59709707745
function_quality,rastrigin,200,500,4,485,1.59709707745
function_quality,rastrigin,200,500,4,486,1.59709707745
function_quality,rastrigin,200,500,4,487,1.59709707745
function_quality,rastrigin,200,500,4,488,1.59709707745
function_quality,rastrigin,200,500,4,489,1.59709707745
function_quality,rastrigin,200,500,4,490,1.59709707745
function_quality,rastrigin,200,500,4,491,1.59709707745
function_quality,rastrigin,200,500,4,492,1.59709707745
function_quality,rastrigin,200,500,4,493,1.56632004494
function_quality,rastrigin,200,500,4,494,1.56632004494
function_quality,rastrigin,200,500,4,495,1.56632004494
function_quality,rastrigin,200,500,4,496,1.56632004494
function_quality,rastrigin,200,500,4,497,1.52034381073
function_quality,rastrigin,200,500,4,498,1.31420484436
function_quality,rastrigin,200,500,4,499,1.31420484436
function_quality,rastrigin,200,500,4,500,1.31420484436
function_quality,rosenbrock,200,500,4,0,2201.45763044
function_quality,rosenbrock,200,500,4,1,545.660188809
function_quality,rosenbrock,200,500,4,2,545.660188809
function_quality,rosenbrock,200,500,4,3,285.864191727
function_quality,rosenbrock,200,500,4,4,118.117489525
function_quality,rosenbrock,200,500,4,5,107.682605714
function_quality,rosenbrock,200,500,4,6,89.517150117
function_quality,rosenbrock,200,500,4,7,56.6524324655
function_quality,rosenbrock,200,500,4,8,53.0891570042
function_quality,rosenbrock,200,500,4,9,42.4824257768
function_quality,rosenbrock,200,500,4,10,41.9708279894
function_quality,rosenbrock,200,500,4,11,36.608338549
function_quality,rosenbrock,200,500,4,12,36.2220563484
function_quality,rosenbrock,200,500,4,13,35.2068272472
function_quality,rosenbrock,200,500,4,14,33.1122458964
function_quality,rosenbrock,200,500,4,15,31.0855786798
function_quality,rosenbrock,200,500,4,16,28.7541964447
function_quality,rosenbrock,200,500,4,17,28.5587386028
function_quality,rosenbrock,200,500,4,18,27.0138464139
function_quality,rosenbrock,200,500,4,19,26.6724487725
function_quality,rosenbrock,200,500,4,20,26.6504560113
function_quality,rosenbrock,200,500,4,21,25.7463529285
function_quality,rosenbrock,200,500,4,22,25.4559787097
function_quality,rosenbrock,200,500,4,23,24.7547603918
function_quality,rosenbrock,200,500,4,24,24.6476552008
function_quality,rosenbrock,200,500,4,25,24.198899637
function_quality,rosenbrock,200,500,4,26,23.4947458647
function_quality,rosenbrock,200,500,4,27,23.1601591717
function_quality,rosenbrock,200,500,4,28,23.0377487906
function_quality,rosenbrock,200,500,4,29,22.9050677274
function_quality,rosenbrock,200,500,4,30,22.2698717777
function_quality,rosenbrock,200,500,4,31,22.2698717777
function_quality,rosenbrock,200,500,4,32,22.2698717777
function_quality,rosenbrock,200,500,4,33,22.266051972
function_quality,rosenbrock,200,500,4,34,21.4868173903
function_quality,rosenbrock,200,500,4,35,21.481329771
function_quality,rosenbrock,200,500,4,36,21.3091786479
function_quality,rosenbrock,200,500,4,37,21.0485493084
function_quality,rosenbrock,200,500,4,38,20.978119117
function_quality,rosenbrock,200,500,4,39,20.8026742334
function_quality,rosenbrock,200,500,4,40,20.8026742334
function_quality,rosenbrock,200,500,4,41,20.690600772
function_quality,rosenbrock,200,500,4,42,20.690600772
function_quality,rosenbrock,200,500,4,43,20.2572200226
function_quality,rosenbrock,200,500,4,44,20.2572200226
function_quality,rosenbrock,200,500,4,45,20.0547515401
function_quality,rosenbrock,200,500,4,46,20.0547515401
function_quality,rosenbrock,200,500,4,47,20.0547515401
function_quality,rosenbrock,200,500,4,48,20.0315788202
function_quality,rosenbrock,200,500,4,49,19.9542916813
function_quality,rosenbrock,200,500,4,50,19.9542916813
function_quality,rosenbrock,200,500,4,51,19.9542916813
function_quality,rosenbrock,200,500,4,52,19.8999438981
function_quality,rosenbrock,200,500,4,53,19.8583930232
function_quality,rosenbrock,200,500,4,54,19.7444204992
function_quality,rosenbrock,200,500,4,55,19.6995023429
function_quality,rosenbrock,200,500,4,56,19.4824732071
function_quality,rosenbrock,200,500,4,57,19.4824732071
function_quality,rosenbrock,200,500,4,58,19.403358472
function_quality,rosenbrock,200,500,4,59,19.3911328643
function_quality,rosenbrock,200,500,4,60,19.2910461768
function_quality,rosenbrock,200,500,4,61,19.2659268854
function_quality,rosenbrock,200,500,4,62,19.2161947993
function_quality,rosenbrock,200,500,4,63,19.2123044646
function_quality,rosenbrock,200,500,4,64,19.0924255449
function_quality,rosenbrock,200,500,4,65,19.0661988906
function_quality,rosenbrock,200,500,4,66,19.0475640159
function_quality,rosenbrock,200,500,4,67,18.9689227277
function_quality,rosenbrock,200,500,4,68,18.9308981217
function_quality,rosenbrock,200,500,4,69,18.9308981217
function_quality,rosenbrock,200,500,4,70,18.8984835218
function_quality,rosenbrock,200,500,4,71,18.8984835218
function_quality,rosenbrock,200,500,4,72,18.8984835218
function_quality,rosenbrock,200,500,4,73,18.8984835218
function_quality,rosenbrock,200,500,4,74,18.8586867729
function_quality,rosenbrock,200,500,4,75,18.8420299149
function_quality,rosenbrock,200,500,4,76,18.8420299149
function_quality,rosenbrock,200,500,4,77,18.777699163
function_quality,rosenbrock,200,500,4,78,18.777699163
function_quality,rosenbrock,200,500,4,79,18.7734853746
function_quality,rosenbrock,200,500,4,80,18.7378297601
function_quality,rosenbrock,200,500,4,81,18.7378297601
function_quality,rosenbrock,200,500,4,82,18.7067016488
function_quality,rosenbrock,200,500,4,83,18.7067016488
function_quality,rosenbrock,200,500,4,84,18.7067016488
function_quality,rosenbrock,200,500,4,85,18.6596770572
function_quality,rosenbrock,200,500,4,86,18.6596770572
function_quality,rosenbrock,200,500,4,87,18.5918818178
function_quality,rosenbrock,200,500,4,88,18.5918818178
function_quality,rosenbrock,200,500,4,89,18.5063964394
function_quality,rosenbrock,200,500,4,90,18.5063964394
function_quality,rosenbrock,200,500,4,91,18.5063964394
function_quality,rosenbrock,200,500,4,92,18.5063964394
function_quality,rosenbrock,200,500,4,93,18.4797488592
function_quality,rosenbrock,200,500,4,94,18.4797488592
function_quality,rosenbrock,200,500,4,95,18.4797488592
function_quality,rosenbrock,200,500,4,96,18.4797488592
function_quality,rosenbrock,200,500,4,97,18.4797488592
function_quality,rosenbrock,200,500,4,98,18.4797488592
function_quality,rosenbrock,200,500,4,99,18.4752010038
function_quality,rosenbrock,200,500,4,100,18.4380719479
function_quality,rosenbrock,200,500,4,101,18.4380719479
function_quality,rosenbrock,200,500,4,102,18.4380719479
function_quality,rosenbrock,200,500,4,103,18.4380719479
function_quality,rosenbrock,200,500,4,104,18.4380719479
function_quality,rosenbrock,200,500,4,105,18.42426558
function_quality,rosenbrock,200,500,4,106,18.42426558
function_quality,rosenbrock,200,500,4,107,18.42426558
function_quality,rosenbrock,200,500,4,108,18.4210712028
function_quality,rosenbrock,200,500,4,109,18.4210712028
function_quality,rosenbrock,200,500,4,110,18.420759403
function_quality,rosenbrock,200,500,4,111,18.420759403
function_quality,rosenbrock,200,500,4,112,18.420759403
function_quality,rosenbrock,200,500,4,113,18.3939448144
function_quality,rosenbrock,200,500,4,114,18.3794934606
function_quality,rosenbrock,200,500,4,115,18.3794934606
function_quality,rosenbrock,200,500,4,116,18.3768085913
function_quality,rosenbrock,200,500,4,117,18.3768085913
function_quality,rosenbrock,200,500,4,118,18.3499224139
function_quality,rosenbrock,200,500,4,119,18.3499224139
function_quality,rosenbrock,200,500,4,120,18.3376423808
function_quality,rosenbrock,200,500,4,121,18.3284537889
function_quality,rosenbrock,200,500,4,122,18.3284537889
function_quality,rosenbrock,200,500,4,123,18.3284537889
function_quality,rosenbrock,200,500,4,124,18.3101651528
function_quality,rosenbrock,200,500,4,125,18.3101651528
function_quality,rosenbrock,200,500,4,126,18.3101651528
function_quality,rosenbrock,200,500,4,127,18.3101651528
function_quality,rosenbrock,200,500,4,128,18.2921048382
function_quality,rosenbrock,200,500,4,129,18.2872072467
function_quality,rosenbrock,200,500,4,130,18.2872072467
function_quality,rosenbrock,200,500,4,131,18.2872072467
function_quality,rosenbrock,200,500,4,132,18.2872072467
function_quality,rosenbrock,200,500,4,133,18.2872072467
function_quality,rosenbrock,200,500,4,134,18.2865027929
function_quality,rosenbrock,200,500,4,135,18.2865027929
function_quality,rosenbrock,200,500,4,136,18.260654984
function_quality,rosenbrock,200,500,4,137,18.260654984
function_quality,rosenbrock,200,500,4,138,18.260654984
function_quality,rosenbrock,200,500,4,139,18.260654984
function_quality,rosenbrock,200,500,4,140,18.260654984
function_quality,rosenbrock,200,500,4,141,18.260654984
function_quality,rosenbrock,200,500,4,142,18.260654984
function_quality,rosenbrock,200,500,4,143,18.260654984
function_quality,rosenbrock,200,500,4,144,18.2514518589
function_quality,rosenbrock,200,500,4,145,18.2514518589
function_quality,rosenbrock,200,500,4,146,18.2498426003
function_quality,rosenbrock,200,500,4,147,18.2498426003
function_quality,rosenbrock,200,500,4,148,18.2498426003
function_quality,rosenbrock,200,500,4,149,18.1147604591
function_quality,rosenbrock,200,500,4,150,18.1147604591
function_quality,rosenbrock,200,500,4,151,18.1147604591
function_quality,rosenbrock,200,500,4,152,18.1147604591
function_quality,rosenbrock,200,500,4,153,18.1147604591
function_quality,rosenbrock,200,500,4,154,18.1147604591
function_quality,rosenbrock,200,500,4,155,18.1147604591
function_quality,rosenbrock,200,500,4,156,18.1147604591
function_quality,rosenbrock,200,500,4,157,18.1147604591
function_quality,rosenbrock,200,500,4,158,18.1147604591
function_quality,rosenbrock,200,500,4,159,18.1147604591
function_quality,rosenbrock,200,500,4,160,18.1147604591
function_quality,rosenbrock,200,500,4,161,17.8974936524
function_quality,rosenbrock,200,500,4,162,17.8974936524
function_quality,rosenbrock,200,500,4,163,17.8819300052
function_quality,rosenbrock,200,500,4,164,17.8819300052
function_quality,rosenbrock,200,500,4,165,17.8819300052
function_quality,rosenbrock,200,500,4,166,17.8819300052
function_quality,rosenbrock,200,500,4,167,17.8819300052
function_quality,rosenbrock,200,500,4,168,17.8819300052
function_quality,rosenbrock,200,500,4,169,17.8819300052
function_quality,rosenbrock,200,500,4,170,17.8819300052
function_quality,rosenbrock,200,500,4,171,17.8819300052
function_quality,rosenbrock,200,500,4,172,17.8819300052
function_quality,rosenbrock,200,500,4,173,17.8819300052
function_quality,rosenbrock,200,500,4,174,17.8590689685
function_quality,rosenbrock,200,500,4,175,17.8590689685
function_quality,rosenbrock,200,500,4,176,17.8590689685
function_quality,rosenbrock,200,500,4,177,17.8590689685
function_quality,rosenbrock,200,500,4,178,17.8590689685
function_quality,rosenbrock,200,500,4,179,17.8590689685
function_quality,rosenbrock,200,500,4,180,17.8590689685
function_quality,rosenbrock,200,500,4,181,17.8590689685
function_quality,rosenbrock,200,500,4,182,17.8369249071
function_quality,rosenbrock,200,500,4,183,17.8369249071
function_quality,rosenbrock,200,500,4,184,17.8369249071
function_quality,rosenbrock,200,500,4,185,17.8369249071
function_quality,rosenbrock,200,500,4,186,17.8369249071
function_quality,rosenbrock,200,500,4,187,17.8369249071
function_quality,rosenbrock,200,500,4,188,17.8369249071
function_quality,rosenbrock,200,500,4,189,17.8369249071
function_quality,rosenbrock,200,500,4,190,17.8326156909
function_quality,rosenbrock,200,500,4,191,17.8326156909
function_quality,rosenbrock,200,500,4,192,17.8326156909
function_quality,rosenbrock,200,500,4,193,17.8283550574
function_quality,rosenbrock,200,500,4,194,17.8283550574
function_quality,rosenbrock,200,500,4,195,17.8072267554
function_quality,rosenbrock,200,500,4,196,17.8072267554
function_quality,rosenbrock,200,500,4,197,17.8072267554
function_quality,rosenbrock,200,500,4,198,17.8072267554
function_quality,rosenbrock,200,500,4,199,17.8072267554
function_quality,rosenbrock,200,500,4,200,17.8072267554
function_quality,rosenbrock,200,500,4,201,17.8015002033
function_quality,rosenbrock,200,500,4,202,17.8015002033
function_quality,rosenbrock,200,500,4,203,17.8015002033
function_quality,rosenbrock,200,500,4,204,17.8015002033
function_quality,rosenbrock,200,500,4,205,17.7907912017
function_quality,rosenbrock,200,500,4,206,17.7907912017
function_quality,rosenbrock,200,500,4,207,17.7907912017
function_quality,rosenbrock,200,500,4,208,17.7907912017
function_quality,rosenbrock,200,500,4,209,17.7907912017
function_quality,rosenbrock,200,500,4,210,17.7907912017
function_quality,rosenbrock,200,500,4,211,17.7907912017
function_quality,rosenbrock,200,500,4,212,17.7907912017
function_quality,rosenbrock,200,500,4,213,17.7907912017
function_quality,rosenbrock,200,500,4,214,17.7907912017
function_quality,rosenbrock,200,500,4,215,17.7907912017
function_quality,rosenbrock,200,500,4,216,17.7907912017
function_quality,rosenbrock,200,500,4,217,17.7907912017
function_quality,rosenbrock,200,500,4,218,17.7907912017
function_quality,rosenbrock,200,500,4,219,17.7907912017
function_quality,rosenbrock,200,500,4,220,17.7907912017
function_quality,rosenbrock,200,500,4,221,17.7907912017
function_quality,rosenbrock,200,500,4,222,17.7907912017
function_quality,rosenbrock,200,500,4,223,17.7907912017
function_quality,rosenbrock,200,500,4,224,17.7907912017
function_quality,rosenbrock,200,500,4,225,17.7907912017
function_quality,rosenbrock,200,500,4,226,17.7907912017
function_quality,rosenbrock,200,500,4,227,17.7907912017
function_quality,rosenbrock,200,500,4,228,17.7907912017
function_quality,rosenbrock,200,500,4,229,17.7851392382
function_quality,rosenbrock,200,500,4,230,17.7851392382
function_quality,rosenbrock,200,500,4,231,17.7851392382
function_quality,rosenbrock,200,500,4,232,17.7851392382
function_quality,rosenbrock,200,500,4,233,17.7851392382
function_quality,rosenbrock,200,500,4,234,17.7846633753
function_quality,rosenbrock,200,500,4,235,17.7846633753
function_quality,rosenbrock,200,500,4,236,17.7846633753
function_quality,rosenbrock,200,500,4,237,17.7846633753
function_quality,rosenbrock,200,500,4,238,17.7846633753
function_quality,rosenbrock,200,500,4,239,17.7846633753
function_quality,rosenbrock,200,500,4,240,17.7818614225
function_quality,rosenbrock,200,500,4,241,17.7794452281
function_quality,rosenbrock,200,500,4,242,17.7794452281
function_quality,rosenbrock,200,500,4,243,17.7637933407
function_quality,rosenbrock,200,500,4,244,17.7637933407
function_quality,rosenbrock,200,500,4,245,17.7637933407
function_quality,rosenbrock,200,500,4,246,17.7637933407
function_quality,rosenbrock,200,500,4,247,17.7637933407
function_quality,rosenbrock,200,500,4,248,17.7637933407
function_quality,rosenbrock,200,500,4,249,17.7637933407
function_quality,rosenbrock,200,500,4,250,17.7637933407
function_quality,rosenbrock,200,500,4,251,17.7637933407
function_quality,rosenbrock,200,500,4,252,17.7637933407
function_quality,rosenbrock,200,500,4,253,17.7637933407
function_quality,rosenbrock,200,500,4,254,17.7637933407
function_quality,rosenbrock,200,500,4,255,17.7593113931
function_quality,rosenbrock,200,500,4,256,17.7593113931
function_quality,rosenbrock,200,500,4,257,17.7593113931
function_quality,rosenbrock,200,500,4,258,17.7577026004
function_quality,rosenbrock,200,500,4,259,17.7577026004
function_quality,rosenbrock,200,500,4,260,17.7577026004
function_quality,rosenbrock,200,500,4,261,17.7577026004
function_quality,rosenbrock,200,500,4,262,17.7577026004
function_quality,rosenbrock,200,500,4,263,17.7577026004
function_quality,rosenbrock,200,500,4,264,17.7577026004
function_quality,rosenbrock,200,500,4,265,17.7577026004
function_quality,rosenbrock,200,500,4,266,17.7577026004
function_quality,rosenbrock,200,500,4,267,17.7577026004
function_quality,rosenbrock,200,500,4,268,17.7577026004
function_quality,rosenbrock,200,500,4,269,17.7577026004
function_quality,rosenbrock,200,500,4,270,17.7542722259
function_quality,rosenbrock,200,500,4,271,17.7542722259
function_quality,rosenbrock,200,500,4,272,17.7542722259
function_quality,rosenbrock,200,500,4,273,17.7483305163
function_quality,rosenbrock,200,500,4,274,17.7481981848
function_quality,rosenbrock,200,500,4,275,17.7481981848
function_quality,rosenbrock,200,500,4,276,17.7481981848
function_quality,rosenbrock,200,500,4,277,17.7481981848
function_quality,rosenbrock,200,500,4,278,17.7481981848
function_quality,rosenbrock,200,500,4,279,17.7481981848
function_quality,rosenbrock,200,500,4,280,17.7481981848
function_quality,rosenbrock,200,500,4,281,17.7481981848
function_quality,rosenbrock,200,500,4,282,17.7364546384
function_quality,rosenbrock,200,500,4,283,17.7364546384
function_quality,rosenbrock,200,500,4,284,17.7364546384
function_quality,rosenbrock,200,500,4,285,17.7364546384
function_quality,rosenbrock,200,500,4,286,17.7364546384
function_quality,rosenbrock,200,500,4,287,17.7364546384
function_quality,rosenbrock,200,500,4,288,17.7364546384
function_quality,rosenbrock,200,500,4,289,17.7364546384
function_quality,rosenbrock,200,500,4,290,17.7364546384
function_quality,rosenbrock,200,500,4,291,17.7364546384
function_quality,rosenbrock,200,500,4,292,17.7364546384
function_quality,rosenbrock,200,500,4,293,17.7364546384
function_quality,rosenbrock,200,500,4,294,17.7364546384
function_quality,rosenbrock,200,500,4,295,17.7364546384
function_quality,rosenbrock,200,500,4,296,17.7364546384
function_quality,rosenbrock,200,500,4,297,17.7364546384
function_quality,rosenbrock,200,500,4,298,17.7341202784
function_quality,rosenbrock,200,500,4,299,17.7341202784
function_quality,rosenbrock,200,500,4,300,17.7341202784
function_quality,rosenbrock,200,500,4,301,17.7341202784
function_quality,rosenbrock,200,500,4,302,17.7341202784
function_quality,rosenbrock,200,500,4,303,17.7341202784
function_quality,rosenbrock,200,500,4,304,17.7341202784
function_quality,rosenbrock,200,500,4,305,17.7341202784
function_quality,rosenbrock,200,500,4,306,17.7341202784
function_quality,rosenbrock,200,500,4,307,17.7341202784
function_quality,rosenbrock,200,500,4,308,17.7341202784
function_quality,rosenbrock,200,500,4,309,17.7341202784
function_quality,rosenbrock,200,500,4,310,17.7341202784
function_quality,rosenbrock,200,500,4,311,17.7341202784
function_quality,rosenbrock,200,500,4,312,17.7341202784
function_quality,rosenbrock,200,500,4,313,17.7309748791
function_quality,rosenbrock,200,500,4,314,17.7309748791
function_quality,rosenbrock,200,500,4,315,17.7309748791
function_quality,rosenbrock,200,500,4,316,17.7309748791
function_quality,rosenbrock,200,500,4,317,17.7309748791
function_quality,rosenbrock,200,500,4,318,17.7309748791
function_quality,rosenbrock,200,500,4,319,17.7309748791
function_quality,rosenbrock,200,500,4,320,17.7234264059
function_quality,rosenbrock,200,500,4,321,17.7234264059
function_quality,rosenbrock,200,500,4,322,17.7234264059
function_quality,rosenbrock,200,500,4,323,17.7234264059
function_quality,rosenbrock,200,500,4,324,17.7234264059
function_quality,rosenbrock,200,500,4,325,17.7234264059
function_quality,rosenbrock,200,500,4,326,17.7234264059
function_quality,rosenbrock,200,500,4,327,17.7234264059
function_quality,rosenbrock,200,500,4,328,17.7234264059
function_quality,rosenbrock,200,500,4,329,17.7234264059
function_quality,rosenbrock,200,500,4,330,17.7176960096
function_quality,rosenbrock,200,500,4,331,17.7176960096
function_quality,rosenbrock,200,500,4,332,17.7176960096
function_quality,rosenbrock,200,500,4,333,17.7176960096
function_quality,rosenbrock,200,500,4,334,17.7176960096
function_quality,rosenbrock,200,500,4,335,17.7173828066
function_quality,rosenbrock,200,500,4,336,17.7173828066
function_quality,rosenbrock,200,500,4,337,17.7051062771
function_quality,rosenbrock,200,500,4,338,17.7010462519
function_quality,rosenbrock,200,500,4,339,17.7010462519
function_quality,rosenbrock,200,500,4,340,17.6967087241
function_quality,rosenbrock,200,500,4,341,17.6967087241
function_quality,rosenbrock,200,500,4,342,17.6967087241
function_quality,rosenbrock,200,500,4,343,17.6967087241
function_quality,rosenbrock,200,500,4,344,17.6967087241
function_quality,rosenbrock,200,500,4,345,17.6967087241
function_quality,rosenbrock,200,500,4,346,17.6967087241
function_quality,rosenbrock,200,500,4,347,17.6967087241
function_quality,rosenbrock,200,500,4,348,17.6967087241
function_quality,rosenbrock,200,500,4,349,17.6967087241
function_quality,rosenbrock,200,500,4,350,17.6967087241
function_quality,rosenbrock,200,500,4,351,17.6967087241
function_quality,rosenbrock,200,500,4,352,17.6967087241
function_quality,rosenbrock,200,500,4,353,17.6967087241
function_quality,rosenbrock,200,500,4,354,17.6967087241
function_quality,rosenbrock,200,500,4,355,17.6967087241
function_quality,rosenbrock,200,500,4,356,17.6967087241
function_quality,rosenbrock,200,500,4,357,17.6967087241
function_quality,rosenbrock,200,500,4,358,17.6893434339
function_quality,rosenbrock,200,500,4,359,17.6893434339
function_quality,rosenbrock,200,500,4,360,17.6893434339
function_quality,rosenbrock,200,500,4,361,17.6893434339
function_quality,rosenbrock,200,500,4,362,17.6856777255
function_quality,rosenbrock,200,500,4,363,17.6856777255
function_quality,rosenbrock,200,500,4,364,17.6856777255
function_quality,rosenbrock,200,500,4,365,17.6856777255
function_quality,rosenbrock,200,500,4,366,17.6856777255
function_quality,rosenbrock,200,500,4,367,17.6856777255
function_quality,rosenbrock,200,500,4,368,17.6856777255
function_quality,rosenbrock,200,500,4,369,17.6856777255
function_quality,rosenbrock,200,500,4,370,17.6856777255
function_quality,rosenbrock,200,500,4,371,17.6856777255
function_quality,rosenbrock,200,500,4,372,17.6856777255
function_quality,rosenbrock,200,500,4,373,17.6856777255
function_quality,rosenbrock,200,500,4,374,17.6856777255
function_quality,rosenbrock,200,500,4,375,17.6521263397
function_quality,rosenbrock,200,500,4,376,17.6521263397
function_quality,rosenbrock,200,500,4,377,17.6521263397
function_quality,rosenbrock,200,500,4,378,17.6521263397
function_quality,rosenbrock,200,500,4,379,17.6521263397
function_quality,rosenbrock,200,500,4,380,17.6521263397
function_quality,rosenbrock,200,500,4,381,17.6257958733
function_quality,rosenbrock,200,500,4,382,17.6257958733
function_quality,rosenbrock,200,500,4,383,17.6257958733
function_quality,rosenbrock,200,500,4,384,17.6257958733
function_quality,rosenbrock,200,500,4,385,17.6257958733
function_quality,rosenbrock,200,500,4,386,17.6257958733
function_quality,rosenbrock,200,500,4,387,17.6257958733
function_quality,rosenbrock,200,500,4,388,17.6257958733
function_quality,rosenbrock,200,500,4,389,17.6257958733
function_quality,rosenbrock,200,500,4,390,17.6257958733
function_quality,rosenbrock,200,500,4,391,17.6257958733
function_quality,rosenbrock,200,500,4,392,17.6257958733
function_quality,rosenbrock,200,500,4,393,17.6257958733
function_quality,rosenbrock,200,500,4,394,17.6257958733
function_quality,rosenbrock,200,500,4,395,17.6257958733
function_quality,rosenbrock,200,500,4,396,17.6257958733
function_quality,rosenbrock,200,500,4,397,17.6257958733
function_quality,rosenbrock,200,500,4,398,17.6257958733
function_quality,rosenbrock,200,500,4,399,17.6257958733
function_quality,rosenbrock,200,500,4,400,17.6257958733
function_quality,rosenbrock,200,500,4,401,17.6257958733
function_quality,rosenbrock,200,500,4,402,17.6257958733
function_quality,rosenbrock,200,500,4,403,17.6257958733
function_quality,rosenbrock,200,500,4,404,17.6257958733
function_quality,rosenbrock,200,500,4,405,17.6232899787
function_quality,rosenbrock,200,500,4,406,17.6220456606
function_quality,rosenbrock,200,500,4,407,17.6219907591
function_quality,rosenbrock,200,500,4,408,17.6181569592
function_quality,rosenbrock,200,500,4,409,17.6181569592
function_quality,rosenbrock,200,500,4,410,17.607597965
function_quality,rosenbrock,200,500,4,411,17.607597965
function_quality,rosenbrock,200,500,4,412,17.607597965
function_quality,rosenbrock,200,500,4,413,17.607597965
function_quality,rosenbrock,200,500,4,414,17.6069453733
function_quality,rosenbrock,200,500,4,415,17.6069453733
function_quality,rosenbrock,200,500,4,416,17.6069453733
function_quality,rosenbrock,200,500,4,417,17.6069453733
function_quality,rosenbrock,200,500,4,418,17.6069453733
function_quality,rosenbrock,200,500,4,419,17.6069453733
function_quality,rosenbrock,200,500,4,420,17.593227425
function_quality,rosenbrock,200,500,4,421,17.593227425
function_quality,rosenbrock,200,500,4,422,17.593227425
function_quality,rosenbrock,200,500,4,423,17.5888572269
function_quality,rosenbrock,200,500,4,424,17.5888572269
function_quality,rosenbrock,200,500,4,425,17.565997949
function_quality,rosenbrock,200,500,4,426,17.5416511309
function_quality,rosenbrock,200,500,4,427,17.5416511309
function_quality,rosenbrock,200,500,4,428,17.5416511309
function_quality,rosenbrock,200,500,4,429,17.5416511309
function_quality,rosenbrock,200,500,4,430,17.5416511309
function_quality,rosenbrock,200,500,4,431,17.5416511309
function_quality,rosenbrock,200,500,4,432,17.5416511309
function_quality,rosenbrock,200,500,4,433,17.5316880682
function_quality,rosenbrock,200,500,4,434,17.5316880682
function_quality,rosenbrock,200,500,4,435,17.5316880682
function_quality,rosenbrock,200,500,4,436,17.5260438702
function_quality,rosenbrock,200,500,4,437,17.5260438702
function_quality,rosenbrock,200,500,4,438,17.5238763196
function_quality,rosenbrock,200,500,4,439,17.5238763196
function_quality,rosenbrock,200,500,4,440,17.5238763196
function_quality,rosenbrock,200,500,4,441,17.5238763196
function_quality,rosenbrock,200,500,4,442,17.5184978713
function_quality,rosenbrock,200,500,4,443,17.5184978713
function_quality,rosenbrock,200,500,4,444,17.5184978713
function_quality,rosenbrock,200,500,4,445,17.5184978713
function_quality,rosenbrock,200,500,4,446,17.5184978713
function_quality,rosenbrock,200,500,4,447,17.5184978713
function_quality,rosenbrock,200,500,4,448,17.5184978713
function_quality,rosenbrock,200,500,4,449,17.5184978713
function_quality,rosenbrock,200,500,4,450,17.5184978713
function_quality,rosenbrock,200,500,4,451,17.5184978713
function_quality,rosenbrock,200,500,4,452,17.5184978713
function_quality,rosenbrock,200,500,4,453,17.5184978713
function_quality,rosenbrock,200,500,4,454,17.5184978713
function_quality,rosenbrock,200,500,4,455,17.5184978713
function_quality,rosenbrock,200,500,4,456,17.5184978713
function_quality,rosenbrock,200,500,4,457,17.5184978713
function_quality,rosenbrock,200,500,4,458,17.5184978713
function_quality,rosenbrock,200,500,4,459,17.5184978713
function_quality,rosenbrock,200,500,4,460,17.5184978713
function_quality,rosenbrock,200,500,4,461,17.5184978713
function_quality,rosenbrock,200,500,4,462,17.5184978713
function_quality,rosenbrock,200,500,4,463,17.4815020504
function_quality,rosenbrock,200,500,4,464,17.4815020504
function_quality,rosenbrock,200,500,4,465,17.4815020504
function_quality,rosenbrock,200,500,4,466,17.4815020504
function_quality,rosenbrock,200,500,4,467,17.4815020504
function_quality,rosenbrock,200,500,4,468,17.4815020504
function_quality,rosenbrock,200,500,4,469,17.4815020504
function_quality,rosenbrock,200,500,4,470,17.4815020504
function_quality,rosenbrock,200,500,4,471,17.4815020504
function_quality,rosenbrock,200,500,4,472,17.4815020504
function_quality,rosenbrock,200,500,4,473,17.4815020504
function_quality,rosenbrock,200,500,4,474,17.4815020504
function_quality,rosenbrock,200,500,4,475,17.4815020504
function_quality,rosenbrock,200,500,4,476,17.4720077259
function_quality,rosenbrock,200,500,4,477,17.4720077259
function_quality,rosenbrock,200,500,4,478,17.4720077259
function_quality,rosenbrock,200,500,4,479,17.4720077259
function_quality,rosenbrock,200,500,4,480,17.4720077259
function_quality,rosenbrock,200,500,4,481,17.4601614159
function_quality,rosenbrock,200,500,4,482,17.4601614159
function_quality,rosenbrock,200,500,4,483,17.4601614159
function_quality,rosenbrock,200,500,4,484,17.4601614159
function_quality,rosenbrock,200,500,4,485,17.4601614159
function_quality,rosenbrock,200,500,4,486,17.4601614159
function_quality,rosenbrock,200,500,4,487,17.4601614159
function_quality,rosenbrock,200,500,4,488,17.4530416555
function_quality,rosenbrock,200,500,4,489,17.4530416555
function_quality,rosenbrock,200,500,4,490,17.4530416555
function_quality,rosenbrock,200,500,4,491,17.4530416555
function_quality,rosenbrock,200,500,4,492,17.4530416555
function_quality,rosenbrock,200,500,4,493,17.4530416555
function_quality,rosenbrock,200,500,4,494,17.4530416555
function_quality,rosenbrock,200,500,4,495,17.4530416555
function_quality,rosenbrock,200,500,4,496,17.4530416555
function_quality,rosenbrock,200,500,4,497,17.4530416555
function_quality,rosenbrock,200,500,4,498,17.4530416555
function_quality,rosenbrock,200,500,4,499,17.4530416555
function_quality,rosenbrock,200,500,4,500,17.4484225336
