cluster,PC1,PC2
0,-1.0553972626503434,-2.10827826931223
0,-0.245404308497842,-0.6683944321623493
0,-0.9834349051662803,-2.028150859756656
0,-0.06697956751731789,-0.09091784376108003
0,-0.5601828155711446,-2.8817168343909203
0,0.8734325956374043,-2.20692872833735
0,0.8974273533063156,-1.4982455476248477
0,-1.4212916936310054,-1.7813681027474937
1,1.869324464125654,-1.0186293982991668
1,0.5333383839402026,0.3210783959889245
0,-0.7987765426802008,-1.486736457309415
2,-2.7992051863961582,0.9818737389738547
1,2.5501871797005435,0.3712572591514323
1,2.446563742953901,-0.4416730663946219
0,1.388284873567153,-1.173418656542152
1,3.57077022758455,1.8928954719196622
2,-2.29455638382991,1.6107390723705506
1,3.0741155304384575,1.1313421451587375
0,-0.6677913693221027,-1.0978200328744125
0,0.7748102637526276,-1.7394425318092122
0,-0.7662948482723727,-2.328418376102175
2,-2.7355239549031354,1.0280505804946731
2,-3.2456558980540615,0.1716439197546739
1,1.1860554967248593,0.26091113751912753
1,0.431036325470005,0.20731373427853134
0,-0.16883757756620646,-1.270801410435457
1,2.2912749541164037,-0.4699118213916072
0,-1.2528366418434527,-1.706888826581696
1,2.9614500472277356,1.5878271798188455
0,-0.22724924064730984,-1.6217085168312133
1,3.0247488006998786,1.0549715506177042
0,0.5249212410447146,-2.0462941094656184
0,0.10733823774809167,0.11895278849884769
2,-3.1167890801350313,0.20690528232109778
0,-1.2732459448031257,-2.3697079712463123
1,2.957416490682226,1.5205156346772957
0,-0.5089172279790176,-2.791404123484777
0,0.9001568718803381,-1.146942119120534
1,1.9966310331833004,-1.14420459989137
0,0.9320924291961914,-1.9003381794797698
0,-0.8996240274024658,-1.0829229697233012
1,1.91487351231808,0.9887749058352814
2,-2.74812380272762,1.318980693250443
1,2.0580802711045365,0.836263117641689
0,0.4810227621956852,-1.245411900505545
0,1.4975775031366023,-1.337836181631579
0,-1.279632089238832,-2.0756700506989643
0,-0.22966878838805838,-2.7711878279909623
1,1.7009546530525137,0.22233381266119567
1,1.5894289244765403,1.039665073613289
1,1.6958599213230856,-1.3543882992197112
0,0.817319466571163,-1.5866233920188677
0,0.6421326121339014,-0.9951820066523596
0,0.37529696179411853,-2.100911697195784
1,1.7756868772553307,0.9783341112770039
0,1.07470519050114,-2.2063720139650456
1,2.813172310797983,0.57980896302916
1,3.507133954122315,0.8975023015296979
2,-1.9510885275721948,1.891955537120965
1,3.416618929645807,0.8139863857973147
1,2.3370157444837507,-0.678122013232445
1,2.147237408646421,-0.5164045300245395
1,0.7224320725931078,0.9363030882369989
0,-0.23456735676441143,-0.7583375007943977
0,0.494992468118431,-2.215933410237362
0,-0.09000988728459902,-1.9348446212158337
1,1.47316708069323,-0.7300214189014748
1,0.6968943843290214,-0.07762604106726187
2,-2.085846106350893,2.193741615100562
0,-0.1312291690835655,-1.9980986607542537
0,-1.3679226949258048,-2.0643561684122846
2,-1.8419383135527871,1.7434721660028645
1,3.46041844319486,1.1870915705127314
2,-1.31167276023442,2.328929744813167
0,-0.5541469740863637,-1.6133412674720091
1,2.900186079583572,0.26761606826172035
0,0.19104915118560248,-0.6335850020253362
0,-0.870387453147267,-1.2041908766909355
0,0.6981077100157526,-1.2554794565692307
2,-1.5557074659873125,1.8355967117202676
0,-0.29241652652075417,-2.5813798831691024
0,-0.41263327645795633,-1.1966303502366185
0,-0.09355748263694025,-2.044079840605676
1,1.9964973279306815,-0.4479121486835811
2,-1.8920896905056694,1.7798028510334243
0,0.8684006065217875,-1.9851470418765287
0,0.41267542827907294,-0.6130093322098669
2,-2.077149179578792,2.1673903515595576
2,-2.0867569632842056,1.8902347883735509
0,-0.6986190568967201,-1.161506574386095
0,0.6598533241848541,-0.7260910005347332
0,-0.5762420488838363,-2.5590180550191683
1,2.38918947776728,1.3591130679088215
1,3.243809376265272,0.35597756185303614
1,3.2850450793249912,0.7702304719184434
0,0.1734248209627411,-2.3252268873895416
1,1.7300375410324582,0.992855043523365
2,-3.159819928225633,0.2570208160020959
2,-2.1367818214034844,1.7777709489949056
0,1.489250627169947,-1.279862651694474
2,-3.244825942679937,0.17134364473136593
2,-2.991971123843106,0.4843324088717849
1,1.5191563512532622,-0.42520154232131036
1,0.9246785228474315,0.500495433993279
1,3.6043671443706757,1.1953364195446428
0,-1.6582760379894346,-2.1326657967867195
1,3.336717010677744,0.8929086274856346
0,-0.9296471885088229,-0.9580917764860221
1,1.4987203361452466,-0.6726072786341653
2,-1.732095314116349,2.6930170180150803
1,2.3335138696593685,-0.3531767092913364
1,0.4274415675728308,0.1349322251551064
1,1.5183100297098326,-1.0488450449258278
0,1.0438428710518226,-1.6560271808211253
1,1.3304898809658925,0.6777946435304639
0,0.04022475289314642,-1.6226678227906322
0,-0.6819987022064491,-0.7047118237716088
0,0.9874046072512909,-1.6545789395003294
2,-2.4635829056780887,1.4887118395592316
0,0.960978598699663,-0.982090633596426
1,2.654028688028567,0.33018785481808305
2,-3.1474464522358834,0.27491414023443045
0,-0.2037546347638128,-2.8245110420753345
0,-1.0905341206821657,-1.4540947462669247
2,-3.0592174337733065,0.7047909534575025
0,1.0730540883036572,-0.8691466319173815
0,0.7808687227305621,-1.9679840583083623
2,-1.1168222427891572,2.358948216844117
2,-3.252295541047058,0.17404611994113744
1,1.4942883964096811,0.18509260785650927
0,0.4965035693703652,-2.401600359522218
0,0.5110102455516137,-0.34521666301012177
1,0.3875965452654969,0.1058166095892813
0,-1.0488070859003977,-2.4683554427346963
0,-1.3403383652194494,-2.4494501055825726
2,-1.7007274233254803,1.4360946651127136
0,0.14585888596810448,-1.8214637078731681
2,-1.960329384955305,2.4784355438484247
2,-2.042410391716773,1.8775915560125307
0,-0.5124127377849146,-2.5695061052572385
1,3.0101189975953115,1.7242756286007555
0,-0.1859250013563391,-1.6795964289254166
1,2.847906676388063,0.36919852267844794
1,2.008995571827668,-0.019112355489875055
2,-1.2165751111409555,2.440427268633647
1,2.859822177345267,1.092411799410078
2,-3.1491897177525923,0.5313890739436089
0,-1.1565860526365659,-2.6715041603702034
0,0.19432925929524283,-0.39551858034879106
0,0.08177425548069545,-0.8288911849912054
0,-0.0625470356069065,-1.5146659227337111
0,0.2936363455476826,-2.1167679038485447
1,3.625408862276127,1.366194542748846
1,2.0661387025083915,1.4200258100375958
2,-3.04174305098374,0.7577738238017
0,0.2534711236796975,-1.72881558168697
0,0.6973749107562598,-1.936961414387584
2,-2.6986187194047075,1.4253186210862951
0,-0.23531207013720648,-0.41095316370653256
2,-2.507294167894237,0.857318092813667
0,-0.5412960616166319,-1.6985573664206368
0,0.42590685997430744,-1.6468226806238373
0,-0.5800017892482828,-2.8776913062206617
1,1.6065353852223505,0.2994523857321195
2,-2.8663370795436447,1.1779418387202094
2,-1.8733446418507242,2.3838438372642208
0,-0.5157154944832535,-2.6280754054994806
1,2.919986657333907,1.5789073018699278
1,0.857266960750801,-0.39994794027395897
2,-2.720134134841791,0.8130358917370228
1,1.3079360328628202,-0.1469621764121905
0,0.9434364643016321,-1.8882021503591249
0,0.38023904575068873,-0.3277484063520063
1,2.171955352526052,-0.022412085938100124
2,-2.502718883599482,1.205256321087456
2,-2.0348774783064556,1.0369586381315532
0,0.09281187237685457,-2.400540433125519
0,-0.4024388555299686,-2.2097753920773657
0,1.4381276151267217,-1.095152934754903
2,-1.6923064351265626,1.9361190613913466
0,-1.383353137716421,-1.985980022976325
0,-1.4776143453918933,-2.3191307909878542
0,0.09496053675202293,-2.1686843173088266
1,0.7388469529651589,0.13520533429464376
0,0.16701778789546734,-2.101246780825393
0,-1.2542482707483071,-2.3154565426960456
0,-0.6299169568242562,-1.807326103719232
0,-1.3970214968779233,-2.102688882830571
2,-2.8378799903023473,0.5836698776163718
0,0.3466386285269388,-0.7324472280059602
1,1.179670927351694,0.14425693288360286
0,0.4510017576585223,-1.9411878469449941
2,-1.7548716142728402,2.627883016496417
1,3.547153672304953,1.7303835305997168
2,-1.9368373457425205,2.4153839040385474
0,0.9698494525172625,-1.2466452678537776
2,-1.978397502209725,1.4731122670506356
1,3.072778192356995,-0.02767481082706702
1,3.7673297165505906,1.52536613372026
2,-3.2507423938651323,0.3779014632879806
1,1.4253504523132223,-0.591958764368976
0,0.10381477146104803,-1.8669069543577035
1,3.206974616213401,1.208272359776446
0,0.026485826342348084,-2.0106870601113447
0,0.3356426845765358,-1.2872222917731568
0,0.7480868702157305,-0.9799375261629758
1,1.5844439967242074,1.4794694434673812
0,-0.45433901531890825,-2.599439278232918
0,1.1777921934266875,-1.3986544630864686
1,2.9432861150170275,0.876214492572235
0,-1.1419148643366341,-2.447535141666003
0,-1.5665152542139302,-2.3951323495616332
2,-2.1808074722074635,2.139416527485441
2,-2.4424467570084807,1.411547137905357
0,0.8291498556501308,-1.7420429287841808
1,1.3463639021898386,0.32152490254994254
1,0.8467945226132945,1.4246316915727986
1,1.4597929310454145,1.0912246632135458
1,2.5056913272193686,1.2971830549572103
0,-0.07273838515185915,-2.387423657046046
0,-0.5190984028714113,-2.8239432070201738
2,-1.2638057128155182,2.532301429510369
2,-2.7311028658094463,0.6055144493426137
0,-1.1487254352878096,-1.727855446561151
2,-2.688116688120468,0.57260255578619
0,-0.10492869368530353,-1.0344741234137456
1,0.9524697925295099,0.11107884283271027
0,-1.0073098369583486,-1.9392961595939155
0,1.129928076915989,-1.4186477494903844
1,1.9468514908883061,0.7858143413629644
1,2.7717201075142395,0.43769400459538443
1,1.7472441509296153,-0.33160847338977617
0,-0.29576304356666316,-2.3890495526192446
2,-1.7922089363676454,2.233437182332032
2,-2.2452286572056535,0.6587963189743808
0,-0.7367945272016871,-2.2485026158038206
0,-1.1414101044966936,-1.5306169772232558
0,0.3304062699330392,-2.1162959355894353
0,0.6937075704528569,-2.2353818459808124
2,-2.920804210275584,0.9344224552197657
1,2.549837085095194,1.2613349592655299
1,3.378604402892482,1.2363057211435944
1,1.1050977045385737,0.21179586253000038
1,2.3742851151386026,0.2783996117022606
0,-0.3757758534489045,-2.004259588535972
0,-0.5026822233916703,-2.4877335601404056
0,0.51810424417971,-0.5411480228465131
0,0.05249458755912456,-2.3787136345509654
0,-1.210641296913496,-2.2605087949918055
1,2.0732605189493785,-0.4421032802202918
1,2.0342533501090934,0.025382884303434106
0,-0.6268528748366508,-2.214027775826952
0,-0.8201982442644358,-1.8945585376553753
1,1.1774900714890468,0.11011115427686574
2,-2.915784306886516,0.18334671970845157
1,1.7222747716594617,1.049229674084231
1,3.31312380684813,1.6100976210345395
1,2.7661285972441245,0.6500028686375279
0,-1.0232510058156457,-2.176519947130961
0,0.10824424162511717,-1.129599363625424
0,-0.6966424914018018,-2.286313647609552
0,1.3622290662064427,-1.9320293664689205
1,2.2298443400476575,-0.6644931967730622
0,0.16552862368971216,-0.37301081580302775
1,2.5428931421016614,0.6864124324850562
1,2.290592367011193,1.6347918040448566
2,-1.8081774511647697,1.7720490856988056
0,1.0962760138487084,-1.3234024219260556
2,-2.2032229375944854,1.8894119692612774
2,-1.1130840951062873,2.3337935613141867
0,0.768474110470762,-2.0473472045324637
1,0.9294713563110152,0.2552276610089271
0,-1.589314340513358,-2.188722961158474
0,1.5001935740127208,-1.2167860645077124
0,-0.9177215148147202,-2.5532715988013797
0,0.3429779868677693,-2.052816311030349
1,2.782329092740417,-0.2522996738843177
0,0.21880624283426864,-1.1776196197576483
0,-0.05524968957305748,-1.5360788733621331
0,-1.055377554453664,-1.973815363809228
0,-1.0431176978555223,-1.7437534845205547
0,-0.9175676607625755,-2.046575945956411
2,-2.8959973708475526,0.392501167304202
0,0.6028750952857569,-0.27660588780905304
0,0.6522307448682496,-1.0709365085094373
0,0.4557530460482059,-1.7512171136355759
0,-0.7438396703235199,-2.179674155627346
0,-0.6527811535056738,-2.4472097183888364
0,-0.1335723386951544,-2.5773269170921336
0,-0.9845211831383014,-2.2377339649543972
0,0.48649093093226403,-2.320972912125864
0,-0.020382111507666563,-0.42035628949953774
0,0.5122892075705665,-0.4243958488832159
0,0.30648458781069243,-2.6076490829971934
2,-3.064077610792706,0.4131709121732342
2,-3.243995987305812,0.171043369708058
1,1.6706215705039378,0.47606475354789024
1,1.9998325193433635,-1.165772537758292
1,1.3030840277769478,-0.5740302282903108
0,-0.6590436356060624,-2.29095695418589
0,0.14895553523753535,-1.310017169912304
0,0.6170151531071457,-2.6601528688664877
0,0.17993946291776125,-2.230110481316716
1,1.553715729870844,1.4562157879091582
0,0.9384493240902216,-1.1950465501169105
2,-1.7830826883971662,2.2575133242277077
0,0.8300140738587117,-1.8133711693203765
1,0.5204699640509157,0.09152945566152264
1,1.894707578104053,-0.6880202997244476
1,1.5717871881288286,0.1538203977159568
2,-2.9443551257319824,0.018979983683260815
0,0.619583983723036,-1.665973000002239
1,2.517989755041151,0.5079781486543158
0,-0.28446053525391596,-2.6134315445779275
0,-0.1407097817829127,-2.6730985894190153
1,2.678471288924418,0.903878071719068
2,-1.6776726288858463,2.0027577868990725
1,1.0636064567393737,0.5290504840499283
0,1.2091228275307606,-1.5367662904938226
1,1.4624314732597172,-0.9987865781871823
1,1.8091737538689336,0.47483748492382505
1,1.8274622399151157,1.1655984095198844
0,-1.1706952939966833,-2.666399484973968
0,-1.0130650567787451,-1.0809017067983184
1,1.5396923312560755,0.8306808025067818
1,2.5530293022915966,-0.08082317530266248
0,0.34906942901518145,-2.0632240033510123
0,-0.4859336941633401,-2.9714586682008997
0,-0.2900024801504616,-1.4373325449018233
0,0.5766393226089087,-2.077286905297902
2,-2.2693052031839667,1.6498420321629106
2,-2.8821313715505625,0.4517157551831876
1,2.033682014293508,-0.38627102794146545
0,-0.09705464990379253,-2.709982265892254
0,-0.3154257745544524,-2.286007829569099
1,2.21942753909419,1.1124522440616984
1,2.424705494200391,-0.37402969641013756
1,2.709933027544751,1.0214781332237444
1,1.4276205332704577,-1.1360287442838186
1,3.095467089953653,0.10395432528404258
0,-0.17426486961115412,-1.0801064505478881
1,2.667145893636855,1.763001713191834
1,1.6391932003221443,0.5247491681226272
2,-2.0970788681100743,1.8715516612946885
2,-2.182239717211956,1.433174735429702
0,-0.21198301391109614,-2.964134675717548
0,0.10624744272725017,-2.653914896466426
2,-1.7468380418271352,2.4303703282666147
0,-0.2347323806604485,-1.800842519372003
1,2.5287605412584115,0.7933038528587804
1,0.7377233496465266,0.1675186029952089
0,-1.0996739619254745,-1.3924192234416417
0,0.31746068781415243,-2.5858606470797807
0,0.3665327021716762,-1.6808939472696998
0,-0.3959295091126812,-1.8418345589375824
0,0.00538380148322154,-2.319665326625344
0,-0.25309365777662585,-2.1030685230003017
1,3.1903321913926606,0.5892332400491139
0,-0.740905157822084,-1.1703015823510166
1,1.8463751710961869,-0.12054462029742144
2,-3.195070993070356,0.4682378439715217
1,1.777713687686854,-0.3089731674639663
0,0.38818659120408133,0.012252304356475646
2,-2.182094813503147,1.4320306369235085
0,0.02338814334534267,-1.9643609258571988
0,0.24459652373475904,-1.9416599861967465
0,-0.021209742353436672,-1.246255158847568
2,-3.2568047215858282,0.1738146350657826
1,3.1397590497808823,0.6125394324742364
1,3.8243322530084893,1.7997558374619205
2,-2.4931194330181308,1.6741500813465828
0,0.12672727482570484,-2.746874711593338
0,-0.9168647036598997,-0.5564889154110406
1,2.6715116630800324,0.6808529091598658
1,1.473279458367558,-1.110045749649732
1,1.5771532411203544,0.23663729475336448
0,-1.7082216939428938,-2.2275876240045935
1,1.7232954185218696,-0.9403002498163329
1,2.2865333860284887,0.9564003546326656
0,0.4966266310322179,-1.442501215910567
1,1.3571491256982098,-0.2544533012457969
0,-1.2792338889999066,-2.1099193825888367
1,2.106750061936172,1.5737114452851584
0,0.28525714080942366,-2.3697143972494543
1,2.5952949382234447,-0.05375904438781298
2,-2.859890937710955,0.571527517134464
1,2.0859309008158644,-0.605835398913905
1,0.6884271912707356,-0.14338781476272044
1,1.5492283755012373,-1.0290265156647482
0,-1.381773362843933,-2.261938501862401
0,1.281749134340081,-1.6354851529285503
1,1.4120526428490137,-0.5730881874627467
0,-1.068665351524021,-2.7320161889385526
2,-2.93989788229708,0.568864479128624
1,1.9767379739339164,-1.186742915110269
1,2.665211677370162,1.1484063025021625
1,2.2555509418114514,-0.49063887735378064
0,0.5030198236363035,-1.5275341104474112
0,0.480722756107139,-1.1169531797166135
2,-2.6829186685811552,1.4412043636927816
2,-2.522166974722145,1.2062673764792406
2,-2.8706330547859102,0.7422766599982207
1,3.050257044164762,0.4721365059305441
1,0.7771287342474233,0.5762176681539131
2,-2.6591690140056015,0.8411297330081282
2,-1.6427372211873903,2.0376581022625126
1,2.556619496642644,0.5664681054594545
1,1.28860701640666,-0.946863484433094
2,-3.0616025684132686,-0.02048522920947432
2,-3.0720325846087406,-0.014848793914576497
0,0.10866291929855765,-2.7193759275344176
2,-1.5807213649878393,1.6335286596166723
0,0.6828475831789121,-1.806179749551864
1,1.8096494387693562,-0.6470577619998071
0,0.9488199303098747,-1.1629408141859388
0,-0.07601039921417538,-1.3836365105801878
1,3.119022014795892,1.035078080272677
2,-1.7921478883266362,1.8010206225989807
0,0.48252008248170825,-1.2695050714285259
0,-0.3106697543891278,-2.574406168892894
2,-2.5204656896303965,0.5688039223716596
0,-0.44373024734129113,-2.531397343245578
1,1.4324891170619207,-0.2856987888699612
2,-1.908054497223436,1.960030333430539
0,-0.8378479387620108,-1.3011400464655605
0,0.5243527110066452,-0.6766935365289467
1,2.86976893999579,0.1406340495051846
0,0.32260978229376797,-1.840098828189828
0,0.2422694634267934,-2.186801849456533
1,1.1142024409617217,0.6244263326338804
2,-1.9322063435109966,1.7915471962693454
1,2.044830685973751,1.6659164812309009
0,-1.0173038451194483,-1.9808296110408834
0,-0.9301539695968133,-2.192504659645247
2,-2.012731694256833,1.4189700275832817
0,-0.16536529824491653,-1.1583352102948727
2,-2.301060896918006,1.561303335463255
1,3.919279696256127,1.83463288300513
1,1.4240023781274385,-0.9983654430710358
0,-1.1381438411980065,-1.8449551245923013
1,1.6264360376856122,-0.9804312525588423
1,2.112081195299308,-0.5557252647567346
1,3.0757766419893726,0.7962011504402373
0,-0.10337637730018032,-1.4297413561439423
0,0.7429828565494833,-1.283060543396839
1,2.9231966455345115,-0.2676206786998496
0,-0.9297002937206111,-2.5508006084669628
2,-1.4541691542915118,2.1031845426786147
0,0.6247944620210135,-1.7505801491328814
1,3.0177347290823837,1.663751910139673
2,-1.6722251679140514,1.9483550007882373
0,0.16170261985649959,-1.175767523720216
1,1.4507279470002856,0.4035682820144394
0,0.6701476201931686,-1.5158202112710184
2,-1.6137930970242065,2.2479672409322498
0,1.6173454109734187,-1.4669190703683266
1,1.1462108928755574,-0.04906452088443694
1,0.933549911502365,0.3886385264943486
2,-3.0945215206413326,0.4613428786301596
0,-0.2502477527830579,-2.8880425139344266
2,-3.187622539596358,0.49353148638801925
0,0.4444918640677825,-1.1160497724737928
0,0.6896235409763862,-1.6804534997968628
0,0.8117053181094963,-2.260534896293183
1,4.038698858554212,1.5125761287379746
1,0.4900280416121491,0.08692662603683948
1,2.9943339590065694,0.6894867538467738
1,2.7387805163660692,0.45576547382186194
2,-2.4453873770538834,1.7665624813969747
0,-0.5738327009640449,-1.5731690229892692
2,-2.8073556435149793,0.7414576078659534
0,-0.8302896642931181,-2.5536616243764443
0,-0.07609284133179922,-1.5638796824524082
0,-0.5602826184602085,-0.9455006753345142
0,-0.2865826868157316,-2.221699200109551
0,0.6179368319211721,-1.9995783997715573
1,1.0554963191284439,-0.5973593172621237
0,0.14944912301068514,-0.9965168715560299
0,0.3452242636246705,-2.315865185355662
0,-0.4524484418181065,-1.9073183569306733
2,-2.8771639676309397,1.3055444402600935
0,0.4565374161089381,-0.3491362629820341
0,0.4184951095129537,-2.3141451555406944
1,3.706579609360457,1.2108357990812542
0,0.2438472142225045,-1.8878281775352084
1,2.4449996739303064,0.5133212635650922
0,1.0805906566431878,-2.0136801720437094
1,2.728962378760491,1.0440694881129287
0,-0.08095515651636653,-0.523968679983192
0,-0.2777430436954915,-2.673677544771806
1,3.175300033209559,0.93499571469311
0,-0.621139831877642,-2.3186963431005623
0,-0.32938301704765893,-2.375111338321832
1,1.3784728274906837,0.2289266521775947
2,-3.241506121183439,0.17014254463813416
0,-0.1547171870841888,-0.9893806374550913
0,-0.17603510010828644,-0.6136104883589785
2,-1.7214799109035448,2.440289205780188
0,-1.2428216698220498,-2.175080026917736
0,0.9847921146149228,-1.545825449044007
1,2.196730213750844,0.08031921790711855
1,2.2427692440613245,0.24475356266588819
1,1.475309424370105,0.8043571110623077
1,1.5040782955947958,0.027071513587562462
1,2.2419716658038786,1.2529052432840797
0,1.166247440157088,-1.8382363021391386
0,0.06526791632797124,-1.9794648761598252
0,0.35281498273427864,-2.1332481692926812
0,0.17213680737855858,-2.0214794756906
2,-3.2451853463480846,0.1696107847394714
1,0.8712914114665516,-0.39784485624026955
1,2.84027886945972,-0.23318351486726985
0,0.06818470560030171,-2.598611192420402
1,2.6771654877500612,-0.1873008119645364
1,1.3502954790147015,-0.8503185807657659
1,1.9152362186384762,-0.5160662878325738
0,-0.509538209812264,-0.8002647101508821
0,-0.4638676840608438,-2.4329273517810117
0,0.45172727994132245,-1.5479740860702358
2,-2.928527288890728,0.45774288586628104
1,3.3164139936223878,0.7416091163061794
0,0.08454732733751177,-1.7539725552153875
1,1.6832795771034141,-0.25212200673477403
0,0.20517869225154411,-1.8556391768765026
1,1.9008957688099044,-1.0851741928732943
1,1.5947992360726682,-0.23652045835628133
1,4.015365261634956,1.7250827907599016
1,2.4396707317398656,0.475381510323427
2,-2.4725264375078075,1.8382907239018078
1,2.6670071667527266,0.24154404250965042
2,-2.316563546974229,1.4304621268541315
2,-1.7478449423000717,2.649201083498319
0,-0.24027787462933817,-2.7591764325631343
1,3.447768269000047,0.9477175264476487
0,0.09062842862648451,-2.777337788352106
0,0.624839847209073,-2.2104579042029058
1,1.934612845055327,-0.3696432938151639
0,0.2051929089619154,-0.1683664527892086
1,2.7374233977064395,0.4953521753940089
1,2.0368446481094065,1.122041451060047
1,3.8655442016737283,1.8069271300626326
0,-0.3830969572061052,-2.1037820636478965
2,-3.2501650785928318,0.17141243487931906
0,0.36252330315962616,-2.308044645535877
0,-0.5370983920544962,-1.484171058064338
0,0.8564003338411978,-0.8154144038023727
0,1.084046399949166,-0.793760505569864
1,3.0301421858377435,0.41032189284164255
1,2.633056824683785,0.196711776182447
2,-3.0110237990435276,0.48755992391306113
1,3.70261766000565,1.5183876435454433
1,3.9006647596643447,1.7879918803694326
2,-1.9936240521362876,2.3295897614868886
2,-1.978563108524594,1.4325869512256426
0,0.8659153274361839,-1.5483932390067792
1,1.512775512372924,0.4778966758017005
2,-3.116318528429054,0.20487214730589526
0,0.40723332825430963,-0.14025781953265687
0,-0.5137846642273656,-2.429550171057728
0,-1.0431040289680023,-2.4199637729030674
1,2.9434458084010364,0.1989481232555072
2,-2.5571249933075206,0.32209058953851166
0,-0.28405833643375616,-1.1619333060512622
1,2.766392665160723,0.5583945040160218
0,-0.5307025570995654,-1.5251807534988624
1,1.7684666880053521,1.261663720777029
0,0.8681800608574529,-0.7564846029814842
1,1.9791409175103003,1.3015583689495551
1,1.7954497232690072,-1.3311823712071118
0,-0.5665714062377702,-1.1502457271225823
2,-1.755206469520503,2.230319027293968
0,0.6424208391016113,-0.21540521782567146
0,-0.3404393515098466,-1.1069378728346981
1,2.494540351563238,0.30564991331970237
1,2.199126526747619,-0.8882127182517067
1,1.802724532842206,0.8805737260928185
1,1.474589312752812,-0.18178338791910986
0,-0.3856859634051887,-2.681410702546614
1,1.733939722148528,-1.063024255917199
2,-3.0543224785557825,0.007027370864883198
2,-2.950862349511675,0.895786011192578
0,-0.7985320151459536,-2.321231409865724
0,0.46326330327147275,-2.546772312000121
2,-2.954603966176024,0.461549635604524
2,-3.0254737773389513,0.023702822408089408
0,0.18275443293561294,-2.8732894666298505
1,0.867006859415933,-0.044948548318263754
2,-2.988328567645264,1.0474404068332837
1,3.262257553571027,0.9347068462890914
1,2.8275018896321527,1.8036933311673669
1,3.701291856476036,1.3495571635256658
2,-1.7440721458096398,1.8483116380108893
1,2.2893714973391823,1.45817168684074
0,0.7636725694499591,-1.1575389509441258
0,-1.4780848970978702,-2.3170976559726526
0,-0.2548720251876219,-1.4672468381254802
0,-0.2598830823466308,-0.3648829279529182
0,-0.5763934296576463,-1.8619284399757519
1,2.0723854475046,-0.22238821183251717
2,-1.597459750604453,2.1557321471630555
0,-0.06890231589197818,-2.019939987685993
2,-3.1591868920810047,0.507770699742986
1,1.759285918581321,-0.0034592809256975277
1,2.424322503023403,0.14575770215366352
1,2.0758273847306583,-0.3880081684478798
1,2.5473119671781648,1.5269301664118218
1,1.1021520722299933,0.6688690343527911
0,-0.08025959349403866,-0.21652866886576128
1,3.713101353990546,1.999039092435028
1,3.0059177693534185,0.4777090039123708
0,-0.9254793036283615,-1.7093391685984125
0,-0.4670952857404693,-0.6958872243176694
2,-2.0547113321386212,2.262968062213472
1,2.638161910453155,-0.11706658173933993
1,1.0854209745409586,0.15035393054972
0,-0.8447233807539343,-1.943322211317759
0,-1.2774760081709995,-2.22098334601631
1,3.1510244995174186,0.4025306534034162
1,1.8772048015763882,-0.27246653575701213
0,0.08756630564630768,-2.2999328644803243
0,-0.6847058055253219,-1.6571808624690063
1,2.355204238600815,0.003907423571158863
1,1.3193219154237232,-0.5896175481900787
2,-2.8390662020733908,1.025495175122796
2,-3.0128150185446625,0.3376762506518664
0,1.1346569728593237,-1.4037453072544548
0,0.7772416359526509,-1.3181752910090505
1,3.163287200946396,0.7922486020677239
1,3.530280511325239,0.9356466811571653
1,1.856406739782758,-0.48074270677929776
1,2.6696194423157382,0.011918681389760988
0,0.34038586690414263,-0.5670920507340236
1,2.797411042851304,2.014728527764032
2,-3.02271618313088,0.6795761793121562
0,0.5498778139286425,-0.3165388722302729
1,3.2258166500674603,0.38558226391305467
1,1.3094429545970656,-0.4074589159560242
1,1.7714701982939964,1.280210474035518
1,2.905128357647942,0.5129525969965049
0,0.5027970514613089,-2.232049974668423
2,-1.3574770413124448,2.6550724116561466
0,0.18184123293532634,-0.7580161200120406
0,0.05758477953265223,-2.6746680812295294
1,1.7815158781777716,-0.4540634054771792
2,-2.1833593128444564,0.6295425758060916
0,1.2533721464065066,-1.8757866692898886
0,-1.2936721637889295,-2.5074939449449056
1,1.3934425025184018,0.11900596091796774
0,0.20810326794299217,-2.438385274069053
0,-0.07625808944270776,-1.9361569615456893
0,-0.5612982887474851,-2.646014656782072
0,-0.5329377695404881,-2.5154900781297664
2,-2.4709271231295333,1.8311678371436022
2,-2.590807640528614,0.559527179011578
2,-2.9076071700607695,0.07282102257152007
0,0.46702875983158226,-1.9569444863249976
1,2.8225603480793757,1.697045589541091
1,1.3306007347853603,0.5197675182685789
2,-3.041347349131383,0.9835017676881332
2,-2.3721517378077936,1.2695747028176647
0,-1.484646533567906,-2.34624377476963
0,-1.2825285269419526,-2.092189344039668
2,-3.247315808802311,0.17224446980128977
1,1.6408412493255615,0.8032680771215
2,-1.9569461751580148,2.3661185303929373
0,-0.47062648441380495,-2.4560124225842954
0,-0.761500511393683,-2.6863137568051134
0,-0.27152100601749135,-1.026494303998847
0,-1.4028349350686105,-2.243432292313942
1,1.5412095282132237,1.2906587707960602
2,-1.8586135853810275,1.9598786415434732
2,-1.6097363126044586,2.3234520550830684
0,-0.38354349073294625,-2.7272665336175645
2,-2.2185923177789717,0.5113012688214611
0,0.7239545974389386,-0.9044332070296089
1,3.371427535608872,0.5568366893712378
2,-1.8443222201678764,1.613046120057801
0,-1.037175375019599,-2.4444331729454145
0,0.6282950565343537,-1.8259635210997232
1,1.2507719525709666,-0.6906961352231742
0,-0.33074130559917214,-2.123409913885078
1,1.7543422390189614,0.9035925767903222
0,-0.5466642083772303,-1.81634650352864
1,2.2495496552942407,-0.47310636102796966
0,-0.9039716771227502,-2.5601091341895095
0,-1.027694280527783,-2.4274018583378125
2,-1.614517666531523,1.493948570728176
0,-0.9568831204597463,-2.494211488481316
0,-0.4538330444030319,-0.49693626640073496
1,1.3578342425219687,-0.8670326378782363
2,-3.057923343248623,-0.019953469310811545
1,1.0243702177977339,0.016784978020189082
2,-2.2573360641373936,1.7622720921949349
0,-0.19030626785745153,-2.6259511336575776
2,-2.551985080865354,0.6650260247005709
2,-2.9121694785293486,0.24177971602235981
1,2.833208553859371,1.346641207744538
0,-0.7793978351617075,-1.9118982341821718
1,1.6035288674846377,-0.27438892365872836
1,1.7773504517853858,1.1596982722539586
1,1.6005006602433896,0.6147095982004604
0,0.8841480230537242,-1.5491298566907856
0,0.9511118655870038,-1.9090983523971736
2,-3.0352042719023595,-0.002994101344337474
0,-1.2306269197815898,-2.021942739155235
0,0.4155185345682174,-1.5439081128025018
1,0.8210413558549103,0.3447524136868772
1,1.8231332227005708,-0.9075635597875366
0,0.5529892444556841,-1.3793486720259658
1,1.0049451306888495,-0.2993298225251374
2,-3.255615362543556,0.17524722003436927
0,0.3420816733465696,-1.4335803688305226
2,-1.4548398020836228,1.780456003124096
0,0.2640204921328557,-1.651058806486771
2,-1.4000088221783755,2.500162654472392
1,1.6218616262381393,-0.9142233472095151
1,1.5836905626270943,1.3212820939484948
0,1.0230581058006365,-1.6356800264554
0,0.06906689775753502,-1.2819822804647139
1,2.186297240554335,-0.25884187965637606
2,-3.0358502698809233,0.9812076122049871
2,-1.8669686688637466,2.4616748244502413
0,0.3285555189730365,-2.209396051241733
0,-1.1157492207818769,-2.617935947950527
0,1.671428288904293,-1.464549732676776
2,-2.683734307265058,0.33300626304777875
2,-2.3923575577172405,1.09662055455424
0,-0.021613735052889826,-2.2094556020317655
0,1.1289778943190178,-1.0199293827207645
1,1.940553595525016,0.6444198024772083
1,1.5103741500740746,-1.074207008137413
2,-3.1756907772737843,0.25861033397653876
0,0.41104153206676775,-1.5153829230004856
1,1.961775088669416,0.7699942460403899
0,1.0720308706840114,-1.0846010848556757
0,0.16258444614918952,-0.44674213332052104
1,1.9006262895876636,-0.3042342264817751
1,2.782634938109873,1.4590893734831536
0,1.2169051940917124,-1.3394580239537557
1,3.113464111089399,1.536650921293885
1,0.7856054624391231,-0.08928187945357395
0,-0.23749815380195083,-2.423849722221223
0,0.6377079555537319,-1.9343405319599423
2,-1.423139619430658,2.287006571211931
0,-1.1052399812090488,-2.365165138578809
1,3.811279277158449,1.2114053546049846
1,3.9621705629504262,1.7024639774864223
0,-0.5731861954134639,-2.362841662731491
2,-2.260614434827128,1.908515569859123
1,2.1350421934240607,0.14316829721093283
0,-0.2870965863889502,-1.3584374753619306
1,2.269749047506627,1.40178427643964
0,-0.060254312858291914,-1.0055263401586225
2,-2.9025098873570916,0.9679357493809451
0,0.043960481233391746,-1.866572668500945
0,1.300287546418676,-1.918941838433315
2,-1.9470889022158304,2.0806442005310974
2,-3.211623030290412,0.21384191847567902
0,0.3506869244203061,-1.7540626456377961
1,2.6712029649937112,1.1285681899803932
2,-3.234866478190442,0.16774034445167063
0,0.5249817552252171,-1.8396771502941136
0,-0.41039563805367635,-2.5816068347960996
1,1.5969529382422565,1.3352033349580246
2,-1.954712872787709,2.5057358047594493
0,-0.9804549244670698,-2.0722815551877183
0,0.37684945754702603,-1.8996055065384354
2,-2.821587535575595,0.8064587942761695
0,0.6603083112970957,-1.4805817451909602
0,-0.1917143675443625,-0.7204764826007412
2,-2.757973986457924,0.24216386361280634
0,0.8548373098525602,-2.201842837680932
2,-3.2443553909739595,0.1693105097161634
0,0.17590824374049313,-1.7708075921258462
1,1.52497782855042,-0.8703454690080545
1,3.7472586068749507,1.316743003303976
0,-1.0098995665589459,-1.386940496739889
0,0.013593620677968321,-2.6590971554641096
1,2.9931329686442893,0.8194935122167433
0,-1.322228317289632,-2.454526492835445
1,1.965293174123571,1.1600293863119346
0,-1.2758129248521561,-1.7380987583525556
0,-0.10643522733992739,-0.8471890114304002
0,-0.9895163333180538,-2.4412145094099786
1,0.44563877130722895,0.3725323495962687
1,2.6822811770840684,-0.27841162796092783
1,1.057554552319713,0.7816426838045825
0,0.41922580679767557,-0.8162538147483613
1,0.8277231140221972,-0.3210711820633645
1,1.6616305497341843,1.1018925727690134
1,1.255803524161494,1.2613062526775467
1,2.0397080558265435,0.5865350737969686
2,-2.740845573838347,1.0413769340060126
1,0.3737640580868837,0.1317150124083224
0,-0.7933314463300505,-1.8346882183429365
0,-0.48114237895077117,-1.6369620540621348
0,0.689315564492659,-1.0435433879289233
2,-2.1004193391345884,0.9406097862383115
2,-2.982841614727736,0.48102938361539754
1,2.6931523481788435,-0.12881331052819078
1,2.056239488868025,-0.04200403868154612
0,0.8526211550505034,-2.1119355041840135
2,-1.8520742925170475,1.7757729985914055
1,0.8954601996930108,0.060515884017059235
0,0.08046192369621524,-2.4355345487595748
1,2.342153890398327,0.9842745933217959
0,-0.5816631260632009,-1.3449474256967735
1,3.5386588625596844,1.2920663336766531
1,2.1155021277483916,-0.9113014495724078
0,-0.6144816885841557,-2.9010720526861555
1,2.830825785382353,0.17599837497520465
1,3.1077788358957563,0.7311640678067249
2,-1.7713826346778512,1.6640303028718193
0,-0.6529543064147046,-0.40274456506827855
2,-2.9696675801207153,0.20591760470889287
0,0.6708381401506088,-1.8820146393641277
0,-0.13712668946723822,-2.379583415734571
1,2.632494951279043,0.7677162445962009
1,1.84165865400486,-1.0480175716157762
1,2.494090431446961,0.8251160356368807
1,3.0922783105177123,0.09754665410046848
1,1.4194169828557819,0.6507636156982168
1,2.461310926816563,-0.3845010525617329
0,-0.4082815951257104,-1.7671161383305956
2,-1.3758854638478852,1.8583586831692684
0,0.7181446023947864,-1.2132487708789026
0,0.8315322662309742,-2.099615917082498
2,-2.516668460170965,0.9592157701470756
1,2.0432662294720716,0.4647757729888007
0,0.12677863005445578,-0.690794172337749
1,2.6577672921026974,0.46854466796712924
2,-1.8888275573908742,1.9829920489365147
1,1.786549342509582,1.55838617164544
1,1.5302566626844136,-0.960770601731586
0,-0.11980241745186859,-2.791926505314946
1,2.5218957459329774,-0.04339106034546253
1,1.3655270768490217,1.08930452002813
0,-1.4980038260768593,-2.309891055413262
1,0.9767531448789922,-0.4860619646361646
2,-2.293926792244711,1.599373188543146
1,2.6158612266042,-0.4598678450383809
1,3.4404558310691704,1.0529102325602218
2,-2.739419738668925,1.237581638653782
0,-1.034589690526784,-1.8713665683427558
0,0.06339446715152414,-2.6767700063926854
2,-2.802668313097088,1.2650896465280137
1,2.1915445211964024,1.047734522977246
0,-0.9381999648059519,-0.6456294528400046
1,3.07614275798813,1.629982254003084
1,2.7911109190913663,2.0044787717872943
1,3.957315568811989,1.8195852728665507
1,1.8144406113069924,0.6307506061172111
2,-2.8748997525132993,0.21426133754528914
0,-0.4714841179933604,-1.9617246333256595
2,-1.86926158846987,2.1348167676661793
1,2.7993579664309767,0.09329858431098359
1,2.4302256549465264,1.2735175663096523
0,-1.1388279563510446,-2.2751306981073656
1,2.2634716590722346,0.5943958193690032
1,2.019340280304087,1.6639131935221627
2,-2.6410773914454166,1.0716218682664227
1,2.4087867995438623,0.9691995778810498
0,0.3227426909380839,-1.9588554661786197
0,0.34020849741608444,-2.4076757465094314
0,1.0918450528151369,-1.7857772338302365
0,-0.16053166558392462,-1.9177208343131327
1,0.5362739082515496,0.1771999413017867
2,-2.982621981040061,0.06553993525785345
1,1.909067971843029,-0.22404833996121615
2,-2.5735406309562827,0.6827670918055975
1,3.0933677383144955,1.1189956533369878
1,2.484709015216696,0.5692707205620091
2,-1.957020675651413,2.2924749850031714
0,0.8762564912642841,-0.6092710832218754
1,2.01586073629509,0.045243982109376246
0,-1.0260289988034816,-2.218757917588312
0,0.845600340528514,-1.3236190430388977
1,0.8910596035973085,0.6289000899118941
1,1.1340044620768266,0.2237482307508306
0,0.11816260342054272,-1.4043041445816788
0,1.0430115951970738,-1.4704861438026384
2,-2.556886743376122,0.9904252185846487
0,-0.1016552056656777,-2.220239807138547
1,3.5152184139291482,0.8590086331414517
0,0.04357838039654456,0.04941903258805916
2,-3.0645629862416195,-0.017551269124347957
0,0.20523151106444715,-2.470455206356552
1,2.0153070972133915,-0.7148413495522521
1,1.2050349415589825,-0.3905894263178002
1,2.8229981676701765,0.36788943644500305
1,1.0998412970353946,-0.5718972981348207
1,2.580014668400498,0.05140107402358651
0,0.9786208996588647,-1.620836409837696
0,-1.5773046740775494,-2.39122877425863
1,1.9223626235049736,-0.026547796299489668
0,1.2908455873908422,-1.2230576858982198
1,3.9243543660654385,1.5707297375522655
1,2.5786489828847947,0.12537089648494915
0,0.6517581505912431,-1.649296251664018
1,2.1530802437454817,-0.2760071855386448
2,-3.2364281852143746,0.19246664533746605
0,0.6908559860297114,-1.774515708867467
0,0.5073941369933329,-1.7347327751050132
1,2.758070722228637,0.610893170423823
1,2.0259933712682154,1.4992233850678554
0,0.9978599568096774,-2.2662872648081525
0,-0.7332985350265271,-2.4815073763997635
0,0.04577949664293951,-1.0888402905701022
2,-3.1368882868644543,0.5362719520637869
1,3.6194581989766186,0.8240718318280497
0,-0.11772853112070372,-2.51724038302173
0,0.5881422670422845,-1.8345843556791683
1,3.4821829080125024,1.1724842632588592
2,-2.8570878714315446,0.7695886434546394
2,-1.0892035468071957,2.5682936398581506
0,-0.05638083274015565,-2.7022387956569753
0,0.2069026112200711,-1.9314853686266404
1,1.9301447710021478,1.1923794997618185
0,0.740786442353295,-1.9063178338670466
1,1.2460253305532314,-0.858192615041802
2,-1.5017467549413324,2.1614669934241753
2,-3.049940673052814,0.4168908309517777
0,0.31721731130618136,-2.1844775517499753
1,2.153034660048416,0.6204164323504068
0,0.2763874755278912,-1.7396919951662164
1,0.6765574235602155,0.12109911420681378
0,0.07618051470068521,-2.7149216864762855
0,0.16495069250787342,-2.1333219911100554
1,3.240681924935938,1.1124512839558438
0,0.8677872680124044,-0.7127710937041887
0,-0.16406166426419536,-1.8694222592504688
0,0.5753970997925187,-0.6756337629124661
2,-1.7308697300952736,2.476278964801071
0,0.26268385152690676,-2.770736265934627
0,-0.9978120658205021,-1.3531113209379135
0,0.3645875045479333,-2.503831104464418
0,0.19934185990913486,-0.37317608281676096
0,-0.0049839014808684134,-2.5073345245676566
1,3.4223893158350425,0.9636793791562015
2,-3.001270520433638,0.48393924954403095
2,-2.638316849894905,1.2385090565810475
0,-1.157160682367298,-1.6954083585824713
0,0.4123621602693075,-1.8877049371951
1,1.9123999828052458,1.65980144242711
1,2.677516427930409,0.21405646451489524
0,-0.39380195406580887,-2.440440071532988
2,-2.8845880788191405,0.5228606357273071
0,1.3749293606415889,-1.0399584828014565
1,1.8254745190982358,-1.427151716713043
2,-2.3146493793343383,1.8776103896582022
0,-1.3849954514772254,-2.378593886736232
0,-0.3902536786847789,-2.316938006521975
0,-0.7114215195713072,-1.2688859763059104
0,-0.5270959073518806,-1.3814576258362974
0,1.1233701104795846,-1.9825127976890917
0,-1.2301755659838642,-2.0078193924835483
2,-1.2722861331676727,2.7348506994905493
0,-0.9112500001595226,-1.9455235773768818
0,0.7421582343351881,-0.5249228924920273
0,1.0209023979698886,-1.1682264067370285
0,-1.1339322292319813,-1.6353881746765944
2,-2.707787611180512,0.6512015850662765
0,-0.4792113113609514,-1.5593182464740645
1,1.4805526298084877,0.49718434308294684
0,-1.2936721637889295,-2.5074939449449056
0,0.45523912469385164,-1.6688584274324847
2,-3.0259517860886875,0.1429968635476903
2,-3.215009573390804,0.42184602316688985
1,1.8088737771866263,1.241064260241817
0,0.47151973948141435,-2.6410574791913453
0,-0.10311865159482397,-2.494712627925101
1,2.093354985276235,-0.31867084482190705
1,1.1706321630780845,0.5749570172458766
0,-0.13865735391473605,-1.1793003216424056
1,1.731113601769216,0.8251303145248114
1,3.3880562424918996,0.8162036822774374
0,-0.6086720009652837,-2.9031739778493115
0,-0.12665148893855865,-2.4015192965381003
1,3.1962665325438135,0.27530956203590207
0,0.1011150599315412,-0.296421310310813
2,-2.613303260547906,0.4426307174777769
2,-2.382655037666424,1.9525369535154755
0,-0.13482486969929638,-1.1277390208654512
0,0.11173671664774576,-2.7831118039429095
2,-1.3152083306976678,2.7478148200894306
0,1.1205252840347844,-1.3498098791849604
0,-1.1290862882367982,-1.9939040737502907
2,-3.1242586785021524,0.2096077575308693
2,-2.8341864149349347,0.9666992159029895
2,-2.3731424263822634,1.735642919122474
1,1.3955177945845278,0.2900142508789844
2,-1.6631591611468464,1.9602047109895007
2,-2.171470173809656,1.6100166113432812
2,-2.3809508635107437,1.3258639654558215
2,-2.8328229664549793,0.9087887446600982
0,0.9261086349567266,-1.0174417631607213
0,0.30067029132758094,-1.7546976646153285
0,0.604074144081057,-2.649466013703929
2,-1.666716288525839,2.490152403574207
0,-0.511360105635021,-1.9820889283551386
0,0.48469297393769256,-2.2670896878523332
0,0.6900813317716529,-1.9681289206518824
0,-0.5469122631877836,-2.1733668834171445
2,-2.5388600465374633,1.408206549707585
2,-2.9074791885893254,0.6179573980158507
1,2.4140553278120347,-0.32429412893322135
0,0.764624038235774,-2.004093289206908
0,-0.7782675044312835,-2.68527529908131
1,1.6879795174789893,-0.7368966872937937
2,-2.2439596033591354,0.7954882034459474
0,-1.1352338596684743,-2.2164863993539257
1,1.3525677586342133,1.501711318426024
0,0.4615777614338801,-1.9879412948496098
0,-1.1549565121275587,-2.271158332656409
0,-0.30661077301756956,-1.1916177905970438
0,-0.5787251042732838,-1.0667571152342998
1,2.3239404912344477,1.3202584224902247
2,-1.3750119451845408,1.7906362157924454
0,-0.8553795157347126,-2.1476673884465285
2,-2.690751772451047,0.4735663609096821
0,-0.18892769198135462,-0.5681570700605264
0,-0.40216260803190457,-0.5453267396822464
0,0.12477592405785609,-2.5578031225657716
1,1.5404863945671077,-1.046769000742429
0,0.24226941919241685,-1.7134155975170817
1,3.156299592498988,1.0402772499580775
0,0.9659360097269267,-2.299335761422352
1,1.830042947595056,-0.129349072220159
0,0.920562131569415,-1.5431608043573275
0,0.09087082976853911,-1.693551464890859
0,0.8648252591852197,-0.8162200626011513
0,0.5966225470500036,-0.5403013086035953
0,0.5413145591878847,-2.3088578885561066
2,-1.4853997434806432,2.307704041837161
1,2.1558632152619612,1.4631450699965551
2,-1.6219958487161363,2.1152082569735238
1,3.7516814213552188,1.6709704598841792
0,-0.4197624032176517,-1.6231240243126035
1,1.5949665888135904,-0.5584056943407623
0,0.9258605691670386,-1.0864742380013932
0,0.372903041954602,-1.97208282868727
2,-2.6230402615170414,0.8797289299158204
0,-0.2880312516910357,-1.8608785602248306
0,0.3752405966731472,-1.3224268271116688
0,-0.8690485079508403,-1.299625456228576
1,2.1372561689781353,-0.4036293898247473
1,1.305712828130685,0.36242663289567534
0,-1.1182047863709323,-2.208835839692189
2,-2.521575984914228,0.9186136275166092
2,-3.2485051678445824,0.1708118848327032
0,-0.4044996984193519,-1.800098011470845
0,-0.6315152224942402,-1.4323303504858589
1,1.3145159043788266,-0.31838468936028314
0,-0.9414528396112716,-1.950447226832657
1,1.8371125345734018,-0.9752235883941962
2,-2.6026338212477516,1.2503859451703245
0,-0.14362440769276363,-2.672170100558803
0,-0.01900343316411579,-2.1216825901912646
0,0.2025394939430496,-1.966140998933132
0,0.8985774997112504,-1.8638394445681628
2,-2.319988489332081,1.361608287701347
1,3.8666873856410655,1.0119112111410704
0,-0.2851630613741212,-0.8957268660428825
0,-0.585293011074811,-1.423371442662938
0,-0.823583651558685,-1.1812265537217908
0,0.915186527014461,-1.644748636191583
2,-2.2423554795927063,1.901461927375677
0,0.8476869544073985,-1.315635934859273
1,2.339102091105814,-0.42521098121331924
0,-0.6426094936151051,-1.1054886011744987
0,-0.7698656885322757,-2.487131886296054
0,-0.9700719474476858,-2.2317257074142764
0,0.07798427292265822,-0.5004410647625965
0,0.7965852010810974,-2.02690677437365
2,-3.229886745945695,0.16593869431182284
1,2.454487541050584,0.18687332575810847
2,-1.3524705693486874,2.1366233120086484
1,2.508491649789531,-0.19717935172969614
1,1.779575813811859,-0.4152072929824276
0,-0.43408704908902407,-2.3720890638071443
2,-2.330075691516671,1.1362085335801395
1,2.3446081225932875,-0.7923863107020983
2,-2.4032683783422444,1.247329789230804
0,-0.22246976283896963,-2.7642590433550467
2,-2.066162732138788,2.1295615460493083
0,0.017770199857534474,-2.4206178247692995
0,0.28404906347922954,-2.0600156109743457
0,0.8118888551826268,-1.0814997933434685
0,1.371772620511099,-1.549817509698757
0,0.15046382678181208,-2.25737541991838
1,2.5976827397143385,0.4190870056462065
0,0.7336434988735672,-0.6328080286521
1,1.3412825112408642,1.2638886415375494
1,2.961511925424828,1.3051595170588481
1,1.0025869085234262,0.22509835630918568
0,-0.2629019211919238,-2.7946125423864445
0,0.12432963573587646,-0.9109253136712777
0,1.0092811508323134,-1.1505503012830258
1,2.2940458454828714,0.8423753268693267
0,-0.5867301675629812,-1.66610442971293
2,-2.3479034463549993,0.3603079789365802
2,-2.655074643261675,0.9067133297450933
0,-0.7039441749555151,-1.546883617072563
1,2.7866065553215487,0.33126003899955686
2,-2.302428299749597,1.2107795606823388
0,0.11513584092237306,-2.279278864198214
1,2.5536602072535315,0.389858206008746
2,-1.3384393599029971,2.4709209007949213
2,-1.464303765240886,2.2081932222737892
0,-0.046567346599121595,-1.0033964492801482
1,0.27778335377586116,0.3793180287470357
0,0.2831635514880999,-1.7905918373525829
1,2.56862646953515,1.3526324351680512
0,1.1135816652295325,-1.127584351652151
1,1.7586102634453027,-0.9765877697078449
0,0.3126934615029015,-0.7443077664314863
2,-1.8458430780002222,0.990888496019964
1,1.9529216767180493,-0.3317174525783501
1,2.481749201270351,0.007129626693363977
1,1.4912621610152537,1.5340421626587073
0,-0.251231069778857,-1.9587808960922137
1,1.8359268443414325,0.29367608808569434
0,-0.25039139166234586,-1.3792947603498704
0,0.2045218464279832,-0.3502055167283794
0,-0.7398491186589571,-1.9678838605692632
1,2.422491721292559,-0.7705410113604468
0,-0.5450460360805236,-2.1436066811914047
0,0.16918003466428444,-0.19400101903477213
2,-2.4959473521923106,0.40023116993525487
0,1.5516443012787682,-1.2785533647473026
2,-2.3229663519212362,1.4889187901237992
0,0.11918886782834476,-1.4714307778045035
0,1.3120930566015319,-1.4847908399425758
2,-3.256687268899567,0.41036128157925567
0,0.42329215796825564,-1.0635029625611274
1,4.006415784014063,1.5082359650653288
2,-1.8649077227594189,2.4882656998086468
2,-1.8574156016681558,2.6379660815774084
0,0.022041413650713715,-1.3475548107254889
2,-2.7521273703966003,0.9459629653805944
1,0.7650342964325103,-0.10614723157399972
2,-2.996386265215015,0.3000354462113474
0,0.2187070205931101,-2.013929002817362
0,-0.21095021701965314,-1.3308996540473277
0,-1.0471471751521486,-2.4689559927813125
0,0.5208717779887362,-1.3102633026542954
0,-0.8013320285864591,-0.7548159830964944
0,-0.41893524232085666,-2.490565643277066
0,0.4621934061580059,-2.6330116798992584
0,0.6665166183089144,-1.4476277790194456
0,0.009835829226826992,-1.265367721410932
2,-3.1238683873040873,0.011305794757025034
0,-1.0124560843123722,-2.041355871903186
1,0.9182548366474023,0.08211752151254796
2,-1.578344635299518,1.9507361248856872
1,2.083842435268908,1.2452394328545546
2,-2.305330996796296,1.7591966448778193
1,2.830389101450411,0.2772117330917849
1,2.399420685332383,-0.008884740971224714
0,0.015369862376350796,-2.5631974541704765
0,1.1589835280682346,-1.5514426337606575
0,-1.3258946714764375,-2.0060494711762646
1,1.6190596572788811,0.5749010204896359
0,0.6149180050320158,-2.029647381796066
1,2.633881331351853,1.2772640382341103
2,-2.6411778066237908,1.058142418227238
0,-0.6084994635181218,-2.3054391454031387
0,-0.14602246293603832,-1.4950534206349646
2,-3.060901264011996,0.9629237039732441
1,0.9865447636982335,0.13539849776783974
1,3.852348946729209,1.5854608450941439
1,2.3712118735068635,-0.01738111356500155
1,1.8840363506540243,-1.0625624687601527
2,-2.9299667412116293,-0.18066065947972132
0,-0.3706561365390567,-1.618636638051472
0,0.21273031290531713,-2.097458530022722
0,1.1400487584840207,-1.616219626116974
1,1.258681202982629,0.15823600667772603
0,0.9197122557763195,-1.7543704426868802
1,1.9705126189421756,-0.8205045123285801
0,-0.0714651771570721,-0.796786785552708
0,-0.04276305934866148,-1.6752636811151396
1,0.9665105110840728,-0.3790619654297297
1,2.054922732262765,-0.2120743347793192
0,0.5225407167611653,-1.1619689035270269
0,-0.46724508753429206,-2.542064670593302
1,1.1103902379763169,0.1565474636173116
1,3.1045878760845884,0.5835372010269203
1,1.6318787868088234,-0.785737324168247
0,-0.17850513907574173,-2.1160571384583116
1,2.0706983919079414,-0.6924851233083398
1,0.9751083937494911,0.3537230117472471
0,0.4858854502510836,-2.3694778537701358
1,0.9213756684751155,0.1593919130247653
0,-0.8226179811286418,-1.9288438802422894
0,0.08762293312571995,-1.6450980240822723
1,2.32806982455579,1.126600200320277
2,-2.564243796021613,0.6072260855006415
2,-2.136326794655877,1.354778500190208
0,0.27914593387120035,-1.71571436298874
1,2.034424725757075,-0.5132870479370306
0,-0.7149065412920947,-2.171353896699257
1,2.1139503160967084,-0.04977341080019104
2,-1.7356690727914748,1.968964260150319
0,-1.1458053920171165,-1.3230931639956365
0,-0.2535675742795559,-2.886841413841195
0,-0.5474408603920308,-2.8531680918892532
0,-0.183281132758647,-1.5646016767238367
0,-0.2624313694859467,-2.7966456774016475
1,2.3228440431716093,0.08511660619678568
0,-0.07023296837119819,-1.9670931926893611
0,0.07995344032427326,-1.5455522415331897
0,-0.44298894496574254,-2.7248384839997235
2,-1.7397326906006698,2.629896591803741
0,0.625351606994538,-2.039267289142169
0,-0.0764032521334736,-2.2576434247915933
2,-2.0045317024690625,2.296940910589317
2,-1.3142607091420122,2.007538045162871
0,1.0314485176756145,-1.6348612369181377
1,1.650397618932456,-0.008206897825712267
0,-0.11254443159690891,-1.4685570792996014
0,-1.4003136079424214,-2.2338914305345523
1,1.2317461460601098,1.217275106218671
0,-0.2045720427046295,-2.868315443355949
0,-1.1692444986950687,-2.031764855620374
0,-0.09202301871733762,-1.4532572098597283
2,-1.2539831773795205,2.5517592425012525
1,1.1059217519893507,-0.5997328579635783
1,2.165382875471746,-0.4498733883360664
1,1.7668632333438106,1.031851964588888
1,1.5857900079338878,-0.4733561016538436
0,-0.18020533866171912,-1.1536618337430746
0,0.582374399421376,-1.1452489163407924
2,-1.3240296344735396,2.7033954710940944
1,2.463238246868031,0.30244024286196225
1,2.7719096173675055,0.512193622704461
0,-0.1621980113255444,-2.8402992363866826
2,-2.9792309794551537,0.7562969841077605
0,1.0193032120435455,-2.2825680503440777
0,-0.4919336738120419,-1.6121113395656752
2,-2.6459837034332745,0.5213362268364219
0,0.2512257772191026,-1.330250152162378
0,-0.9568568161243589,-1.4123332830182673
0,-1.3451485628161293,-2.4796064962814093
2,-2.887920842624536,0.5185757311617065
0,0.9980779848326728,-1.809945644270305
1,2.3979329501581605,-0.28700437453435346
0,0.8372784985335041,-0.5658370930678204
0,0.36014950985552785,-2.03420461454967
0,-1.4872144062132402,-2.3137946307162647
1,2.6567146927265894,0.7095058288658345
0,-0.5730142901171702,-2.5151394260911433
2,-3.119359206765317,0.011537279632379882
0,-0.10625945403115933,-2.6142517540434276
1,1.849332203312871,0.3486802544555002
0,-1.2183263921303853,-2.322068880229743
1,2.7116147790138885,1.5498752601736439
0,-0.20039337709213462,-0.9855060976091328
2,-2.350459156141631,1.6371592688936256
1,1.713790140968202,-0.4203706867720896
0,-1.0805547533899151,-2.272450778911368
0,-0.17074763206615073,-2.129851716628615
0,-0.547506200987952,-1.9158744169455222
1,2.613654374086534,-0.09590454568785728
1,2.6442047673115523,0.857456526443598
1,1.9105893413890978,0.1275646504369572
0,0.04425890076234018,-2.661175870081192
1,2.0985979836061754,0.8784812953654022
1,3.2290949473393655,0.5395535169783039
1,3.361559018427098,1.6486903265606974
2,-1.4459122158769593,2.5567471430606434
1,0.91986501907069,0.14715472554351297
2,-3.0699009273944,0.7399019082199081
1,1.9348812642596673,-0.5647629565665206
1,2.9071142270708226,0.7102543069951583
1,0.46965988663474134,0.540820071671668
1,3.0673055940968044,1.0124371403051873
2,-1.5401297226932869,2.490351254898991
1,0.6605268333860211,0.49387559469245884
2,-2.3053204411340458,1.125127205265986
1,4.006359435131707,1.5049587775162014
2,-2.28445499727672,1.1055594069685504
0,-0.6697431073713457,-2.263674022136419
1,3.451157504455715,0.8425592401800615
2,-2.054614633098054,2.3743358685607516
0,0.4760612198063918,-2.304287054747091
0,-0.27941508385082126,-1.2679293507687321
1,2.080278557943331,-0.5232030065730102
2,-2.106207473883026,2.004808716362928
1,1.353724324538538,0.7084946264104278
1,2.6154803897667387,1.389282864312032
0,-0.3275580258777216,-2.0035770273893396
1,2.145336996167644,0.9286805393003377
1,3.5792095703390543,1.3677277342012268
0,-1.2426908107644052,-2.3487036418493594
1,2.335375326996296,1.2025920863780195
0,0.19950242801444576,-1.928707011570287
0,-0.2995662185273724,-2.584301718456797
0,0.35403131140817,-0.07606509624602989
0,-0.8201932301830913,-2.1453953735665383
1,3.736601101494682,1.3169866246446311
1,1.0735829206845773,0.8958948873844865
1,1.3482262803310108,0.6336928598600049
2,-1.751210429420774,2.6309450004502524
0,0.747883124801293,-1.9631597303898274
0,0.047613192216018424,-1.3951202653529753
1,3.535971035518121,1.3326844481231785
1,0.7772356221449574,-0.1503812401872447
0,0.6345007268384711,-2.425958545000016
0,0.6170445009328732,-2.2565146348585494
0,1.6800440593766293,-1.3646376888020921
1,0.4836778127290438,0.021750916626864673
1,1.203781657911569,-0.17105832393086834
1,2.73482101835816,-0.16533258393356615
1,1.681439857733873,-0.24074486862582037
2,-2.730247648550763,1.3281416294079444
2,-2.962305662343257,0.1177290621041241
2,-2.8555832843491333,0.23480280413884397
0,-0.27318202237830624,-1.9006819492883142
2,-3.0895684110316797,0.19591287496834947
1,1.1614992830775703,0.021268776623285593
1,1.2611372934304121,0.8844376100093257
2,-2.644778880496869,0.48055006352600543
2,-1.1091073675760248,2.32687559394683
2,-3.0646097296883172,0.7095814456664922
0,-0.5313993595094681,-2.9933790657279054
1,0.5826935180954951,0.2921692938972768
1,2.7924227455576687,0.24073781368740066
0,-0.3442391406099922,-1.1580427077721707
2,-1.6816673527813333,2.494848836563793
0,-0.16771623530379362,-0.8452105886886127
0,-1.523338408927976,-2.4200170479920495
2,-1.470931295918305,2.2189640594492372
0,-0.2102397926841454,-0.4425464605445545
0,-1.3019806096586524,-2.67490169149051
0,-1.2816798881480274,-2.476974295258702
0,-0.05635568176831354,-1.6365063951931436
2,-2.52109592210056,1.303449572742434
2,-3.2456558980540615,0.1716439197546739
1,3.2588155248091106,0.42267552806949776
0,-0.09348710107196168,-0.11659207446612761
0,-0.8147788952183002,-2.087908129164059
2,-3.0441196179797,0.752981942701971
1,1.7591596922820174,0.8536961186286676
2,-2.6363337566208997,1.0345080701324765
1,2.7953918385716174,0.1943968369114325
0,0.791773693106961,-1.6522836545142097
2,-2.677526338445234,0.8139917723289953
0,0.14210826440188684,-2.2471321329256235
0,0.7795936240710838,-0.5737001937779739
1,1.3711230963174823,0.9067067893523327
2,-2.621171414220433,0.5191091179504621
1,1.6250550017467322,1.616399034345961
2,-1.6117297189108135,2.0581799062572945
0,0.7393683297281348,-1.9914308679455313
2,-2.7940032451386183,-0.004193856737516433
0,-0.03564960862185268,-2.4616917422838562
1,2.791513144095601,0.0576679212937804
0,-0.6705258066541492,-2.2878014668632143
0,0.6902864784978069,-2.40369171476903
0,0.9127552739405117,-2.365642257443773
0,-0.17126565477801559,-2.38944882034012
0,-0.5300646813267818,-2.8243109723842346
1,2.8368754964276075,1.7749613488906135
1,1.7425940993292235,1.302676448434932
0,0.5364519638997728,-0.3448841308993587
0,0.4977902375830974,-2.2409826680068616
1,1.9798256230082787,-0.7149959763963379
1,1.3392198735443075,-0.08670292009722574
0,0.21057003895068677,-1.1706912736486381
2,-2.401684111790044,1.022763812768563
0,-0.19724865497385163,-2.880613779938728
0,0.6680998606952577,-1.4148819628703766
2,-3.2656815905993746,0.3833064137075237
1,1.5803275531561511,0.8960653730239371
2,-2.0656511811818477,1.7790881942514614
0,-0.23956049288593445,-1.62539346790435
1,2.348903332412506,1.789674230794918
1,1.4163334361843651,-0.04503585580382663
1,0.8617832846798424,0.706907187454357
1,2.5899400815884537,0.7292490628731435
0,-0.8909806938562869,-2.526652866984149
2,-1.8775732029428063,2.0073400940385273
0,-0.8175299212194398,-2.454930403152489
0,0.1030756664115125,-2.031891851647438
1,2.1742576943854677,0.21107775238579157
1,2.2886569159426666,1.0172327981210993
2,-1.319146329443336,2.7436625678576627
0,-0.24731150050226647,-1.34123844931184
1,1.7852316451220924,-1.1123555257910571
1,1.6140069378681248,1.4333545517526123
0,1.1611338436137182,-1.338636700293591
2,-2.3899758842459367,1.7053888486388826
2,-3.236885792606839,0.1666080345063919
1,3.367875201526416,0.8604707650503582
1,1.3736976716073381,-0.4448791235120899
1,2.793261656712867,0.10447635458945281
0,-0.01102805851086236,-2.264429998810646
0,0.6801356173408477,-1.7186957726699754
2,-2.8322503869322055,1.2513151785139514
2,-3.230250958214511,0.4270651509437757
0,0.6591072041237741,-2.032848321563229
0,-0.7388021454098871,-1.857964282165169
0,-0.28425947412780705,-2.2491080603974662
2,-2.105266729146846,1.4311693215981367
0,-0.41261109465878293,-2.707486510583383
2,-1.3301269708358088,2.168088003781252
0,-0.7265723713366274,-1.0042792654095865
1,3.3639195368326233,0.8969692631000765
1,1.8220024123242857,-0.5566550894672417
0,0.5180683057206742,-2.71865020759964
1,1.5273155477680014,-1.2264984362782592
0,0.507520826894849,-1.8657798892452888
1,2.4886248706125986,1.353248306644109
1,1.388391760354839,-1.0229704897538894
1,2.613223466391594,0.3513929702174342
1,1.2175369336412425,0.7403990873563008
0,-0.5066792853554134,-1.9120755735831543
1,2.5480012031594077,0.22011104032824336
2,-1.8341127089855824,2.2662875652583896
1,2.7444207430907603,-0.2715030268704877
0,0.3839602860535307,-2.4179241393429143
1,3.7576947079962597,1.7207039556129808
0,1.2614125090991022,-1.719563218410272
2,-2.39060755201508,1.734951033056185
0,0.25747572335567775,-1.398027614273425
1,2.910279479306203,0.7417957942083742
0,0.6765073701241372,-1.3331984289819636
0,-0.8048014474473362,-2.6539704962688555
2,-1.9083976467520454,2.1035535803955336
2,-2.2872937584782664,1.044566649283162
1,0.9936975190476544,-0.32729372929594513
2,-2.51955244829235,0.9663220592090295
0,-0.18561980412169377,-1.2077192118702589
0,0.774325905648789,-1.9036919889043113
1,3.4614627067486907,0.5580293782243164
0,0.35913001105988346,-2.528993302790573
0,-0.5555075914914115,-1.6191649485355306
0,-0.09747044438081015,-0.9495175214036545
0,-0.20001136693092292,-2.4603488544345957
2,-2.8127256638133433,1.1537616499641836
1,2.7198906139751515,0.05503454057692442
1,2.1471023883854308,0.419623985061525
0,-0.7595995101487096,-1.7203861567849597
1,2.249635692569145,0.21886272287582145
0,1.0418906903048932,-1.6220908090557027
0,-0.8264870507408979,-2.44170745226939
0,-0.22147482411998515,-1.956325348577848
2,-2.7181402642240986,0.4950801297471018
2,-2.9577066678012294,0.22679977101036913
2,-2.8362502322191947,0.6184150513784623
0,-0.019766545563229848,-1.2421343805456986
0,0.6277293322139613,-0.6737450824260349
0,1.242638965718169,-1.5055357402216412
2,-2.4395977570370273,1.0889747070406002
1,2.2099403501790853,0.19364578836598148
0,1.2529615625500625,-1.7109223667635476
1,2.493772031566513,-0.2511338140074076
2,-3.101100188534577,0.0049312291196051405
1,2.5367474256660656,0.09662588346126777
0,0.28644783347534525,-2.3340444945116814
0,1.0112644129255637,-0.9566009442567528
2,-2.4541378734385146,1.52412471974743
0,-0.6951172193826047,-2.634059739232489
0,-0.6934366374929525,-1.5020914991115333
0,-0.48849700202568946,-1.8260533930455343
0,-0.6894396973602247,-1.6682579094431917
0,0.5478653360032887,-1.052247604847267
1,2.379808274846473,0.12152030313557327
1,1.5112428248407783,-0.8779852965530357
2,-3.13706345137568,0.3292107914298231
0,1.1434177963893546,-0.9593136747486852
0,0.17407190694821761,-1.8637393545702268
0,1.3956058780623222,-1.6824976017377915
1,2.1001249878861623,-0.24320074968677002
1,3.187080256080349,1.0065238526652653
2,-3.227657691132227,0.192886610289509
1,3.062389348931949,0.5716500780207074
1,2.2259411691904285,-0.8938703753604564
0,0.5687324904076765,-0.6822231273507254
0,-0.5295005872794667,-0.5356383647558528
1,2.031457903627583,1.6665008023554275
0,0.7889861731531117,-2.1745868150044707
1,1.1770123300298272,0.5524048360117387
1,3.1559859490322864,0.6559275323828675
0,1.2156075065312792,-2.092807952127637
0,-0.8164045296742484,-1.993574178503984
1,2.8570460213623394,-0.10215946242480678
0,-1.3485765292714618,-2.0869279073247973
0,-0.15262452038412327,-0.42945913907712796
1,2.0449368520821567,0.4533272778175164
2,-3.2501650785928318,0.17141243487931906
0,0.9175379971821269,-2.0756890676424598
0,-0.015150659951740642,-1.952419625104553
2,-2.754711161095183,0.922799957254702
1,2.1966913854059396,0.4002095033967096
2,-2.8889624206820352,-0.13833833477533541
1,1.2785796778376246,-0.29348767193949454
0,0.06239165997618096,-2.378459038439492
1,2.763299193686239,-0.14983922450641501
0,-0.0825448260653111,-1.149496697815558
2,-2.964675728484103,0.8688129769154584
0,0.6764331881307164,-0.5637533262380919
1,2.351034695472401,-0.5695905044075229
0,-0.11896623825823739,-2.4281444033541955
0,-0.1742756184073434,-2.9759141917745113
1,1.4488730302524373,0.8097100612571526
2,-2.155830944783526,1.814415461233004
0,1.0248136339534781,-1.0696556254504008
0,0.0975599854408423,-2.214207147367336
1,2.3015111386359832,1.5634840729392099
2,-1.6066135242954824,2.4013891219420898
0,0.6079273311449834,-1.9011741977269396
0,-1.4299372116956461,-2.514194501321601
2,-2.008867660346438,2.225313154481565
1,1.0280772515574381,-0.603464715668899
0,0.8561490452072466,-1.687760837574365
1,2.5934036876843742,-0.07325047439480958
2,-3.0403994256767,0.2910823748883438
0,-0.7548245874935835,-1.989981404128513
2,-2.896390514812492,0.292098764218712
1,0.6587263751021888,-0.20964337620700968
0,0.4333238057761884,-0.8878319645482685
0,-1.3610656123281641,-2.1293286717346724
1,3.193849436615076,0.31991860925693816
2,-3.003810666770372,0.7774937305694529
0,0.15940310592654067,-2.221546291827548
2,-1.6765011690500857,2.6983846045353523
0,-0.3567568757273698,-2.076780762578871
2,-1.957024131555985,2.188384453016526
0,0.04001812348097489,-1.420611613096823
2,-1.8157408842008307,1.0834222211903544
2,-2.9028409620791122,0.5044265953962725
0,-0.19965546167364046,-2.1162963015522354
2,-1.7433968097625197,2.637006789491088
0,-0.17312868338201395,-1.4242085817364474
1,2.0245314344973204,1.4798053967377491
1,2.479549431317551,1.0602853606064737
0,0.6895416525887847,-2.038708330820391
0,-1.0256119298373683,-1.6921951333555492
1,1.7218760286899242,0.045330012203503356
2,-1.829719667994519,2.2211640331973572
2,-2.0498453327507065,1.2435222168823503
0,-0.5423769579200691,-2.338509478142693
0,-0.2843845926545072,-1.256561808972352
1,3.0398820602221948,0.45088715503968757
2,-2.042711697305143,1.9414466701535897
1,3.2956614510191824,0.4213162510257229
0,0.567716222958495,-1.1427130000452648
0,-1.291182297666556,-2.5083947700148292
0,0.33701584390697914,-2.3435089508903295
2,-2.4224097233818114,1.1015397439836971
1,1.1055859910347228,0.21393036692709175
0,1.0048486017238418,-0.634061637108452
2,-2.8073160364240968,0.7239408531194524
1,2.667478188077181,0.5088117452696262
0,-0.08720361470326055,-2.1646464039069953
0,-0.021070524089926712,-1.6648063988132717
0,0.9973577172999993,-1.6636961864372082
2,-3.2187968895701444,0.18952776487978867
0,-0.0859323641676781,-0.1055992763431634
0,-0.2527376189054314,-2.887141688864503
0,-1.2163365540164306,-1.1275864181302189
0,-0.6391986109158647,-2.716538266518401
0,0.7919326040420815,-2.4730058031947157
1,1.454193020048527,-0.851571082398038
1,2.159132435652255,1.1893546903443908
0,0.04972831088530044,-1.4857135769401895
0,1.4253306272625235,-1.748842774458604
0,-0.8970970294728032,-1.6606903999275158
2,-2.523986977130202,1.601761492100886
2,-3.2623617691028763,0.3821053136142918
0,-1.2191777680261344,-2.5219475043739075
1,1.9593840311793778,0.11648394123294967
2,-2.9596867855085036,1.0005921721502609
1,2.5007690326863186,0.07748558235795694
1,1.3563238308960597,0.5121407814945523
1,0.9377578808377011,-0.5045969940430716
0,-0.6856480584711917,-1.9842100289244937
0,0.2801806275454687,-2.2876360094258468
0,0.6225987957294358,-0.663568279096041
0,-0.7678988916134025,-1.4805639785566043
1,1.0778895503945924,0.3946446631515982
0,-0.6031720331320487,-1.843396045956491
1,1.3731064812571958,0.3313035751991686
1,1.3504175176242572,0.25050430310589733
1,3.47836990014675,1.420545963688507
2,-1.6786924393812281,2.2070293323305443
1,2.666982428011606,-0.36533329571070133
0,-0.16728333293112438,-2.0427856480077735
2,-1.8521314364362238,2.297835025627915
2,-2.8218416226506067,0.5653052870278341
0,1.026732986111476,-0.8724920713091071
2,-3.0930100826996743,0.723622717182054
2,-1.55265569533384,2.2648254078198202
0,-0.2995674225171301,-2.7534223813091976
0,-0.4354797371440996,-2.6168250062701106
1,2.289538599452632,0.29569060535035274
2,-2.4680553088302104,1.4851950551411246
1,2.323170308350509,1.41931678321188
0,0.35894559101346263,-2.6326376863029566
1,2.15560099984587,-0.333537836022141
0,0.9984121946285286,-1.7653832322091916
0,0.007540024352864161,-1.7098342939525517
1,2.718463686194344,0.9961769567954214
2,-1.7891814188512805,1.869084218056427
1,3.2389916917899995,1.3907420509625514
0,0.6377435230704128,-1.5817396418564087
2,-2.732329293404589,0.6425953955946273
1,2.9351414855178266,0.31588508381262037
1,0.5860762850764207,0.6912408690821059
1,3.001209329631711,1.5908626561078067
1,2.2754147852370346,0.5580890519509949
2,-2.691089210404028,0.9092381858982812
1,1.1962470962300684,0.8573609373465387
2,-1.916094209178013,1.654991204237094
2,-1.972807524046123,2.058983316350706
0,0.003523107052474911,-1.277630031637275
0,1.0888023668543358,-1.8468182835704832
1,2.3032898761563834,1.0384417434853574
0,-1.3223236180016031,-1.4462564346648388
0,1.1640889136826467,-1.7398505008096081
1,0.763850847460829,0.34893389276372055
1,2.3821586115396203,-0.11989173122179297
1,2.6390819851969707,-0.09041844427206791
0,-0.024808206758896945,-1.9879390203259448
0,-0.28276298324821053,-1.2594959648138753
0,-0.23833145871111125,-2.2388620669825974
0,1.4095123711004447,-1.498046819286796
1,1.5796939982964004,1.1145961188587994
1,2.3021743190883353,-0.8068747834651288
0,0.7943980047185749,-1.56536629257574
1,2.551647397944213,-0.15696727100050134
0,-1.3645969400891416,-2.4744330307372215
1,1.3737370419910047,1.1071976219066653
0,-0.14924913343473584,-1.8489457523243273
2,-1.862240852469231,1.6052700642074844
0,-0.14532998520439327,-0.0976753055834449
1,2.3913205602128906,0.7009330010047469
0,-0.7264981304826583,-2.3496361421901466
2,-2.9378835768741927,1.0859498268486487
1,2.882950112774758,1.587747388333749
2,-2.6320144732266884,1.0594987800916353
1,1.3797201002293973,-0.9197093886763056
1,1.9643559947248959,-0.7359193398873002
0,1.4141774723325016,-1.6153810516468152
1,1.0526291346820367,0.7919119250065698
0,0.1250514511472839,-1.8134685823070307
1,1.8433849765837251,-0.4967652963681471
0,-0.32345503329068315,-1.37307792533454
0,-0.21676117447470244,-2.4280359593507903
0,-0.2043588496728252,-2.8761784447370617
0,-0.932518196095449,-1.108522136817968
2,-2.038185557757962,2.1389376835946696
2,-3.0750105053721133,0.9680283793694792
0,-1.327699102998163,-1.78549132745004
1,1.7909086990853114,-0.39473453407885045
2,-1.9416903880823673,0.6139436113754186
1,2.417710688126673,0.29796245372765895
1,1.7438099510937257,1.1423914685602723
2,-1.7864772781373406,1.3388968807235628
1,3.38785816007841,0.277483875186248
0,-0.5064929699259902,-2.790724023876134
1,2.1790704303479966,-0.801410778977791
1,1.7272823864412497,-0.8425048334467229
0,0.0096359931638611,-2.669420844005912
2,-3.0331341381197943,0.7556840039158864
2,-2.2871921727034117,0.6434727120777839
1,2.7134138528146075,-0.24857375576573493
0,-0.07607726753717087,-2.4886204930491744
0,-1.0220561095908471,-2.159197409615922
1,3.029102821271483,1.1586636523596079
1,1.8441446391579226,1.5789294841884052
1,2.6447911539269437,0.0837603718628592
2,-2.275223231129607,1.600737722631626
0,0.5564839438465992,-1.9408879055755872
0,-0.0366261966968191,-2.5682189468748007
2,-2.5903534458170863,1.2087397746486401
1,3.3367177415832234,1.0100099034494703
0,-1.0857426432589352,-2.231626031875672
2,-1.5241903942598682,2.0557257661415447
2,-1.2464275588452571,2.553609208913685
1,2.7789756167728936,1.1069234846914593
2,-2.555579847235331,1.60536900558357
0,-0.3672808591806215,-1.215766305934208
0,0.34724832674394124,-1.9777261299716602
0,0.2963883814191739,-1.035384438034471
2,-2.4748319471651934,1.2226706412808541
2,-2.4909821295138954,1.4681733147176124
0,-0.24707142830140943,-0.6781140040460947
1,2.8109181692861642,0.5323052297675971
2,-1.924661568902417,2.4289930722491513
0,-0.5261666931974565,-0.7237325130154459
1,3.738716135079014,1.8001768136412384
0,-1.0579112808588678,-2.4691600524650137
1,1.5153765504200623,0.21554196613493826
0,0.1533450460247231,-2.7128564929429455
1,1.622665243131373,1.4630190321109844
1,2.450396202122451,0.630078393525026
2,-2.254210501484604,1.2154095821017556
2,-2.244462822723154,1.6614901494192271
1,3.1705650169674184,0.8895931715265142
1,1.5692233830120224,-1.0721118119974469
0,-0.8386058099773839,-1.885451600684675
0,0.6141428136596201,-2.2242692292155013
1,2.073476658108352,-0.15144854759684379
1,2.9236220088860643,0.740313190386693
0,-0.4562936074343553,-2.520624766418005
0,-0.07057657539579609,-1.880713914991695
0,0.8061768664085425,-0.691353299350459
0,0.18663779791288004,-2.2871042312019707
2,-1.1121989519417637,2.331905953934979
0,0.1535079148860228,-1.3847002377283288
1,0.793515949923845,-0.14786287657330066
1,1.8983139009527832,0.80419514400984
2,-2.2700321445499805,2.0886262940326428
0,-0.6763845938110149,-2.1635681661987602
2,-1.6999091560397963,2.488832283509854
2,-2.7757762063295606,0.8709386200692291
0,0.73079236560044,-1.9523285849109597
0,0.013794340374941705,-2.440899135544428
0,-0.2863975017953022,-2.2373807204583067
1,1.0206797552823006,-0.06529872677169117
2,-2.954917846633403,1.1842675591269622
0,0.44111719690882323,-2.1454130418945634
0,1.016684147631163,-2.240767403126032
0,-0.19580270226476915,-1.4437598347345182
0,0.6977734033070926,-1.2337774913098662
1,1.199961792348972,0.3893393136933714
1,2.2641074178046856,0.7114783490018227
0,-0.47978025202708974,-2.53790218522329
0,-0.5255896718905964,-2.9954809908910613
1,2.691248193004988,0.37588267933960834
2,-3.2639149162848016,0.17824997026744877
0,-0.5337242674511815,-2.1499592275487998
1,3.6686349373277003,1.9733169039976355
2,-3.2509950339669564,0.171712709902627
0,-1.041868941512081,-2.083018952776296
1,2.6046347001514354,0.6160747416636185
0,-0.6086720009652837,-2.9031739778493115
2,-2.1550272630896172,1.3546065396554199
0,0.38044110938583986,-1.4709602988506734
0,-0.009730053759099522,-2.368603519850287
2,-1.3741557296167999,2.4257021479019167
1,2.150709674566744,0.07623222481445469
2,-1.7942783659525836,2.150190076601913
1,3.7495503633068124,1.2796397989374149
0,0.26184945919734703,-2.03680931828082
2,-1.9873130180525047,2.086904272376342
1,2.9120003247717987,-0.34046219385105797
1,1.6627029300675826,-0.18599041369862856
0,0.6125323021205135,-2.135365096403583
0,-0.43566927663136296,-0.7673524372438539
1,3.05652671179149,1.0793775288506244
1,1.6187322219263445,0.31323118540932715
0,-0.572766641549585,-1.9224569577190649
1,1.0375337179850754,-0.10697118032622524
1,1.4966781510616105,0.24861988539169239
2,-1.8823847223575365,2.131164472300484
2,-2.930682126405123,0.6016205378819994
1,0.5645925168139099,0.04704720066295619
2,-1.4655131516365185,1.785132172630386
1,1.4657867253343262,-0.8246549703923894
0,-1.1349875433829892,-2.649559412440719
1,1.6465054843651712,1.2351655092234168
1,3.2341807789542756,0.7244172071368252
2,-2.405359941322309,1.34878642184588
1,3.863617512414115,1.5444752366866012
1,0.7576601257392352,0.04374082427298337
1,2.8671946980236998,0.35985722437439976
1,2.5605515613752186,-0.7320447895102435
0,0.5421015713664067,-2.391645855490067
0,-0.4450207558298017,-2.5675008515624533
2,-1.6088098179730852,2.41021373380555
0,-1.0853836764455107,-1.7850799806905822
1,3.3213700735192693,0.5471316578261257
2,-0.9940632691554929,2.2698534092664744
0,-0.03439299719557806,-1.4912977969749492
2,-1.2689582633409127,2.770106971496878
0,0.09825718330815619,-2.3308637792448166
2,-2.7597262496177923,1.1076643448721468
1,3.171173581086203,0.22655883016137868
0,0.41903049154509886,-1.6979566738515295
0,-0.5946695231714898,-2.7038227598520876
2,-3.1863078622440213,0.23309890785069615
1,2.9316859108179143,1.7098369937618023
0,1.0607108274973003,-0.8880870062511044
1,2.506681114722465,-0.13404966349130953
2,-1.764458648164104,1.9615746614718979
0,-0.21978126059787564,-0.6687830180649725
0,-0.16571917733911629,-2.064255678527017
1,0.5718169302638249,-0.08172150853578743
1,1.0929087177069636,-0.22549338485682557
2,-1.2854384686874725,2.757094624172413
1,2.6276838550958685,1.9122142888376694
0,0.6946477512385664,-1.3597567921431872
0,0.7142314296868608,-1.0739983272547253
2,-2.5534748285798097,1.2836472485865518
2,-2.042190645360473,1.3184538433010577
0,0.8210129504140431,-2.133414924339659
0,-1.1963436500866322,-2.46082213149278
0,-0.18315322230183875,-2.1414263564985943
0,-0.8755784544679004,-0.49328050591150147
0,0.3648254567882836,-0.025615561086822086
2,-2.5396270130526295,1.381435008529245
1,1.6040369732452828,1.3143747236011019
2,-1.9206637740849732,1.9390117004276382
0,-0.548726087480332,-2.500514455468512
0,0.554006910342224,-2.040039201932874
0,1.2372418660542253,-1.657921503243689
1,2.89634193436404,1.2439811596266752
0,0.5501404785120207,-1.9290082103207162
0,1.0209282986163606,-1.176874149365527
0,-0.1379388856268977,-1.9753598577196896
2,-2.8566612268201648,1.3291378625647998
2,-1.664600922298278,2.490387712618697
2,-3.261425050162428,0.17734914519752482
1,3.0395252798317607,0.828851648526154
1,1.3396681456244932,-0.29244697040938733
1,0.9655124640043264,1.0882603738395504
0,-1.21247990946049,-1.9202510933862273
0,1.0633763803434353,-1.4675245354580198
0,1.017945859718817,-1.4505860184252666
0,0.073356995306914,-1.959882944303349
2,-1.7072730169925592,2.69081114392359
0,0.12873246672740193,-1.6154385889820013
1,2.4730416654011895,-0.292470232684128
0,0.572774604777035,-0.29150301369618725
2,-1.9619889098469092,1.263044337656398
0,-0.06047062667764125,-2.684715838310193
2,-2.6313733216403987,1.5080967789907478
0,0.24882433698135345,-1.0374976133853488
0,0.744474085440519,-0.7473581923059723
0,-1.265437517437194,-2.2314202462350776
0,-1.2658566069439168,-2.568679274214726
0,-1.0249414292774084,-2.4046662996407964
0,0.9363190179666792,-1.7266334546008832
2,-3.1192789462574053,0.20780610739102162
1,2.0588153856141806,-0.9908293059337939
2,-2.4332163503700484,0.5320939638733385
1,3.126026738003551,1.4843386374973293
2,-1.5864080394694329,1.8466557384975435
1,1.0859327116038742,-0.7098249787231804
2,-1.7236548699843366,2.6743607138262875
1,1.2097096699441372,0.7457106432330463
1,0.47993762786959165,0.016233832255409905
2,-2.910674182429372,0.87977103744138
2,-2.004166818979741,2.3179881118766925
2,-2.5528704772770583,1.308632647854442
0,-0.9678320968448072,-2.4476456920305383
1,1.2278914802458467,-0.30961079152937
0,-0.8922806987230065,-2.1792845659157973
0,-1.3422606640321801,-2.28359671376424
0,-1.3421881449877786,-2.4825404563665363
0,-0.5906825906498967,-2.1128324020657367
2,-2.0877166875547166,1.8943990225066156
0,0.19510081220905312,-1.120824587140861
1,0.9292682377412955,0.8756754303933113
0,0.141345808092057,-1.8656543922870317
1,1.4776538629131746,-1.0335526030331965
2,-1.8668619666395578,2.6378317273513434
0,-1.4668249255282741,-2.323034366290858
0,0.7667265316833216,-0.5596743150501899
2,-2.5884289854804954,0.8840020483374336
0,0.0124892267181278,-0.804054134293117
1,2.329217412722392,-0.7039145529568335
1,3.0445143536057446,0.8949084806720871
0,-0.21220912070538522,-2.3299654357222535
0,-1.193023828590134,-2.4620232315860116
2,-1.3055482938774974,2.7581451377233464
0,-1.2961620299113032,-2.5065931198749816
1,2.0803239128744027,-0.29612143247373485
2,-2.2356191433593624,2.002770418263796
1,1.8514204116790993,1.2461873988396064
1,1.635409128267734,0.6115325348407301
1,3.8555759416119812,1.5755363323766156
1,2.143544378547414,-0.40261798197237986
1,2.6123695925484727,1.5203711698035347
2,-2.8916408761595336,0.060733638693597825
0,-0.6061821348429103,-2.904074802919235
0,0.1312242592472609,-2.749604404996836
0,-0.20126981590365756,-1.1865756288283487
0,0.006369061953424904,-0.900286628819585
1,1.9378359979601574,-0.5945938264056462
0,-0.33316831691152904,-0.8323964433139878
0,0.37464140478297486,-0.5291424817840481
1,1.164193309484692,0.9406564658939474
0,-0.04112222947378594,-2.2477901676469543
0,-0.31029638010590094,-0.9451313858648381
0,-1.0664526901224707,-1.9082185796456514
2,-2.7834896846845534,0.2852281442236008
0,-1.3983223895196808,-2.408203568921171
0,-0.3656831560343863,-1.9610636660342866
0,0.21635566407007847,-1.4546523145729804
0,0.3930099453863329,-0.944763673267093
1,2.4669553500133974,1.1556819753867285
0,0.6861268201795708,-0.4894454340739166
0,-0.07137623204861296,-1.324914630338987
0,-0.26808232012537875,-2.5705779388873657
0,0.6682562995557452,-1.6507305940136
2,-2.9943638508699566,1.1468472372602807
2,-2.839260174487504,0.5629183926176353
1,2.967229396508782,1.8048195615055607
0,0.16046025574794553,-2.627535718646964
1,2.1671769412826976,-0.5899304388304959
2,-1.9252849649059192,1.2168178394212414
0,-0.38315960107909947,-0.4900486390021175
0,0.11785870876044757,-1.569582488157747
2,-1.8761623371674014,2.1584730387953353
2,-2.9400097918407986,1.0918286610729298
0,-0.9796080250775681,-1.805913213436883
1,3.2716011007249657,1.7914555251931796
2,-2.0057585006407757,1.7598758785946313
1,2.666641726926554,0.0013439237735115572
0,-0.47672212960155286,-2.0535166670159333
0,-0.47488350714115846,-1.619590958362808
1,1.4930834749673811,-0.9251274938007472
1,2.844356663676444,1.6883829397070707
0,-0.5303142186940681,-1.3806123792100928
0,-1.2599254186078157,-2.093492761826358
2,-2.4282181040869726,0.7543555908275068
1,2.7232031686046465,1.464424503463691
0,0.05720431010655519,-1.228867284139564
2,-2.3072739884824243,1.9170874408091718
0,0.7679443459192145,-1.350273381118322
1,1.7139334041396521,0.6929630169769481
1,2.3652842390621687,-0.39949803874670403
1,2.5576437233347464,0.01967071614675986
2,-2.4255444146223426,1.131856969609406
0,-0.13055942018186495,-2.3195114283001828
2,-2.8816344587325537,-0.13788536830530684
1,3.0585221721654854,0.5346957634888395
2,-3.244825942679937,0.17134364473136593
2,-2.671791501672072,0.7216958991168811
0,-0.23909554071490144,-2.399754987794084
2,-2.0151869891417356,1.43835760264751
1,0.7845435899378526,0.17025883886795135
2,-2.8393319455392265,1.3468360920451852
2,-3.227756283491469,0.16330500925000446
2,-3.063009839059694,0.18630407422249523
1,1.5047565975885835,0.5516466240571474
0,-1.1029697432262715,-2.1407786267221307
2,-2.2872754123395174,1.646511371348294
0,-0.8276421652612481,-2.44865218802914
0,-1.5910189629011533,-1.8562607817705024
2,-1.6906348997248597,2.678817052538441
1,2.152646257635022,-0.16703471810861986
1,2.5674338883068266,0.46271411922126343
0,-0.405488787103263,-2.5785707552778194
1,2.9443597829247787,1.286500873265095
1,2.4827789503591147,-0.10017012695145627
0,-0.7122067646377807,-1.4497435147942266
0,1.1843956729517202,-1.0269461393239103
0,-0.41822731017488934,-2.4885370608389574
0,-0.2444380651641859,-2.8901444390975826
1,2.1046791796664475,-0.4650343566356162
1,3.1204576976906715,0.8287003145581819
0,0.316173798326958,-0.7571236088332463
0,0.8526734304645237,-1.5484838742857923
0,-1.0487611145056142,-1.366125973336011
1,1.2005395106850567,-0.34875428130389496
0,0.5942421816932684,-0.5916900437827392
0,1.1957420056245913,-0.9896228770817862
0,-0.5972030816717548,-2.318394698595807
1,0.6278925679237223,-0.029821610298434276
0,-0.5276264822034277,-1.628572727390562
0,-0.17561743099978927,-1.5295770324404094
1,2.202849554560215,0.9120234256618656
1,2.1530957305304996,-0.09495755628119185
1,0.9169814246824308,0.3028790537548268
0,0.06927211884332984,-2.3531409958636123
2,-2.5424931552272874,0.75939967616231
0,0.6948803801900486,-1.4521527058729384
1,2.2828617117606167,1.2882365959849131
0,0.16959846717802501,-2.326938349285649
2,-2.8367154847038507,1.0475446838661258
0,0.47870187610459985,-2.7426038947818028
0,1.3360434638873913,-1.717314614942713
1,0.9972105727501397,0.4981789433850201
2,-1.9792718565491467,1.9005515945293467
0,0.8095774628680216,-2.0459099608909512
1,2.7914301668665797,0.15488795470857392
2,-3.044683923815761,0.6709355043235538
1,0.7936137161689556,-0.2350261793404793
0,0.8266452197834427,-1.4926760980830172
0,-1.2017877880928367,-1.2875921498853207
1,2.78179944443671,0.9400099626203293
0,1.003857756945498,-0.9294035252540841
1,3.2439980112975553,0.41692399948123354
0,0.1919361157205212,-0.015269914642819057
0,0.6240394580514379,-2.409584252479797
1,1.5496051017175119,0.5141405734098348
0,0.37318813112090865,-2.1037729303344985
0,-1.0283680143402298,-2.199009306154106
2,-2.8290295499178986,0.9523954156202068
0,-0.5197799842717243,-2.997582916054217
1,1.287064026870361,1.3095578929583496
1,3.2092530482920982,1.0562526599993132
0,-0.7444239699521542,-1.8716053716366643
0,0.3716717499797505,-2.243655976848784
0,-0.27205828387794695,-2.1544810522199422
2,-3.1682668131144425,0.25923174899988977
0,0.27425225083332244,0.1858386924665998
1,2.211650852644996,-0.23411133740184686
0,0.8847812957627688,-1.6648019674508285
1,2.131130212352974,0.24939310253705868
0,-0.954095207438123,-2.342912384055798
0,-0.23268915375616323,-2.758383675056163
0,0.07618479485092294,-1.9691147068905255
1,2.4385259617573345,1.5684663474031342
0,-0.13655182298555774,-2.577965511605938
1,1.8927874815551013,0.5464169792352567
1,2.2518486812436334,-0.3619970320336675
2,-2.553810821872341,1.3913291881234653
0,-0.36298392277270713,-0.8109189712398498
0,-0.375699269677751,-1.1169303518255385
0,0.20308407945842727,-2.3233518305105143
2,-2.265878166124044,1.7254985756845904
0,-1.2948615228312017,-2.5089265299134924
1,3.138111265645244,0.7361048539338154
1,1.3454706612683358,0.2322253572970323
1,2.7706396525035366,1.5694312698703994
0,0.408941031805126,-2.1371788642925194
0,0.2998881341542861,-2.3971714826733024
0,0.5468058794591875,-1.598310205906016
1,3.9747758925054457,1.813298720409083
1,3.1464472537922203,0.70955763228937
2,-2.6446435213273225,1.2558028644357861
2,-2.9208545518475053,0.9178406738621094
1,2.346762068333346,0.494122077619978
0,-0.6592016251311529,-1.5867318552712266
0,-1.5133222674923394,-1.6612286233264248
0,0.44591366980112424,-1.7705045779981265
2,-3.062073120119246,-0.018452094194271795
1,0.5770684181480984,0.08870166169406721
0,0.5578602716240517,-0.7288740981561977
0,-0.2266843246889789,-2.516947182080957
0,-0.6469066309345937,-2.8371760009086153
0,1.0012404126368302,-1.4252856385018626
0,0.5500744408455863,-2.050310047572956
1,2.7800977581171478,1.7589456232951481
2,-3.066524339319617,0.7435115849130277
0,0.3449155809916541,-0.9125055864548066
0,-0.31671097345989674,-2.3815395503645975
2,-3.0852567773907174,0.6195099628946874
1,3.4613235712967647,0.9213448214882956
0,-1.728606790156354,-2.017657990043639
0,-0.07096186624437062,-1.940185578591403
0,1.041580954726255,-1.7109447928284403
1,2.380369987533002,0.08820381409367867
1,1.1274451768133167,1.015961876571516
2,-1.8947306653890819,2.590726074248693
1,2.370523814876249,-0.6416337712295435
1,1.6817096935115894,-0.5605182560716218
0,-0.7919806636746145,-2.624453231358583
1,2.4293620848028468,-0.2572750698225554
1,1.2491519045040997,-0.796963163784153
0,0.8609259078042413,-1.0522609583991338
1,2.554733165517027,1.5128549871864023
1,1.7385798972132063,-0.7173833641772801
1,2.7552409220758074,1.7600689780728849
0,-0.8984938399782927,-1.6122642740208255
2,-1.3100469571964242,1.956568327672393
1,1.4208505502564672,0.5006705839141037
2,-2.4325472311260086,1.642673819902579
0,0.922803395976191,-1.5800103867865725
2,-1.3861077655486926,2.341005053870918
1,3.3004791812914025,0.5904563965732984
1,1.772477181211977,-0.24770117298732736
0,0.19918307430278137,-2.4507353179231885
0,0.7114712453693712,-0.695580677808008
1,2.5622529420544327,1.0733162092213675
2,-2.4266819278252476,1.5803427701516566
2,-3.02725847297362,0.4633485001524269
1,2.1236013543375423,-0.49992418877100486
1,2.5870459272188313,-0.7435436114014815
0,-0.5112666180889959,-1.2579414198970988
0,-0.7619058337256391,-2.7259209997546545
0,-0.42091949753289204,-0.8799586361638323
1,3.3178241041620673,0.5661642918685599
1,2.8095440430186076,1.2121168644076867
0,0.3492471380564817,-1.3634864725764113
2,-2.5630743047912747,0.8516873271898614
2,-3.0574527915426457,-0.021986604326014014
0,-0.8188398539304969,-2.302744442002411
0,1.6063042827340506,-1.5025022685689267
0,0.1625850931401227,-1.6452690674671235
0,-1.0331975900865775,-2.0612469176687673
0,0.1521136713023935,-1.0011181823992252
0,0.06849720288982851,0.1255296205636375
0,-0.254219207361152,-0.5534099079617776
2,-2.21667615671294,1.9336348836065598
1,2.3179221930964244,1.5991528377671238
2,-2.6280461453653876,0.6400595608251225
2,-2.9518517468836314,0.5537705013994489
0,-0.2728613856814184,-2.791009242106749
2,-3.116398788936966,0.008603319547253574
0,0.5151302862219995,-2.196517406553142
0,-0.07392721336356806,-2.159340377917891
0,1.1331753013621213,-1.0129719719457024
1,2.9220316128392074,0.7405765212576033
1,1.9790551752810717,-0.31274911543803563
0,0.4387870971286617,-1.7488393603504149
0,-0.09587882855792307,-2.4332840551702746
0,0.4221025032415757,-2.102814136238432
0,-0.3645304272979405,-2.6421681825597236
1,0.619112470350603,0.32516841588410844
1,1.643363447811247,-1.048538551165336
0,-0.3327308681783128,-1.1217720305159076
2,-2.0395219092686925,1.4215917135585543
2,-3.0661466692819426,0.04850599265586397
2,-2.5047279793828716,1.7327561288487079
0,0.13324211274585734,-0.7987908560874545
1,2.135200106089835,0.06456406471805176
0,0.22032585716834172,-0.7292434864977534
1,3.8793105365419334,1.1060209860143257
0,-0.7926335419934607,-2.2321621625443004
1,1.7985113202345433,1.8259048787267647
0,0.4871022704983141,-1.6845663344046788
2,-1.988950832038049,1.7986679870843842
2,-2.077276434310997,2.2873839694579203
2,-3.240676165809314,0.16984226961482618
0,0.2524916946954837,-1.3976872936201694
0,0.8297302658038308,-1.790009081800212
0,-1.1899277522771063,-2.223964199978509
1,2.1220095310452316,0.6718028005919265
0,-1.4971738707027349,-2.3101913304365698
0,0.2352352546731497,-0.36461871904592635
1,1.285201669664063,-0.0242806866381986
0,-0.24692793128655954,-2.889243614027659
1,2.1004947362895594,-0.4266552507683995
1,0.3308069339661776,0.6082590251722465
2,-2.690381991672373,1.4502863577701526
0,-0.5098205197822298,-3.0011862163339122
2,-3.2402056141033366,0.1678091345996237
1,2.6718775018476397,-0.20511907864105078
0,0.742161260555334,-1.9159268633334705
2,-2.1689462867019063,1.1933055910197163
1,1.129899320852079,0.9751557294054034
0,-0.30027658577654276,-2.2876677031918624
0,1.0035700211131666,-0.9444593823160251
2,-2.725524402968518,0.8209607536511493
0,-0.23716385985582047,-0.664050632087341
1,1.0032135191503073,-0.5596799430959611
0,-1.1150553562792291,-2.210952351832698
0,-0.32717467444474274,-2.1831928231504456
1,3.400228630085463,0.8607732927179006
2,-2.8389805198817677,0.39178388406250286
2,-3.183488775250032,0.4976947050317892
1,2.26127874889216,-0.6608370769905683
0,0.6725899887266018,-2.1617693987223565
2,-1.3424404121072362,1.98076239296486
0,-0.8051608511154836,-2.65570335626075
0,0.4104165418216676,-1.7188685288479826
2,-2.782739723389845,1.3256197295501326
0,1.1305923856468743,-1.6132081422711917
0,-0.4036297299630635,-2.5741850395500814
1,2.8276410148834588,0.21644441043692653
1,2.2436753373539675,0.899054061825008
2,-2.423564265444674,0.9711397214206459
1,2.5177575375645604,1.7511977518812338
0,-0.3445095362618222,-2.656398225964753
1,1.3503215067234318,-0.8295896949866927
1,1.7944862442782583,-1.3255342692793586
1,2.930973336253029,1.4654436363622687
2,-2.9608520320609957,0.7482528267604096
1,2.56514343196563,0.3475839247794559
0,1.0358232352691927,-2.103486584864137
0,-0.0083406248039124,-2.366581550888851
1,1.7023029656834592,1.1350242403190869
0,-0.11139510891705359,-1.1103900437348415
0,-0.7568791294400621,-2.121198340548051
0,-1.3741583719170607,-2.2739191228704327
0,-0.13712628513845493,-2.2933156662942844
2,-2.7338246494218588,0.9175323344045094
0,0.5777511315658792,-1.4742343690383366
2,-1.6302628717815009,2.3944792443048315
1,3.4169030848721773,1.0408091968362292
2,-2.006516788451961,2.0729171808810416
2,-2.9728930212918376,0.4078969529687961
1,2.8561662000689814,0.9198894323251511
1,2.061147844204385,0.731706840679358
1,2.855818156932612,0.550116659807744
0,-1.015020596905451,-2.1966642240713874
0,0.3941428162429925,-2.6021513203502753
0,-0.19459794992953475,-1.1311825210507116
2,-2.1625791421769445,2.11267802047343
1,3.9896688734995,1.4025141929730331
0,-0.6846823200433756,-1.6802785450731277
2,-1.3397352775424414,2.693180729925251
1,2.5449327418868446,1.478032246504156
0,0.1746952789464466,-2.7792863702269055
1,2.1705142395972015,0.9643114192763551
2,-2.026775100727451,1.7377973702574205
0,-0.2803309840485393,-2.788306766896978
2,-2.1875879649814065,1.3755282629156484
2,-2.809989731023035,1.0455317467778058
1,1.309104229744468,-0.010134492379847815
0,0.04621225323012368,-0.8005548212240023
2,-1.7431801702473666,2.26664827948811
0,-0.33272626728111676,-1.357743704546493
1,1.1277318410502635,0.22576437241346176
0,-0.36350680895157134,-2.3943009715135832
1,3.3944590482927315,1.4799779994403646
1,3.551513553869225,1.032656228674356
1,1.7287583578976349,-0.9557351195491401
1,2.5432162141330763,-0.17801411942758022
0,0.286046280779401,-2.127956062850095
0,0.8716636574082888,-2.267775441118115
2,-2.688107401293064,0.44398482717657334
1,2.9779061131041,0.6589159759744223
1,2.5181104196770447,0.16456520542546857
2,-3.026321783312343,0.6911397934600663
2,-2.358861458239578,1.3768209169535157
0,0.3508144513275486,-2.1973257827125825
1,1.2059204079250174,0.9179528033182578
1,3.220049499798673,0.29382492665214566
1,2.6004583688849405,1.8148421137428907
1,2.339580789770051,1.4935019167758854
0,0.5337779651140419,-2.0030974297466937
1,2.254250874597841,1.2723790752523247
1,1.3234992776990544,1.4912678280501248
1,2.042731957502804,-0.5406656423078582
0,1.1642606756771943,-1.712110748635972
0,0.2820149810272612,-2.0646847266537023
0,-0.12707546011825183,-1.1487405298331235
0,-0.8097849882629433,-0.30844669128867475
2,-1.7802030298111233,1.8731803402460396
1,3.4423485045046043,0.885639782287395
0,-0.5591937202288929,-2.3623776220813517
2,-2.2808553211605265,2.0619586739128737
0,-0.3513776977472649,-2.640410957175563
2,-2.3221532935175393,1.9046940859529602
1,0.9585206079585636,-0.17125709741234676
0,-0.033213138526529684,-0.32971173543242344
1,1.4631603165484837,0.2842717755798634
0,-0.5241380036374801,-2.721091406582839
0,0.1353563435877225,-0.3815462588729368
0,0.2205047219805416,-2.4428770551527657
1,0.2622442055811902,0.8116856858933594
1,3.0395400598820803,1.7180483098640438
2,-1.3650238148254255,2.2096874125592216
2,-1.8042650279144024,1.7885153702214545
1,3.0676842585694373,-0.15922851220905587
0,0.41627981590839996,-0.5802935498379839
1,3.171351359536814,1.1444645166008722
0,0.8371178576354572,-1.7134489687660746
2,-2.3680192101843582,1.5115994842972988
0,0.10290957893493324,-0.9688233683131038
0,-0.3793072452867771,-1.5560290527386238
2,-2.8047625230858566,0.8291571169807257
0,-0.030042892879133032,-1.9322735850313317
2,-1.838466782712336,2.405013590463635
1,1.9502661406994224,1.4334023377153253
1,2.973622340310018,1.0931389903624456
0,-1.3590021609954273,-1.8806015736435375
0,-0.24762204781598227,-0.45478845590856387
1,1.8535850873935273,0.5141547813886113
0,0.20403723825808273,-0.06359667771955696
2,-3.0260089895039046,0.7503378154016122
0,-0.391211736504089,-1.991100581354384
0,0.5000801686147649,-0.9287269395304397
0,-0.23664863364466676,-2.7681841919465398
0,0.5229976722262162,-1.513542713608784
1,3.630734652302524,1.2144896491878616
0,1.285132960432442,-1.4581946999577302
1,2.5824505960336555,0.41175299735428084
1,3.8615281405901,1.5793058955910904
2,-2.1681379233044624,1.3140561161984599
0,-0.9072914986192482,-2.5589080340962775
0,0.11364428192032527,-2.6144918225123233
0,1.4280424297066934,-1.5525656575444673
0,-0.971731552677817,-2.231432371898132
2,-2.427663690958279,1.43257526217867
0,1.1877207511370091,-1.0024747130383662
0,-0.13826941830106526,-2.4078092992602764
1,2.2668611314036955,-0.413792490905505
1,3.2018862824667234,0.1581633365464291
0,-0.8522520637460519,-2.3610521684967254
2,-1.1342163827795115,2.002392435816863
0,0.8932496097580207,-2.0695443630984838
0,0.13190299080807455,-1.6943557859646996
1,3.0563719904876296,0.2986229718225452
0,-0.7191995401456619,-2.7487725631698683
0,-1.1092896361619768,-1.5970871872760375
1,2.0518303709041046,-0.1928165081283556
0,-0.0856018321957202,-1.4989589671042667
1,3.6124446842796205,1.0969663983460565
0,-0.08009256276379656,-2.3033170548691575
1,3.207114667568751,1.672216773186714
0,-0.11979579539097479,-1.3458755597598866
0,0.18716396834929427,-2.6933041784155103
1,2.2616112608136065,1.4422220031659956
1,2.629327256201421,1.5104743957436466
0,1.240441988699771,-1.874399208575321
0,-1.3908726263522122,-2.5804927532856046
0,-1.2641966961956677,-2.569279824261342
1,2.8921522449520594,0.5639234778704142
1,2.130541235601584,0.4770881641068657
0,0.19309923109910532,-0.15450359012940595
1,2.5284308297116853,0.33617660385377923
0,0.5940701162721155,-2.0468326926173486
1,2.8699213246164073,1.7629408310439438
0,-1.062980068057033,-2.3948708048481886
1,2.8256664599681747,0.6902254078043676
1,1.8077053710070377,-0.6879258782370644
0,-0.551180579442076,-2.850603928146777
0,-0.2148459766553536,-0.9336696034106439
1,3.1717158676831954,1.2810229451078419
1,2.0902550798082506,-0.13912462194345965
1,1.8284118008562549,1.1598149469224102
1,2.3747673493616865,-0.025889117334679745
2,-2.876694509539677,0.8677930203383668
1,2.3860122802917076,0.1871876568613405
1,3.069784153029083,1.8148547296979038
1,1.1306455552557666,-0.18179869593932613
2,-3.186948805354793,0.2342166308186216
2,-1.8125608174686825,2.1895152172249954
1,2.9855826022326006,1.4507583838444598
0,0.33682448340516563,-1.6981936725813223
1,2.6556219099031324,1.5264920277723695
1,2.6819121438641718,-0.19149799928954137
2,-2.213435909836922,1.9189671488288096
0,1.5551423880023774,-1.3141553735894265
0,0.7152176929250642,-1.8075066773634225
2,-2.7491320648204898,0.3587680836280012
1,3.4876681740590794,1.370736778102316
0,0.9009057834264337,-1.4490635762301627
1,1.836275658094321,-0.7856778125881546
1,2.1497421119110713,-0.030003805795407623
0,0.36222608558021935,-0.9046206492785681
2,-2.010228634299521,1.1267607784089184
1,0.9272563832991876,-0.039994580125723045
1,1.0552104172289283,0.46368292057206206
0,0.7569834747301422,-1.934151464597357
0,-0.8630097841864954,-1.9417174715950338
0,-0.028697910103409274,-1.9774159356770546
1,2.812033903349535,-0.031729216150801265
2,-1.7293279194899258,2.6829235001245815
0,1.1452534977557858,-2.1153319516308002
1,0.33345692371943236,0.372124417393531
1,3.591390028279196,1.6450364716952417
1,1.531815436026152,-0.8361788041903944
0,-1.1013036209789129,-2.1967459553397264
0,-0.7765747915135117,-0.8442181615166888
2,-2.893814103378522,0.2915909749049195
1,3.0169157233465556,1.0057853996891568
2,-2.582303105603216,1.1418237080903115
0,0.05218811849602887,0.2049521149070553
1,2.5796103206235754,1.313232545184401
0,0.19449510923941504,-2.6502487192494666
1,0.7279009426432723,0.40666046734506567
2,-2.8210174120427864,0.17728889847981355
0,-0.20219027903947684,-2.7302646609316636
2,-2.909670168573315,1.2627733711444689
1,0.9704461384359951,0.6724949260865363
0,-0.1751248268763557,-1.321019723357322
1,1.8397704718910695,0.9987910980088184
2,-1.9721558800193768,1.793198302282161
1,1.049740535741895,-0.45625121143124686
2,-1.8710382905679115,2.4790750942038136
0,-1.4818708858288394,-2.1131735224778563
0,0.16469281733861119,-0.5729331355995226
0,-1.1715252493708077,-2.66609920995066
0,0.6545642720196027,-1.7760149203618123
0,0.8668496245586864,-1.4534049660266046
0,-0.516460162775226,-2.998784016147449
0,-0.05632318894618504,-2.3716260503186404
1,4.003362378397538,1.6097787390076097
1,2.584999910824258,0.8248777080325713
1,3.7353421745581388,1.4884638153352423
2,-2.5553027892150597,-0.1732675560228908
1,2.7344610973095045,1.956926966614483
1,0.6502144515820623,0.25764744429405884
2,-3.2387137907608508,0.1998687351443162
1,3.550731859204928,1.417447607705753
0,-0.2742558376424188,-1.7605975113919394
0,0.2737947551417283,-0.7777247179785082
0,0.46760552547361744,-1.671403454694212
1,1.9918766165977502,-0.6211385152207545
1,2.828391040587103,0.3892724349166502
2,-3.0132346141702455,0.7109838387136176
0,-0.48895240669805573,-0.5066609671769128
0,-0.8837354628496706,-1.6456573324936885
1,2.021036189243179,-0.7010855042084889
0,-1.493049628154364,-1.762694093626481
0,-0.1763165801835497,-0.5345022079199088
0,0.797946252909791,-1.9042028390874375
0,-0.8173697819752728,-2.560198884741266
1,2.542922803170682,1.430505588981335
2,-2.795591878071138,0.9499072339083297
0,-0.32087358440826796,-2.347884048421792
0,0.8930562049486936,-1.76097304426404
1,1.904451430875346,-0.18286583053164668
1,2.0323497129505714,-0.0791933506470236
1,1.5627414756066744,-1.1260418957715268
1,1.7088140417869486,-0.27865121725874975
0,0.03766585055366284,-2.667461480670139
0,-1.1818488757477557,-1.7124936920397449
0,-0.1180417977969733,-1.3744273736914403
0,0.2275340200801082,-1.221832071360657
0,-0.5305402138770174,-1.8271150960246463
2,-3.1845626445275586,0.4946024543139756
1,2.5154640145665215,1.3893720926216313
1,1.903651102979513,-0.0449060150839205
0,0.6249290589509984,-1.748766699127662
0,0.4275697362513389,-2.3490069651130474
0,-0.425324793204296,-2.616254929985401
2,-2.2749311129578125,2.0503089728476525
1,0.6928507162732438,0.053195408428495614
0,1.1461934230286743,-0.9763281552864007
1,2.1763468194974966,0.7103975423272764
0,-0.3679646702860557,-0.20174976365236874
0,-0.4534876327921045,-0.3110371210654753
2,-2.3095060124794786,1.1275266183404675
1,1.852301280769896,-0.8508101959846325
1,1.5742112036346554,-1.0846024988795127
0,-1.0399654631264603,-1.7205153467416492
0,1.0790390315381113,-1.5480973989241666
0,-0.7008229170103216,-1.2202475006254982
0,-0.9734322846602763,-1.2822738840036347
0,0.5833988227422975,-0.36513084271924967
0,-0.5235703574741997,-2.994348680945783
2,-2.8701605165784567,0.8646246336259498
1,3.1232234083854222,0.5333604583696221
2,-2.497950827810585,0.3726113336489465
0,-0.5075518215097659,-1.2924796774333178
0,-1.2240903100939682,-2.2812621790188303
1,1.83935873688376,-0.8203333444661729
1,1.9196693483341567,0.22667129968306315
0,-0.17273384031757943,-0.8403197052007629
0,-1.4401033583110279,-2.4795760519024936
2,-1.5570848446193493,1.6382434237351586
0,-0.6356170918549608,-0.8911110097226205
2,-3.0922443724522872,0.692140693408676
0,-0.31718178402519354,-1.5666533754599767
0,0.3715329461271533,-1.7030070438323313
0,-0.6355113045996741,-1.6563771551355329
0,0.8882187412895424,-1.744189361262618
2,-2.6579132144877837,1.3522491330266924
2,-2.290628689313635,1.1951308573659698
0,-0.4499591408359857,-2.5102110572956153
0,0.3360146936111052,-2.686489773160892
1,3.4942504966366146,1.7002840127325338
0,1.7353729790366488,-1.5601272981795307
0,0.03912873553809686,-1.083187737178135
0,0.7931609193101032,-1.8504378671092794
0,-0.23153337278030087,-2.506166615588504
0,1.381792167338128,-1.8821534038665448
0,-0.2541126015251202,-1.3739855168796848
1,3.6675592082716717,1.561370942334575
1,1.6847693660147638,-0.3642099968411406
0,0.20666949569492798,-2.3595802038297475
0,-0.08845833243379053,-2.890886923395101
2,-1.4187281654070671,2.0517968815739014
0,0.18780300625820395,-2.212248096176445
2,-1.8659333260779043,2.1516374998315673
1,2.2272403727850865,-0.11498122915824499
1,2.729178677754376,0.22130928956413132
2,-2.812271956404849,0.1733854494606173
2,-2.2594054430008055,2.1163218700063804
2,-1.8836977817636957,2.047952382477109
0,-0.39511441075159004,-1.4616462935390735
0,0.4328795279212361,-2.0991747791170656
0,-0.21076929849322662,-2.9041885750451035
0,-1.0620061113784784,-2.267282214603128
2,-2.0267507441972485,2.3919175897198945
1,2.3382609354399397,-0.05265266298456761
0,-0.33992093617554936,-1.7915284557535243
2,-2.6899525919541682,1.1068208115991247
2,-1.1482084474553598,2.248796340473803
1,2.4449190101908984,-0.30672567740000517
1,1.7043117236341083,1.2343029915011878
2,-3.038075693340347,0.7575970662704066
1,2.4405366988685486,-0.7250691054252213
1,1.935320748024611,0.6124075873566726
1,2.3316070855374766,1.416372030296131
0,-0.2128211640969258,-2.337962146317084
0,-1.4201253454186749,-2.229044327408982
1,1.765606182321185,0.8723220744780547
1,2.5006089641025757,-0.4314742081268664
2,-1.3812855121249346,2.2041552681302523
0,-1.0027260957776707,-2.3792091290435273
1,2.3345999410729354,-0.2692970542014331
2,-2.9271520781493074,0.8932332856775913
0,0.34839590677868515,-2.2851121387806375
0,1.279142411627464,-0.9058503857027763
0,-0.31579363223738566,-0.9651471328249375
0,-0.0814429920766815,-1.3958073236584236
1,2.322126977431535,1.1616412237544058
1,1.5931202170023908,-0.19054411112681938
2,-2.2685297676425824,1.3879684678943336
0,-0.048198001661673096,-1.2853346086807176
0,0.5903714419686259,-2.154966077874745
0,0.5309943202037268,-1.4996124511921731
2,-2.0793499295074596,1.424476348325805
2,-2.7425175818394605,1.0224912075118036
2,-3.058293060415513,0.5065122680109942
0,-0.10283971707381528,-1.2587140736761968
1,0.540423945829773,0.137078379906598
1,1.2326945669532958,0.48399168934566816
2,-1.7063172387313168,2.484641154878247
2,-1.402371996774584,2.1228926119083393
2,-2.174169932974624,1.9568692107879275
0,-0.4401305499645317,-2.6396373273412213
2,-2.173884136539856,1.5378258698409797
2,-1.1878097721557013,2.457051458758189
2,-1.085035641183946,2.1453489827887826
1,3.3142193235303097,0.7747830297453737
2,-1.0590722114715008,2.3597122232131844
0,-0.4022730606696634,-2.718627348089587
1,1.0575031283469771,-0.5720027942884777
0,0.44174715870165626,-0.42719934613800015
2,-2.1833150210187773,2.223158149500375
0,1.1128255824673055,-1.916149364749163
1,3.482697854109408,1.0430615018253089
0,1.0342379776243942,-2.277437479420951
0,-0.5425790705711522,-2.791173527651058
0,1.379358734653335,-1.5025529492242777
0,0.4868668379028335,-2.261534730813234
1,1.0555183503346,0.7320903693348324
0,1.3831095965348548,-1.3162660409271152
1,1.718709419367142,0.5247762827490435
2,-2.1370300024446958,2.1281351275120213
2,-1.826205034100751,2.4445058705914775
1,3.0452057834454767,1.3174258543712076
2,-3.2581052286659298,0.17614804510429305
0,0.31557543348099526,-2.5170794888904853
0,-0.05969952979340082,-2.3810270234450144
0,0.5581763612430477,-0.2502988206081719
0,0.6316360417288276,-2.0176710695741362
2,-1.1205075812042264,2.325986145890621
1,1.9131792430936376,-0.5071005904819503
1,0.946497713495977,0.8896570493293351
1,3.362603481846432,1.1685978115612936
1,3.0797502893324618,1.4542268100447489
2,-2.243885489508865,1.091053967648149
1,3.5427310758992228,1.511271484206897
0,-0.015207491353087521,-0.5041830172031726
2,-1.3758107284042838,2.594373661230884
1,3.60249268911024,1.2414530363717646
1,1.516662445925051,1.1182498712492035
0,0.5368036907703911,-0.5434761186003794
0,0.5781066766434763,-1.6799980404589667
0,0.5114705860800929,-0.8749017037796442
1,1.4964915839484456,0.8679571448126233
0,0.48060094788028374,-1.0540368021166278
0,-0.12559960210604326,0.1465413264440679
0,-0.34436543025456867,-2.5911296421560626
2,-3.231581888807656,0.19371606509742606
2,-2.105008767866042,2.2975291838457643
2,-2.9386587441132024,0.4511758534474584
2,-1.6620560696306428,1.6518170776249324
2,-3.0242567220041785,-0.055206160053519915
0,-0.6919220021408437,-1.8384442521851252
0,-0.5288558073899592,-2.1320232602320437
1,1.3951004223182526,-0.6612784042565197
0,-1.4347373585629135,-2.264417453268234
2,-2.5566872021015787,1.294126138187993
1,3.9620224080257165,1.4086590380844635
1,1.8067084751693454,-0.916196139601166
1,3.148037850916446,1.2756784907828929
1,0.9644925712577351,0.8905224908563172
1,1.4497003985507317,-1.1699887521108003
0,0.8002278934888836,-0.9475267200905828
2,-2.1530991908811385,1.2141455610138923
1,2.617848805605006,1.7841102634271062
1,2.581066297035397,-0.19250895050536215
2,-2.8194581065917976,1.393078687328494
2,-1.2441657777677635,2.5574319348474615
0,1.480892072277457,-1.2599093885668777
1,2.0355994129945416,0.03976996455932938
2,-1.277193265412828,2.5200159334423717
0,-0.9669052237395048,-2.3916845439663494
1,1.7569427817306664,-1.3364182382868366
2,-2.564165799222556,0.9560209839939962
1,2.6681875813425484,0.424387940191262
0,0.418969445543229,-2.6624705773997723
1,1.5786611504535166,-0.867315732435782
2,-2.2303371405421113,1.6897148840947485
0,1.6232218049374076,-1.369502548161326
2,-2.9690362640644596,0.41005072055890407
0,1.2124321510269396,-1.6569986946595627
1,1.152829023966115,0.4833655882579567
1,1.1301533183280283,-0.04902002519868817
2,-2.533625399564389,1.4122360929387052
2,-2.4146387154149114,1.593280943039202
2,-2.6192129190811793,1.3119230770211607
0,-1.0537360279318229,-2.0505593732705067
0,-0.09362928670162696,-2.9246171037430484
0,0.8946949823662383,-1.0422033439410667
1,2.625865685983635,-0.1736518385486685
2,-3.062777581774007,0.4180235025349387
2,-1.8525971572517246,2.4762972425269747
1,3.422385176061665,1.0789555969837894
1,2.4974210113610917,1.0306002344891458
0,0.031816009758135255,-0.812225338839278
1,3.6677893519473748,0.9597913212549773
0,-0.21480584115915238,-2.5071199245643148
1,1.8759466291658549,1.0626352201375562
0,-0.7826547180787529,-2.718414124171956
1,3.1907693004177187,1.3155273624486399
1,3.4930883020770342,0.9505218995877271
1,3.834715134803509,1.1511922206878318
0,1.3951758443489495,-1.1448408255028102
2,-2.7654184476477717,0.6746842186275548
1,1.5818001637541408,-1.040516422892885
0,-0.5285500897189469,-2.992547030805935
0,-0.8967721120130653,-1.4727536009490327
1,3.03791591745342,0.010114597459439989
0,-0.6636374228115095,-0.8669793412731004
0,-0.20985185794624228,-2.375712659181944
0,0.5215215792314529,-0.720852484069428
0,-0.18303257188673355,-2.520688810280365
1,2.668068291113204,0.7960236203616264
1,2.9184233664671195,1.3509360246877518
0,-0.9524533151255983,-1.8623780487388832
2,-3.066582300658016,-0.0186835790696267
2,-2.508303679549348,1.332671978210349
1,2.2140337423062517,-0.9961131730858201
0,0.0837633485447993,-1.3492198938908082
1,2.290289108521068,1.2229218864141798
0,0.10534813501225601,-1.256221542296828
0,-0.29315579945670517,-2.0259299213455075
0,0.1638503052470981,-0.8991821864616675
1,1.8048255787078464,-0.7498207744013059
1,0.8620746180588351,0.49570294779907653
2,-2.087835744441937,1.3822630109504441
0,-0.31340562530822924,-2.048705187660715
0,-0.7627192611222634,-2.488074858709449
1,2.107085722241187,0.39210097397759586
0,1.0358190987090314,-2.0637377958161576
1,0.963650518008238,-0.007916616977578728
1,2.930443320872219,0.7843412591892006
0,-0.00247667376181282,-2.2799063846175507
2,-1.687048127082424,2.037384859861154
1,3.8792393919538806,1.4360685194306406
0,-0.13406402000487577,0.2974247709276625
1,2.4398347867064727,0.19831796661027423
0,-0.20841040063648172,-1.8622274445713818
0,0.9639124018930307,-1.2367375820156032
0,-0.7240838358952892,-1.576811593645935
1,1.5089287310007984,-0.8885377174423654
0,1.033074505106865,-1.793568471745016
0,-0.6819337668933305,-1.528405778171639
2,-3.1201505331460133,0.2070153022508867
1,1.7894813782156749,0.5117080447560628
2,-3.0426977972230382,0.0013149292533327084
0,0.3753881308518921,-1.2579968600544549
2,-1.404643464654227,2.3619470161029295
0,0.49694968742754353,-1.7942369152908624
0,0.8150017382903216,-1.9505665545071524
0,-1.1418290442649277,-2.2028584202585884
1,1.7876116309527483,1.3768950003079008
0,0.21448746778369404,-2.415105611207467
0,0.04038775226538194,-1.9104202317879333
0,0.12562534932833688,-0.7834584599626989
0,0.41286727912080684,-1.5248943345149213
2,-2.8407677425194664,1.3699091348590864
1,2.079205022444649,0.9228410465480084
0,-0.7573161801154886,-1.7189262664481921
1,0.7529047565484052,0.5905452084990666
0,-0.49911095558773805,-2.0982878769713342
1,3.228965323446136,0.7573255628414111
1,2.5534918885644,0.5897051635878249
1,1.4790885445428055,-0.5973024673620897
1,2.0035201932646567,1.0176920807885241
1,3.6232588279891154,1.529730964219517
2,-3.2673415013476235,0.3839069637541395
0,0.9949234958782339,-1.7645804287509366
1,2.0674287506966698,0.2650765471007741
1,2.754189279251988,0.04686262399622376
2,-2.5991537956009925,1.1014560350117466
0,1.2838548658919922,-1.5370754579902177
2,-3.105706037620141,0.1464528680039039
2,-2.3346996268673776,1.9877847884483613
2,-2.6804541255880308,1.106987204211855
0,-0.5330909591015245,-2.622100931324836
2,-2.68206445897611,1.1355179461687455
0,-0.03481007532681896,-2.530345253285325
1,2.331385801753169,1.9057857944290295
0,0.061878407030493826,0.32800526962125315
0,-1.0550797889516608,-2.2203795097303054
0,-0.08470573348727028,-2.3051701935009494
1,3.212461943105657,0.574374773678195
1,3.0792066043116715,1.2985815773704694
0,0.5634790284469442,-2.2180301620459
0,0.7893379351175371,-1.2798152754320236
0,0.1833769992200509,-2.2840782870004555
1,4.026805886601032,1.4896059597318172
0,0.12298873955205608,-2.003723893375549
0,-0.5079711469406814,-1.8482903967680455
0,-0.5676039266416597,-1.893935227609229
2,-1.8427567817150434,2.2220641794538656
2,-2.884646919953778,0.8456727699135844
1,1.9577887637470177,0.6979293217220752
1,0.24612364474618142,0.5757148225164845
1,2.7348773414925525,1.7661052039950103
2,-3.231129569325312,0.19723674438520783
0,1.5975848117696825,-1.3789513939964615
0,-0.9822454836546031,-1.6169382714756524
2,-1.9309709354387188,2.3269684435448883
0,-1.3667274025433676,-2.4717993456754033
0,-0.9430769176419719,-2.491392865812145
1,0.7412712731405406,0.2841100467135823
2,-1.225723777755249,2.5529239329707334
0,-0.38775969229058255,-2.2008257979529118
0,0.45895313848663155,-2.136295767019473
0,1.0464973614150976,-2.134490362541281
0,0.8580968406828584,-0.6716124372237198
2,-2.5092729525017057,1.2946992779565214
0,1.1262058568647835,-0.839636620704598
0,-1.4768848827479113,-1.8254751753178802
2,-3.057923343248623,-0.019953469310811545
1,2.2333395269366503,0.0035786677110524745
2,-1.8601310235623405,0.9464965322656405
0,-0.9496345860911843,-1.5931081000956935
1,2.8863771750786373,2.0139758247616157
1,0.646800704381657,0.5021155286486539
1,1.5453971163184426,0.6641377304618898
0,-0.6400555149025231,-2.1031733918387907
0,0.06510292436375575,-2.6065645470446883
2,-2.537061552534156,1.773755491951272
2,-2.776513891908637,0.6500917333296443
2,-1.886378881487515,2.356712825487573
0,-1.5615113188048755,-2.368099362155931
2,-2.718136391959889,1.3941406664797527
0,0.5360293026215032,-2.3342217442924005
0,0.3374701599345037,-0.5320337384789324
0,0.13266389689531632,-2.7510416260200685
1,2.5162116302103135,-0.11320317113990769
1,2.9212564369344403,0.4816095388428939
2,-3.071126624031207,0.48193592174438804
0,-0.8228971036494082,-2.129692448566169
2,-3.075976001438509,0.3923271919357561
0,1.2270831944316074,-1.2782479252318544
1,2.1616068322267505,-0.36959118614038916
1,3.0485664688511993,0.4350111897113855
1,1.06157334231353,0.5459334888077955
1,2.678768184073875,0.5282325741849038
0,-1.4925535421261351,-2.3137258405683117
0,0.27182638264076314,-2.6360032798823765
1,1.4735313647499964,0.930038726128843
1,3.3215775804297385,1.1497753639825723
1,1.9804994917913505,0.018297873656741126
0,0.3200975958758129,-2.604787536056503
2,-2.4934455462869023,1.7483572762185111
2,-2.966912770395595,0.12381301932303823
0,-0.6630574473309232,-2.2746906607174475
1,1.0930768056345463,-0.04087304272226108
2,-2.967249096403795,0.34352579613851
0,-1.0889391659562968,-1.5340475480883546
0,-0.5989523412415815,-0.5129722687536951
0,0.11572961931266496,-2.3146701235149965
0,-1.1843207781459253,-1.4827903769025739
2,-2.2265622290284734,1.2714814868366364
2,-3.226926328117344,0.16300473422669648
1,2.1544794858721628,0.829263669508734
2,-3.1737765323431852,0.2614087173483774
2,-3.1259185892504013,0.2102083075774852
2,-2.4155908212569845,0.894323343578331
0,-0.795691214268253,-2.342641174489227
1,1.10535615897817,-0.6013034393876006
1,1.5317048494338055,0.08812855438354639
0,0.5294375916236599,-0.24042156172022433
0,-0.2702897711733801,-2.5575906645527167
1,3.6289706654847835,0.9995448485393701
1,1.4617551056491809,-0.62752645124522
2,-2.9845103757548013,0.7300146580813411
2,-2.8805168523267617,0.5174541806305016
0,1.0041230880218461,-1.6718329839455595
0,-0.2278922318573675,-1.112715447537875
1,1.8242005866887698,1.3629164650060226
0,-0.8071213419192051,-1.3541623662713298
0,-1.2372146187710265,-1.9412111817881925
1,1.06468048454748,-0.2541646486738853
0,0.21034092246360708,-1.8768726050719635
2,-2.9597567603140895,0.20693154545161047
0,-0.1356654985864795,-1.871141934628117
0,0.33230521075653335,-2.5330211079223113
0,0.25997635727543045,-0.275955824713004
0,-0.52623640166426,-1.9547050434909155
1,1.6755077897017912,0.5240840464579165
1,1.90713198262751,-0.7209695073989232
0,0.46392585353353194,-1.6938401269665975
1,1.7267650586253875,-0.5421515333117957
0,-0.44522245178249154,-0.6511764737555784
2,-1.3742898870262195,2.7237419214595135
1,2.2572224934697647,0.41657169107184955
0,0.982108881640188,-1.6378407938629722
1,2.721048643399446,0.11658659182025738
1,1.5049896895383097,0.3008956380325999
0,-0.8419247401688943,-1.90297933354937
0,-0.039499004805973625,-2.5619885762085475
0,-0.3568533617544438,-1.325941459522168
0,0.04607746937043339,-2.750796759474713
1,2.0419363778890793,-0.3878098073390735
0,0.7226109482009978,-2.3725449126342557
0,0.591385370007058,-2.1516106918120106
2,-2.1782241016287847,1.9259215072250153
2,-2.7820542449273296,1.0720744722783844
1,3.1191385138758934,0.8179716029425779
1,2.063349667469053,-0.9876417505303529
2,-2.155055426654669,1.372892207746287
0,-1.2405989019738786,-1.4181187346380673
1,0.789536141214882,0.7038817886730275
1,2.363914646155767,0.6727617676544482
2,-3.099423767318086,0.8307219408136113
0,0.18884731747555505,-1.7586050645262872
0,-0.32448832119567206,-1.1832661861873262
1,3.235763215989142,0.8245879357444968
2,-2.39826401679829,1.9215239899946068
1,3.19842846020994,0.5255879533625794
2,-1.6136311119102285,2.1528617775186163
1,0.793525127694848,1.1011360171442737
0,-0.02628704241830404,-2.0865455749649984
1,3.7620060675570777,1.1348201599967236
2,-2.1923147924406017,1.797762555913865
0,0.9983665156892869,-0.6937623033666768
0,-0.9514699343648365,-1.9609189565842566
2,-1.7731086094025363,1.7311118690357505
0,-0.042271591380038165,-2.70734347105321
1,1.3136637643595468,0.4425853031540229
2,-2.05972576520529,1.5610775933622358
2,-1.9875511229714953,2.2533751998973526
2,-2.2961042143305637,0.14791793201935724
0,-0.8874431838979577,-1.5890121738695815
0,-1.1047806201804606,-2.296712371281395
2,-3.1576667088573154,0.6004746856837976
0,-0.3367973581012051,-2.7912480456508915
1,0.791937001019724,0.2333799629597405
0,1.1130648788975954,-1.8478066840056504
1,0.9792093191782045,0.011766474149976738
1,1.1225257266609256,0.40808460161949445
2,-2.348539545532722,1.8748980361666927
1,1.4628460341941585,0.2683009415403518
1,2.037429460261707,-0.691349005086083
2,-3.234395926484465,0.16570720943646805
2,-2.479415740552094,1.4895140990330575
2,-2.248813141810071,2.0011421894077963
0,0.31200141782161117,-0.7169964108431273
0,-1.5372772514347193,-2.3439421415658965
0,-0.861992203837002,-1.323056523076786
2,-2.1639283929624167,2.2173549075968912
0,0.847646485529544,-2.1609466754922684
0,0.5869811049622353,-1.7992562364038056
0,-0.6478572104575091,-1.8790036279662563
0,0.6101030303081911,-1.281930585050881
0,-0.04592277637729317,-0.5931642814225531
2,-3.048751702645466,0.4128675657200395
1,2.7530396803949655,-0.31296064657590633
1,2.6135729976553783,1.526083064253969
1,2.3815414166525075,1.3490620390849695
1,1.751688973997398,-0.3854290041447416
0,0.4855891526542116,-0.6327390077112489
2,-2.3488138799268663,2.000992725234753
0,-0.8097811796920834,-2.6521688461290074
1,0.7078026496258545,0.4819912272915755
2,-2.749434959268444,0.4496382140614963
1,2.977300132481836,1.460468649083381
1,2.982404574416985,-0.16751648378016426
0,-0.23210773846838578,-2.8053810782692317
0,-0.3239238179950447,-2.465845469268587
0,-1.494684004580361,-2.3110921555064934
0,-0.4565879916060104,-1.816859618627724
1,3.2464558873284224,1.4791161410578488
0,0.2630767376924697,-2.24730908989285
2,-2.6361527081367333,1.0333327651781397
0,0.6901403458848024,-1.8311851881869032
0,0.22911091114226756,-2.542526373492354
1,2.7988840886927324,0.5329545535777602
0,0.6454269565429392,-2.11111794684976
2,-1.84370691349814,1.875958525205578
0,1.187179090261732,-1.6954536773342412
2,-1.8425696131690614,2.303602383252147
0,0.8672488938750944,-1.8639507620370435
2,-2.5649430409588607,0.735310127948954
1,2.7366742659632703,-0.03481887738108613
0,0.7396784461779062,-1.4710864855204404
1,3.364817519462853,0.21838123026295142
0,0.06193393592870189,-2.249248336387273
0,0.39281994516511504,-0.6672318892826832
0,-0.2269130797531307,-2.163754265291632
2,-1.4660328102599123,2.6258157215641695
1,3.107315907917683,1.7471194016442513
1,3.718157048817184,1.0760183218927786
1,2.5659481911107385,0.1713074726224687
0,-1.3044615836525488,-2.503590369641902
0,-0.5173968817156741,-2.7940278477306824
1,0.6766994427885109,0.8341672833376536
0,0.6873508579017397,-0.8126117717327207
0,-0.2694557303039907,-2.7918687022203743
2,-3.240676165809314,0.16984226961482618
0,-0.17501956374643135,-1.446513426498974
1,0.567579385645004,-0.16716467571858684
2,-2.1168907426943386,1.3932019732356267
2,-2.653784590910841,0.39702220956188056
2,-1.8907523054348065,1.6135671441139157
0,-0.007575484811231548,-0.7068931370307816
1,1.1817928432045153,1.1418618818281807
0,-0.40946156053798094,-2.516749151333451
1,2.933333767453415,0.8344717113182047
0,-0.27219713631335896,-2.6115051634044333
0,-1.0254162216470741,-1.033156811571209
0,-0.24903219086891998,-1.8646386621887603
0,0.3639910543027208,-1.0581561032888687
0,-0.9456864404570864,-1.649391342038459
0,0.6532612958211637,-1.6436703482779893
0,1.2275431619159973,-1.6106864464739652
0,0.10700481590647024,-0.587313710271058
2,-1.7365041956815468,1.726234475113425
0,-0.6059127477870139,-2.2835266511016226
1,1.6902858904556703,-1.1749869865332496
1,1.153514304498387,0.810686287565328
0,0.3685811106078448,-1.0679856428448768
1,2.0031839785464944,1.6601264142524514
0,0.2669950302606752,-0.5234370097643829
2,-1.6022165816448992,2.4117267541475065
0,-0.4321932054637104,-1.5019562493875318
1,0.606674528578002,0.19414925427154156
1,2.257152521792579,1.694480876265814
0,0.6844581617750976,-2.412248905760535
0,1.0155242576787589,-1.1458999104362493
1,1.3729193128798804,-0.34465603828854857
0,-0.131222932117331,-2.400229719732295
1,2.0266997678119005,0.5253264010246452
1,3.8856530236923486,1.311826383083202
0,-0.6086720009652837,-2.9031739778493115
1,2.433293470737617,1.357186984575954
0,-0.3809337656901767,-0.05604422597255301
2,-2.1368644239017773,1.7768373615032078
1,2.012940294728056,-0.8529594652218246
1,3.313387043165652,0.4576656159618675
2,-1.1884805153853997,2.4795153597561717
2,-2.823657183978828,0.9243511439480774
1,2.5431730301147977,1.504192793328621
1,1.9918823507367338,-0.767240776061593
1,2.6982851245940735,0.45379629291571555
1,2.181102613453863,0.2883139632128501
0,0.20377858904817037,-1.8080411196936925
1,1.017181064248311,-0.6228714028530138
1,3.1642746075619885,1.1025559447769533
2,-2.263160334098398,1.4403554290006406
2,-1.9333906947608421,1.3229484316691336
0,-0.3424566275215988,-1.299930299744966
0,-0.4358577806078133,-2.250638799559778
1,1.5094359383228153,-0.6723560915963545
1,1.792246608150343,-0.17169134897105937
1,2.2320446252666053,-0.9359885027947602
1,0.7495712816155422,0.040739207508663985
2,-2.8780911040140245,-0.11904623558376654
0,-0.02247729217020933,-0.7984960567473136
2,-2.387038994449533,1.0449108221684833
1,1.6525680412008483,-0.9124125916925792
0,-0.3978547861030106,-2.3695985661116583
0,0.5913086564248433,-2.4663706866865844
1,2.133461676720775,-0.61939540408185
0,-0.09187498890832968,-2.430865812143881
2,-3.124300310016636,0.20851667736742646
1,1.3836514457261593,-0.5701989365191995
0,1.237612769648524,-1.761730296334098
0,-0.726367050710558,-1.7516878706563208
0,-1.2122738048110326,-1.6574060137239726
2,-1.7648127494355563,1.5821159351502447
0,0.18804257876953437,-0.9666913309425724
1,1.2783841158155569,-0.7512900635869497
0,-0.3127309436195989,-2.118745179624425
1,3.1937285126652832,1.1142208435862813
0,0.028046318406233728,-2.107294598021431
1,3.2352890515182136,1.3278550064410326
0,-0.5520805474057197,-2.7188187175698664
1,2.357401775977135,1.5763207239624588
1,1.9765111921936622,1.6302808598259477
1,2.6809762957142835,0.22286170489324986
0,1.2641147268348334,-1.2663305324664347
0,-0.9501046869317591,-1.9031204889664797
2,-2.2958944384121396,0.659649532762421
2,-3.0736924953569895,-0.01424824386796053
0,0.6735292641554497,-1.5205248644609017
0,0.6538468507070117,-0.4817384989581863
2,-1.3724405060239708,2.2862906427063514
2,-1.8841681085413904,2.118161977495924
2,-1.8560342058760433,1.943520214724982
1,2.763302504131309,1.9811473081198487
2,-2.203520910698557,1.334842139369355
1,2.2369852465466398,0.008921995139485328
1,1.0580097994869877,-0.24462904146021353
2,-2.4881187028999436,1.78981716409734
1,3.6988305246352042,1.1015370419843287
2,-3.0937181879023026,0.19741425008488916
0,-1.0413154185368338,-2.0833327113365665
1,1.267277759745901,-0.8294431850963582
0,-1.1698143365686817,-1.4992790787705017
2,-3.0484519334001283,0.9584195786236249
1,0.5109929594877335,0.5113209131253492
0,-1.5763944581955127,-2.195260221523296
0,-0.15540213125166932,-1.559212409523478
1,2.6378447820809523,-0.273847530365726
0,-0.3856528197168595,-2.6660951490444917
2,-2.8020584515020026,1.0511100989808506
0,0.41894078955210995,-2.4297661112907085
2,-3.1047559900054504,0.34860492214288724
0,0.6682623653483085,-0.4611945069207941
0,0.6336269627266454,-1.6491086148036278
0,-0.14778595357603658,-1.8415297372743675
2,-2.5842744069015455,0.3967942852038358
0,0.1978780342366075,-2.5977675937183387
0,0.5276999663396624,-1.8931454672832928
2,-3.002683802115029,0.7021791463842536
2,-2.7102885149300158,-0.0009184300929238609
0,0.9231781109117393,-1.2474537201792453
2,-2.8989999054160833,1.2597165723807437
1,1.2568102472637035,0.6324441431324949
0,0.7205147008274624,-1.1119448093425974
1,1.8802143408870355,-1.0138772795318036
1,2.214782066596042,1.1633278066111414
0,-0.7647273546195222,-2.5018030338558015
0,-0.19632775758150667,-0.5761130415637274
2,-1.4059548814710847,2.0784865977021387
0,-0.3758116330345279,-0.9933388278071825
0,-0.6557445022036871,-0.4141553863842185
2,-3.1792668582563395,0.2628963912989075
2,-3.2268432702209964,0.19106492862629576
1,2.748352950114439,1.98699344283273
2,-3.11932261747445,0.5587605191132077
2,-1.4693339927129732,2.6030723347262104
0,0.6875457771037478,-2.050166920013207
2,-2.9337363833542893,0.12774761571174753
0,-0.8063324155261813,-1.392968250106922
0,-0.1627710349756289,-1.0872137585773554
0,-0.27950102867441484,-2.7886070419202853
0,0.9701515437271372,-1.3386627904363089
2,-2.769315515892,1.0039436986980637
1,3.5936184940637563,1.1697701291994165
0,-0.10797937992350293,-2.5821784639632237
0,0.27917241590546704,-2.030100930282291
1,0.9924446332553618,0.472198899588418
2,-2.5025843264946706,1.218646172239104
1,3.3539107218767104,0.46080409834894026
1,2.0948701735233675,1.3558459741422735
1,3.634390080278634,1.2747635760771279
0,-0.9860602908251606,-2.2496606428004586
0,-0.5216746106983379,-0.9237620334123785
0,-1.062536288890814,-2.4247905392870206
0,-1.2932016120829526,-2.5095270799601086
1,1.0423031257670612,-0.2349735380764047
1,3.0549653546487434,0.5979137700971082
0,0.7847413225354373,-0.9926443670659507
0,-1.332946822988905,-2.4537124334962472
2,-3.0750021647490247,0.050356246780345115
0,-0.011477999248600879,-2.2286993775974504
1,2.7470728635408816,1.961102744651161
0,0.1821030708985581,-1.0232196711328103
1,3.1488987691225603,1.0278624692979
1,3.17057675315319,0.7142546141293296
0,0.9111490430589084,-0.879151333891497
1,1.322029619306683,0.4485619969128162
2,-2.5328735362146024,1.3224271949641362
0,-0.27140969212606836,-1.3204391189110156
2,-1.3837181408785193,2.347447711342529
0,-0.17705460694500674,-0.8576662623960627
0,1.7161730776270905,-1.5883100961981529
0,-0.6958997727486245,-1.0202864806049123
1,1.8769183091340174,-1.2542499956085909
0,-0.06930275704441922,-2.3224947648423653
0,-1.2920122530406806,-2.5080944949915214
0,-0.10971452700982623,-2.464063568826382
0,0.08093823841635994,-2.419660155250942
1,2.2690648587275826,0.04260153425633445
2,-2.9000484434032745,0.17448790152846466
0,-0.6592973382169924,-1.2674955673932067
1,2.0749467148072593,1.0031371434801568
1,2.140603476463956,0.9520410180252983
1,1.1448106952194832,0.33565630135357866
0,0.48186065133235595,-0.5954124966957036
1,3.478652068835938,0.8705292188374529
0,-0.8733754099091982,-1.9063272295943545
0,0.19606121704023363,0.04592376286244766
0,0.21439027914948688,-2.8396074957710264
0,-0.24531920076130642,-1.9457240254514183
0,-1.7098126340153836,-2.1997461764456605
0,-0.4056742075303186,-2.501068266496265
1,0.5832699964639174,-0.10181688738909955
2,-1.5221387468018468,2.374161249711448
2,-2.858756595087665,0.4696701371169394
0,0.898480030527508,-1.9630134402770278
0,0.9632370228850738,-1.595224224405463
0,0.3534599236274849,-2.566556866870068
1,1.2380912024756712,0.8871257050429003
1,2.2277574996791305,1.1471807703031849
0,-0.9952095403406689,-2.3818168331534864
2,-2.8473892176823474,0.8463553255083169
0,-1.5241683643021005,-2.4197167729687417
0,-0.14666533366982665,-0.7702748789011853
0,0.3480774938995903,-0.8030071145569997
0,0.05362032378924447,-2.073180146220435
1,1.8501742996721964,1.1347828005291252
2,-3.238973772115717,0.4026091426352154
0,0.7301557733394299,-1.2631402140015646
2,-2.8933590232408615,0.8377522521494289
1,2.349121394575643,-0.17140399498116998
1,1.5205360517360478,-0.7620539023843318
0,-0.998845357664915,-1.8878823390690804
2,-2.848544322885191,-0.272367122474856
0,0.04400876437813822,-2.7367762177962787
0,-0.6683792369606686,-1.3840719597992253
2,-2.20285688659824,1.73517923363083
1,3.8759023812058384,1.5852666808496707
1,2.0475650547878557,0.11627930619558222
2,-1.4790279805120752,1.726031408774115
2,-3.257634676959953,0.17411491008909052
1,3.4398325950163837,1.0205816568110706
1,3.1778210636217024,1.1315873822351197
1,1.7190644114518916,-1.2733854401328033
0,-0.21865509310568723,-1.4640121169910434
0,0.5133024111043476,-2.0935802610034666
1,1.4588897172281463,-0.39503411967273533
1,3.638384116181652,1.027127565509352
2,-2.335170302902937,1.4769310247331986
0,1.2413038155289389,-1.4693661419016704
2,-1.1304316929105542,2.2881843629555254
0,-0.40680928103059333,-1.7929736499226299
2,-1.744488602843542,2.380965018805803
0,-0.18990063074282246,-2.260700269262533
1,2.0670978224620415,1.5746518336917177
2,-3.213593825954019,0.2453935408883765
0,-0.49945666564904145,-0.4042398397054613
0,-0.6469436369206614,-1.72150429133035
2,-3.0587761058141134,0.5093239115174596
1,2.9381310917487458,0.631045581603654
0,0.402733188865556,-0.32841049836581143
1,2.363315198559833,1.4937616353234142
0,-0.6206567132113402,-2.4918272252831897
1,1.342765061019994,0.8028014138238788
2,-2.412391775899376,1.4636049703261
1,1.871033646244434,-1.3134864453030004
0,-0.1714030702199606,-2.4543515370169855
1,2.5620573483648177,0.35073774802783697
0,-1.1569454563047135,-2.673237020362097
0,-1.4301698272906276,-1.9200049502000318
0,-0.16798602249941302,-2.10746967093721
0,0.38002064478474856,-1.9723426339281938
2,-3.2514655856729338,0.17374584491782952
0,0.4885468829972486,-1.026115719856959
2,-3.182122319023067,0.2891496206905976
0,-0.29381406514260144,-2.418071760407664
0,0.5021413611322728,-1.4584681708502407
0,0.8928383104814909,-1.298658190865008
0,0.6458194932639256,-0.9331542676036011
0,-0.6294645797985234,-1.5347084750710123
0,-1.2278676649135893,-2.0505021701544983
0,-0.28057756238060816,-1.4255025335414557
1,1.0967906122531508,-0.7863441011686687
0,-0.34823865042654745,-1.6406155913780485
0,-0.45130287220306675,-2.4965320106114803
2,-2.7262974999379863,1.3132026232961809
2,-2.8569568528367104,0.704426276344261
0,-1.3053058724742788,-2.105942008907678
0,-0.5707549627339243,-1.566919255537427
0,0.5762639874830657,-2.6800942572289146
1,0.8283053882574462,1.351595724095333
2,-2.956601921193197,0.7836298325409146
0,0.04061917119864397,-1.5435571894782596
0,1.376904469757548,-1.2954625011607261
1,1.5201913151424526,-1.2713490555448832
2,-2.667064430788157,1.4666937023546671
0,-0.8111979856357101,-1.4252428698056145
1,1.7006993157028822,1.0614403793710634
2,-2.156795365359675,1.3907604280370647
1,1.2558679715904453,0.36033268204603175
1,1.3972769484892391,-1.0891221850832575
2,-2.4928122420212735,0.8890990213252321
0,1.0626561456804058,-1.4905748571578437
2,-2.7792099457492725,1.1034498829894386
1,0.7605335974497724,-0.11030313763812588
0,0.2481904716312866,-1.7572267880699879
2,-1.753133785713692,2.026485045524788
1,0.9154145259246742,1.349774629894279
1,1.3320836452550857,-0.5429119572472968
2,-2.5355920225355475,0.9941301741830153
2,-3.2078306292996537,0.21374205307238153
1,2.163781546019467,1.1125563241984966
1,1.8581257285557062,-0.13533583472244942
0,-0.9149240695223482,-2.0882478208074846
1,2.7053901288380593,1.2819316374007406
0,-1.625139364868206,-2.319894637046344
2,-1.9345441019775325,2.3815986596706598
1,1.309573075725027,-0.8453536735737044
0,-0.8896781785424759,-2.2579470508312682
2,-2.8908710566522307,0.9550952358734078
1,1.2176167299830611,1.1550832220749707
0,-0.9204618549822312,-1.995032830976525
2,-1.9219593743218546,1.708467657002791
2,-3.0200525098050846,1.125038091006087
1,0.7471723222622726,-0.23835612845196624
0,-0.14138151131952048,-2.0569762756370316
2,-3.1310326826119868,0.5248297261148295
0,0.4514596736696335,-0.6491396789194315
1,2.3976208060577866,-0.1647758642027714
2,-1.4303109214282341,2.1998301017120587
1,2.7181099358271954,-0.24885088407830247
1,1.591257980135268,0.09146493217435955
0,-0.8261398874224952,-2.555162999492984
1,2.7818022427714757,1.8051356068062836
2,-2.1980533820978505,1.4135302173789617
1,3.9518900572077715,1.7870661612232235
2,-3.159659783373611,0.27875275295276014
2,-2.8732422774239166,0.1062879027102695
1,1.4451338303648174,0.0283399748706869
0,0.40652011493136075,-2.657966452050153
1,0.9594292128675028,0.8115157749687559
2,-2.7724157127233506,0.8734514416789199
0,1.0875633698219151,-1.0391164213897153
0,-0.2485819681638081,0.018497869647735463
1,1.5395424710388959,-0.7710299968839738
0,1.302796517289283,-1.1953680198017984
0,-1.1400069340527252,-1.6179951573771807
2,-3.0349989527190813,-0.0012465770551126631
1,1.6590442165074744,0.24546758027350427
2,-2.277164029532904,1.6178257878185671
1,2.0750708062828225,1.29592929574895
0,-1.221859068544098,-2.286613889511971
0,-1.3349921969016214,-2.2491325115608114
0,-1.2172402544023466,-1.6652094193888232
0,0.1657046111752059,-2.0076160005447314
0,-0.006560594073457993,-1.8768272017132452
2,-3.133279719086335,0.3017976951208811
0,-0.5657322850478754,-1.6317083444068332
1,2.8389984706661497,0.28531678856607634
0,0.7524920954078342,-2.3211337229209805
2,-1.9960230483484103,2.462414768202458
0,0.2773972945543718,-0.7468985962230031
0,-0.15654713353509445,-0.14361840233514933
0,-0.9051669359109697,-2.1066003773279136
2,-2.6560683733337584,1.5868580887818542
1,0.45885155637287917,0.560939506481618
0,-0.42778233076399574,-1.8548685771640954
2,-1.6522395792879565,2.3500766679053915
2,-2.4964187959003605,1.6691409154401113
0,-0.8289820700449304,-1.8646621258618563
1,2.6455708296714375,0.5056690686197349
2,-3.246485853428186,0.17194419477798184
2,-3.103139271489973,0.9003036011424722
0,-0.48607509083638034,-1.819298435213291
0,-0.4908423490620023,-1.9694440425610615
0,0.5269162172992262,-0.890983908356521
0,-1.1031212876611225,-2.1491576023758996
1,3.63416532406111,1.0451846717806068
0,0.60863715902656,-2.3307379610249264
0,-0.538253427680743,-1.35988008272749
2,-2.6850095688174798,0.7761536077282434
1,2.1313427558392055,-0.9080229938923097
0,-0.045832098944052435,-0.7856477199703261
1,2.0564019196191783,-0.37521766719756267
0,1.1389769580596452,-1.8184758006693933
1,3.4693427013005005,1.1077983248743142
1,2.022072379023144,1.4948622892021708
0,0.7961237868060733,-1.616081594014422
0,-1.4033219569640802,-2.5759886279359856
0,-0.6470559110640481,-2.3745193706675702
0,0.578996107833527,-1.549866046987574
1,2.383395031762789,1.603191101677202
0,1.2046671725307458,-0.8637041463246219
1,1.451506500283642,0.1931869351663453
0,0.38369530297848153,-1.8336392237818633
0,0.2850868295288744,-1.6354135955744251
2,-1.6926590603597338,2.6958538563067185
2,-2.267229367498217,1.9871223041750876
0,0.5079905788966771,-0.3697861224740725
2,-1.5459937824558798,2.0030461441639402
0,0.5385488584222511,-2.1648260842199627
0,1.2347959241081081,-1.925053241543209
0,-0.10497023284828266,-2.663577990729423
0,0.031896624031407986,-1.802861489587564
1,1.7802084291172373,-0.9023083837839097
2,-2.7918169135892255,1.1549569028200029
0,-0.19029631954706694,-2.698885419351516
2,-2.8590424425890464,1.2229342581101652
1,2.2496387839595644,1.034984176560384
0,-0.30972227583638995,-0.41485134023343945
1,0.699862637707264,0.3457091000009732
1,2.0562304297506686,-0.23564457342739575
1,2.827708424123129,0.6945431126154561
2,-1.562334257495084,2.3255827195964263
0,1.2685264375531176,-1.5843312568264258
1,1.6268661778295659,0.9264358799645421
0,1.6525915199647834,-1.650476593857669
0,1.3667148127946487,-1.0526105492314657
2,-2.8165547737330745,1.3397658243324748
1,1.4934927230158297,-0.9079154955759235
0,-1.3170179897982743,-1.6977622477807979
0,-0.40561881522782267,-0.9127155798850666
0,-0.42536012259460865,-1.8520764880747072
0,-0.17293206449605422,-2.209543575448507
0,-0.6324792705555536,-2.261263957788374
1,2.298894599171626,1.7857830185314387
0,-0.42922310193596847,-1.635069965267562
1,1.602653787770715,0.6222472594771303
2,-3.1900163204572247,0.23568229462517104
1,3.6954394932747454,1.0854130939115818
2,-2.518966258444854,1.6591763025506567
0,-0.5255896718905964,-2.9954809908910613
1,1.880928621435537,-0.9358093141433855
0,-0.1889958624447168,-2.1934844123435995
1,3.713596059436185,0.9280900350098116
0,1.5343269359495073,-1.374287321795539
0,-0.08631794823357852,-1.9199521225668355
1,1.6113265718844179,0.5341059827457504
2,-2.4082407385478932,1.2038363929876565
2,-2.6322471495047424,1.0564477973014135
0,-0.3924508081464115,-2.686313915663471
0,0.29554366237971297,-0.8372963913617254
2,-3.243166031931688,0.17074309468475007
2,-3.12350898363594,0.013038654748919576
0,0.7753575494319843,-0.8869291777205612
1,3.489185842221219,0.8911336586306249
0,0.0171324696022018,-0.18351526812512836
1,1.3583403432415153,0.8785103106567209
0,-1.3461009750327233,-1.7906450467056538
0,-0.3299311731794925,-2.1859810082019853
0,-0.10145785818493633,-1.4789985662394183
2,-1.494369361084226,2.3381484480055987
0,0.40853357041797206,-2.6196357337355116
2,-2.7982339862060863,0.9755834036247417
0,-0.5620053734663247,-2.4957100550955853
0,0.18741382893263792,-2.6857847946556856
1,0.8416053628659994,-0.4161510046689894
1,2.6520534584083726,0.49948725505055586
0,-0.5974120293956877,-2.909110688167517
0,-0.6239650502310949,-1.553431995831942
1,2.3274685492362615,-0.9094548519925509
2,-2.772082408846459,1.2371582815675264
0,-1.4664655218601264,-2.3213015062989637
2,-2.8809419461238126,1.094175737653862
1,2.2778423376231105,-0.8950817052326432
2,-2.552656544113308,0.27883042439803046
2,-2.1161031578795613,2.27485737426774
0,-0.061339739132988846,-2.7123393475198267
0,0.4261242385395713,-1.9753277464032521
1,2.637411155756485,1.891962232785053
0,0.2555625308712712,-2.5311645878845432
0,-0.3714359996537596,-1.1894413962723676
1,0.7321317966734613,0.08739856391177724
2,-2.7863354951751376,0.8494064912451369
0,-0.1341999415327457,-2.4459936398910433
1,3.4045187560676142,0.6941311215316806
0,0.19161760678097067,-2.829112479792236
2,-2.654436810752861,1.5637960123799548
1,3.4532663130769032,0.31493467285717947
0,1.0959028002909643,-1.8497708053934927
0,-1.3194007803867907,-2.4981854192223594
0,-0.6282421912122311,-1.653781023470927
0,-0.03981803953288282,-2.615729773113272
0,0.3862772130096778,-1.780299740269289
0,0.2351232899691626,0.058054225560143474
1,2.4863856837897296,0.9893529558667615
0,-0.9134489263467274,-1.7461218654342148
0,-0.8227377029443363,-1.927628882133785
0,-0.6306093764081235,-1.1334595664943146
2,-2.7258168283764355,0.4283017421801957
0,0.2696357414322434,-2.193168202888441
1,1.7706154447248326,0.29515539938453983
0,-0.8468450986110816,-2.2292829478176523
1,1.3848650118303356,0.7510404759247238
0,1.5821507170257276,-1.2620032291870558
2,-2.8683953972137433,1.0036604505172444
1,1.4462131361807318,-0.9099472460995729
1,2.0665843413122773,0.6755954857846921
1,2.037973837169536,-0.5873045820253014
0,-0.3571841235616039,-2.2503774240213303
1,0.7496749105476727,0.22086707688683022
2,-2.787998632395837,0.6779103830198545
1,2.7575760622263736,-0.25102855638474
0,-0.2641156437559339,-2.789589975750886
0,-1.0625581665408066,-1.9391036445347432
2,-1.7237273834768676,2.6681953091388526
2,-2.9479643231830277,0.45914743541806036
2,-1.348464270436358,2.4500543335659493
1,2.2155602792999947,1.6866293577726519
2,-3.2361946915899193,0.19585276340125457
0,0.6414142519745133,-2.485143349922896
1,1.2276671057290505,-0.02547369125143703
2,-1.254053413839176,2.7663021687879006
0,0.03336859105882062,-2.478608485953987
0,-0.19606990965673105,-2.1066428329406315
0,0.7986219790307157,-2.3155745359303035
1,1.514683987538806,0.14883071921391638
2,-3.1263841027576302,0.30047294785768414
1,0.7504502150317103,-0.055890073618096336
0,-0.7349686922540286,-2.7430673377270174
2,-1.9754423968023271,2.0149322640843623
2,-3.214729636359251,0.2446951040590783
0,0.10665961120658016,-0.2856824861071075
1,3.2269620809211648,0.7646187899846539
0,0.05765057599648046,-1.0296796789591742
1,2.028584606932447,0.07234058588954678
1,2.3055191026061674,0.8050589209368075
1,2.962675819757011,1.301875149324575
1,2.819855267052556,0.8168527893992001
1,1.4746883135318605,-0.08762985058403605
0,0.4008760694636152,-1.8595421508745504
2,-1.9263425059625985,1.6685081287512074
0,0.36537595541320667,-2.4702656845045596
2,-3.0576890536301335,0.2702754064121537
0,-0.1270750852740137,-0.3989203018452644
1,2.054246973827295,0.16600879314118946
2,-2.6311074091094477,1.1511969292975204
2,-1.5187365779500974,2.0822698097916597
0,-1.0874557283310335,-2.0048910553323966
1,3.845060343369381,1.1956874008246892
0,-0.9997818625584156,-2.097532528061549
1,2.674840649240332,-0.5647986889436615
0,-0.8110798600016158,-0.6894232396035477
0,1.0328595907480556,-1.1129895309196964
0,-0.1512609985750552,0.03499038770542774
1,2.279609348262146,0.06088904661170891
0,-0.23027838443239643,-1.5167287670080016
0,-0.7149628121538985,-1.1797385292282048
1,2.8323591195845386,0.2805954995935989
1,2.3725153553967075,0.8781203173773923
0,0.5096070116996935,-1.1833774400404198
1,3.03813703887733,1.202658031632927
1,1.553151928823592,0.8797356901138582
0,-1.3744119094356462,-1.8731634882087917
0,0.3339800346066435,-2.3977275280518593
0,0.3367746258750787,-1.1430747818679527
0,-0.6103319117135331,-2.9025734278026953
0,1.1951515130491894,-1.7618507858086094
1,2.2198043283395483,-0.3489779046924621
2,-2.05285881452839,2.147471232275827
1,1.8490393280415485,0.24148116067623968
0,1.5616076812882198,-1.4279875302040048
1,3.117735028605195,1.5793836465818623
1,3.093942623187833,0.3364139542169216
0,-0.7344784617645448,-1.4461637952088566
0,-0.5665787022984886,-2.6793657720722206
2,-2.4616629401716303,0.869962380514984
0,0.4683491296564218,-0.8577376408885156
0,1.1033211455771947,-1.8530075439616802
1,3.6060312453298966,0.9563819428555309
1,2.9167063101128776,1.7555796204042347
0,0.2746585856926455,-0.15195373551700142
0,1.3074766930120305,-1.100607083641088
1,1.981918663709765,0.10392300856776485
0,-0.4498004216268832,-0.33504134820086123
1,2.4529796899819027,-0.16132977419194938
1,3.021305440355453,0.24917202755841866
0,0.9882526091663603,-0.8346443861982705
0,-0.6694959318666922,-1.370386742611492
1,2.366807728061646,0.2708455164054621
1,3.509490444147671,0.5452665431849337
1,1.449040266625602,-0.3845656109530682
0,-1.306121494400798,-2.5029898195952867
1,3.1320759155624485,0.39621948620294145
0,-0.3321740119358391,-0.924746351985392
0,0.07418388701514328,-2.6806735816956886
1,2.3060691036891092,0.890697192550183
2,-3.068242211406265,-0.018083029023010733
0,0.8184169379982218,-1.700983144487779
2,-1.9651290880647054,1.5718222260557424
1,2.137710874570846,-0.21086175370485277
0,0.44271149264138543,-0.10844440324088214
0,0.13573562896380287,-2.425759579171673
0,1.368065864590117,-1.4177070355682333
0,0.9680691227456071,-1.1890191663565357
0,-1.081705525919476,-2.5941222141803957
2,-1.0947027961556877,2.56941156642986
0,0.2971437803260907,-2.6512391141358855
2,-3.1311876974496955,0.6509763093589007
0,0.6312248959510978,-2.3366479170721055
0,-0.7518783668016003,-1.579059945839934
2,-2.5650566462716293,1.2365669460521218
1,2.636963620914577,-0.3110723469740015
1,2.362229039907217,-0.3591343274347375
1,2.2743729471378438,-0.08380514404798789
2,-3.029354871639828,0.9763942240406731
1,3.036984209911248,0.16136927929595146
0,0.22355803855713458,-2.3879329341816815
0,0.8954857719920271,-0.9888463517186543
0,-1.224589265258406,-2.4303251464097975
2,-1.7207488920490646,2.4499926638447396
0,-0.9051394035507977,-2.389346060841858
0,-0.7741796478497401,-2.0075322293367868
0,0.07641012450476053,-1.7722982283123057
0,1.1635018443075078,-1.2514442120127056
0,-0.26807237327103406,-2.6483880307541354
1,1.7934195909332586,-0.15454691404604232
2,-2.0300745089153556,2.2524403984433645
0,-0.5938448748666945,-1.9630097996101203
1,1.51416560780801,0.03879525116762936
0,-0.6487449467973285,-1.78716591520218
1,1.1554265487959798,-0.05058347991280064
0,-1.4836184565683397,-1.9687118956644358
0,-1.1291997702573928,-2.4523222169134256
0,0.44899088766034334,-1.860860057153877
0,-0.16348619854372431,-2.9798177670775146
0,0.008171125149505576,-1.5618283484828457
0,-0.36308618960062633,-2.696358996092748
0,0.7073063858766366,-1.442290942262359
2,-3.227756283491469,0.16330500925000446
1,2.5825273920464276,0.06921415008650389
1,1.7605783766288992,0.9364258596363455
0,0.7166626691393653,-0.4221901942252738
1,3.058595717297716,0.2538244377067518
2,-1.7694536088533912,2.6110635246219975
0,-1.2566295349128496,-2.400329476855645
0,0.6344597862812299,-1.8706170932923412
2,-3.201425842873722,0.240716408250766
1,3.6623934957773105,1.2478476228880058
0,-1.3069514497749224,-2.5026895445719783
0,-0.0475783382549953,-2.690459432497066
2,-1.8850100055180767,1.808227301998385
2,-1.7092903427620512,1.590286494806175
2,-2.8021589774794498,0.9078310991052538
1,3.213003515280851,0.9391039380548336
0,-0.46504471261195923,-1.599477826084997
0,-1.1530701992682602,-2.6076494980321323
1,3.3575827035457038,1.3267098549821377
2,-3.2572752732918056,0.17584777008098512
0,1.4466207942092475,-1.5796906906707768
2,-2.8575652213641973,0.7715017944335931
1,0.4863048102338329,0.2463495371706192
2,-2.3315614442383934,1.7933588177659274
1,3.6203895472114045,1.7583284994776183
0,0.45808073113834114,-2.362424216474435
1,2.3507429830694395,-0.5890158092773872
0,-0.9580193457553987,-2.2419330096374317
0,-0.1314427512338332,-2.4183985650815574
2,-2.8097824359045114,0.32174029630942313
0,-0.1608929818226057,-2.4689007725728196
0,0.14547562704618713,-1.4547739732819822
2,-2.805604364166113,0.8525953974026088
0,-0.2666970410489109,-1.9458971135325316
2,-2.838953460208649,0.4921321352877105
1,2.135844379721505,0.21604553564226092
1,3.3410210556257316,1.2211743008523266
0,-0.200461634743349,-2.5143830347908978
0,-0.32555537505968307,-0.4440593311212329
1,2.7909985408305276,1.7079324529782867
0,-1.1306218920908122,-2.315738441774818
1,3.4116777158853235,1.7209464496921343
0,0.06269354217225509,-0.37752013089390685
1,0.48685787011908055,0.18724028487214647
1,3.261460684947404,1.5787007843766374
1,1.4249935206523585,-0.9117126373716671
1,2.034560345131143,-1.1088140151847772
1,2.4965638774083976,1.3310359308962392
1,2.8247394728499966,1.6445112373949495
1,2.535765129825782,0.6160647579055523
1,1.3699019524781106,1.0391200750978011
0,1.2638185280622607,-1.434117285000495
0,-0.28616160135280544,-2.5814073083607565
1,3.055347803908142,0.7358725470196874
2,-1.629243030210961,2.04795635066588
0,-0.43814792015471343,-2.5342539840833536
0,0.6758301673183776,-2.190397403108856
2,-2.9801746215985276,1.0747891420509905
0,0.6705128164280619,-0.7121436163423996
1,1.2381132217926945,-0.6164738329490543
2,-2.612828853515404,1.211650331470527
0,-1.3800971685036934,-2.1585025021830155
0,0.6330532292207695,-1.8965834999197482
0,0.5000777116272987,-2.523306251125013
0,1.178672374420431,-1.5382754043014324
1,2.161326877786727,0.0918802210492668
0,-0.9569050891644777,-2.4646261620096954
1,2.041727282216505,0.3564984055475895
0,0.574215397946104,-1.2628570049772527
0,1.0252730263338319,-1.3928578656956605
2,-2.91105930774573,0.8372967579233206
2,-2.7852812702869967,1.4072466810939004
0,0.28532768981476964,-1.413478923253779
0,0.748233549026811,-1.9382092043527455
2,-2.3601730060188655,1.0934948281485413
2,-3.0541329700461475,-0.023187704419245836
0,0.8060368607256017,-0.5974925892397495
2,-1.1634159451123702,2.4346045150239872
0,0.401634380517391,-0.6271166468061643
0,0.19883428750376245,-0.6716808560102828
0,1.2750181350457281,-1.0119285761012338
0,-0.10493220980318935,-1.3574937855843896
1,1.5930648164031678,1.4690266408757096
0,-0.20085683776884256,-2.7392423376893844
1,0.7035529977924129,0.5389376871105949
0,-0.277479869533138,-2.025839214167868
1,1.013725918153367,-0.4322058606526471
0,-1.1564531297585026,-1.420173903094902
0,0.9536064528023425,-2.0762576681996703
0,0.27018876443488976,-1.3978195341986899
0,0.20381888913516344,-0.8512671146507105
2,-1.9023150541377891,1.6785033053570866
0,-0.0954110263835139,-2.198183206702264
0,-1.1511357686858414,-2.675338945525253
0,-0.5527487742349293,-2.5403345974741387
0,-0.8535869310752293,-1.8781030679797612
0,-0.503085672304005,-2.7736268389884904
0,-0.9734566022737163,-1.9886674182327126
0,1.1142182170529602,-1.209218904770706
0,-1.2459376779649276,-2.5758858747741167
1,1.3049839244339465,0.5018493898372607
1,1.8415348187209581,-0.5567409817406934
2,-2.0764561310791088,1.8842201559733354
0,0.7211047601244925,-0.7506763608672992
0,-1.4537204802853487,-2.2943721345398607
2,-2.372627167086134,1.3064041756780413
0,-0.1962928173142922,-1.5922232228929742
1,3.2173673976191295,0.3821952326004902
0,-0.8563769129474366,-1.2042713662119606
0,0.6724908522561753,-1.5726212277851677
1,2.980773517597415,0.07911184226423562
0,0.994955316016116,-1.887175040426743
1,1.8384589436049728,-0.2753356769337878
0,0.29377945831172636,-2.294880808806896
1,0.8938981532553484,-0.29666338857065744
1,1.487101345701897,1.2884146672351096
1,1.730627614351886,-0.8296718529118502
1,2.2236353151472166,0.6494179182467729
0,0.06753513355475038,-1.512234983475666
0,0.4230571472569209,-0.5473069200812855
1,2.3679613382493607,1.935319003943486
0,0.47522583370502963,-0.7652301302316113
0,-1.3984286289421144,-1.917603643271829
1,2.8395538184901503,2.0156228732983035
0,0.6257436977999622,-1.510122847519613
1,2.7332650840501427,0.198857780825819
2,-1.7137050066348702,2.45893425584493
0,-0.3137373725562777,-1.2173792731670892
2,-2.9190510629672812,0.8109678065328831
0,-0.28605069243619713,-1.452321475608127
2,-2.215877709849607,1.2706529571016683
2,-3.0467693339254533,0.26600558140601815
0,-0.8310803023130292,-2.2581643785067147
0,0.6417839359016723,-1.5421135172742721
0,-0.498201144544486,-3.0053900666602233
1,3.5655636382522538,1.3777528706732745
2,-1.2622800262773057,2.3423314959367088
2,-2.9670128695117857,0.6398818618714794
2,-3.1079023337014897,0.3491020635408313
0,-0.9101977273791122,-1.869106110227989
1,2.9217433374641777,0.17046202659381188
1,1.6439397248886651,-1.2777860944432335
1,1.3020423417689526,0.07171970093061
1,1.9070284312275085,-1.3582706800835944
2,-2.05181697650084,1.9399835409783892
2,-2.131186851102958,1.704325121236892
2,-3.1264661483559566,0.34995566175329856
0,0.805694777147744,-0.7933286311527076
0,-0.3342964911539064,-2.789710203090969
1,2.074279809182999,-0.2062729261653105
2,-1.2744201104776607,2.7452243062410364
2,-1.2851707402069044,1.9453592836451155
2,-1.448963761134904,2.1715486956345007
0,-1.4839034768452197,-2.4854062275881805
1,0.8629193904971819,0.2321727150773831
0,0.923671807466937,-0.8693624318495955
2,-2.458493455086152,1.1657147166673691
0,0.11740403035581425,-0.2500353084397739
2,-1.748190917171156,1.7608391147713964
0,-0.7818596722625126,-1.7630341175684212
1,3.317610095826285,1.2034083864066163
0,-0.8549829656315184,-1.4549282568290836
1,1.465164931272568,-0.4151366883012981
0,-1.161693682789956,-2.2771786494178032
0,0.1550690804637262,-2.259774541954614
0,-1.0858804375347995,-2.1860793726820047
1,3.155711231148548,0.8596450038846611
1,1.6624316119902387,-0.6156306639901832
1,1.3450173353626933,-0.9168100644986931
0,0.025038137364748386,-0.9586336175148747
1,2.530319577234221,-0.5394241685503021
2,-2.06791759703501,1.437200806674727
0,-0.24479746883233355,-2.891877299089477
1,1.5066537041719343,-0.13730311500452255
1,2.045090386600421,-1.1208366444842155
0,-1.3313987251241595,-2.4864440316695395
2,-3.234395926484465,0.16570720943646805
0,0.30049110231448806,-0.5461434447842136
0,-1.5635607697257443,-1.9891905474150544
0,0.7169985321558919,-0.6087080607703852
2,-3.063733030867495,-0.017851544147655884
0,-0.9321899246007531,-1.4119971683833614
1,2.40384603410104,-0.7908167859317352
0,-0.6219512869512769,-2.8983695774763842
1,0.7845786534249379,0.7577441231633077
0,0.9263464843981886,-1.4643043293060714
0,0.46371093866853025,0.03312458567257569
0,-0.037042702549312606,-2.3718271197735272
1,1.004158358566248,-0.46429091509505627
1,1.7405850386414827,-0.7503515770059084
0,-0.499861055292735,-3.0047895166136076
0,0.21283560480262845,-1.11200243335705
1,0.7618998079393606,-0.26180387958907114
0,0.097652483596605,-1.367447120443925
0,0.4593957568145434,-0.6025446042125585
1,3.3849597060248127,1.359051463240776
1,1.7493326509513445,-0.9791914886635762
0,-0.7925208360846889,-2.029111931868382
0,1.1254304299143887,-0.9041258759907604
1,1.8973379304289546,-0.6804127312321915
1,0.5592790028438356,-0.06985494373970823
2,-2.6335829857972186,0.4521336722623557
2,-2.0642198107461325,1.5382837308999717
0,0.4861273408297466,-2.182883563524687
2,-3.0518417449232005,0.8730358792200488
1,2.130244034079405,1.099719000293913
1,1.1909346791388367,0.9660004880184951
0,0.7277866343805542,-1.475438844306829
2,-1.7617604772642388,2.628401282226998
2,-2.985620828374798,0.8250447605719868
0,-1.1204906042897687,-2.30166591703446
2,-2.8853637052010006,1.1640636777395703
1,1.7474428750837592,0.7292413222810639
0,0.436055042786345,-0.38334257572626995
0,1.2709101551716269,-1.2765234812787034
1,1.2656646831585119,0.9630249684619476
0,0.08250699171983328,-2.571906423612703
0,1.140143914706804,-1.8717041627797957
0,-0.5376946563191393,-1.3306322819642253
1,2.522144675089129,-0.3657837396303514
2,-2.6245740199016363,1.1304927152662416
0,-0.0035660834440440145,-0.7017956914020816
2,-3.215255155820094,0.18684185526798547
0,-0.5939700479539088,-0.43724102406778376
2,-2.8240330599785772,1.0210465645145392
2,-1.4865396167360028,2.4029858082388182
0,-0.7261985868068059,-2.7481032229752995
0,0.6699240758685672,-1.852884437854408
0,0.5186476377597035,-2.610008591900901
1,2.6293533553531083,1.051054510450887
2,-1.8231965142678195,1.8046718826041213
1,2.8875010821098575,0.08909759226532105
0,-0.5814267591297714,-2.8730025283576333
1,0.860857873753991,-0.0960254425518354
0,-0.7791171285020995,-0.49899690987124945
1,3.6096632330740457,0.9457883312111319
0,0.23304735028202533,-2.480207465535452
2,-2.74208032425988,0.4784525142802357
0,-0.8416749763703157,-2.389959008981613
0,0.07846366289431686,-1.0508557659320472
2,-2.2758125076592783,0.8650266461791012
0,-0.4259874984964561,-2.41295153270054
1,3.4470224651633523,1.6239724605490422
1,2.165080718040931,-0.5533802396269114
0,-1.183085705642216,-1.9489756559257905
0,0.20487115222204313,-1.2559751788191285
0,0.4477423095610224,-2.2733978354342526
0,-0.48200710985087347,-2.6345344669800577
0,-0.4404499995654682,-1.4737573997872901
1,1.2970790129444043,0.4637382368206689
0,0.5180157262645364,-2.71149624558609
0,0.5773423381069149,-0.9214185988257105
1,3.113393829353571,0.5037423586726961
1,0.715687386525603,-0.06483702060380331
0,-1.592249804151956,-1.9769480616073816
2,-3.247315808802311,0.17224446980128977
0,-0.14519975430242515,-2.8034587524181718
0,-1.5404080681164443,-2.4119784125106882
0,0.527705262084984,-0.12167399123964157
0,-1.2433078654960665,-2.0449917040976455
0,0.4638071544382421,-2.1563950052275693
0,-0.3702283782194886,-2.408737352687693
1,2.695632364272415,1.2994657896408406
0,-0.5024855728536833,-2.279410808164968
0,-0.04325194519137998,-2.438378210789884
2,-2.500508131195951,0.5565884191570187
2,-2.8057859900261395,0.2752364286547506
0,-0.7341354309866608,-2.307033780384724
1,3.720288421876764,1.3774512897613898
1,1.6081020983365253,-0.6003075011022847
2,-1.7032904815190633,1.2042571077271165
2,-1.9461810242009907,2.1471402405484765
0,-0.28780058241566037,-2.785604291687206
0,0.32075708513461515,-2.1765281619069894
0,-1.705261276114543,-2.23052158408972
1,2.051471192244493,0.2192043792791644
1,2.057202464156315,-1.2033398440218057
0,0.28812913114937466,-0.6929668444298561
2,-2.146865339884457,2.1346109195737135
0,-0.9543850371484549,-2.2134276199856844
1,2.166812572069748,1.5157449327521688
1,0.7134469123356624,0.3661645428607083
2,-2.7247012170282083,1.1072307678088291
0,0.3834071135992837,-2.2332048708670293
1,3.238664391386715,0.19102992261110446
1,1.8849374292552044,-1.4286863722038161
0,0.8024666604815738,-2.087236872583408
0,0.5939466811385834,-1.4651637024667594
1,2.138638776800215,-0.5820571095871664
1,2.687730356204125,1.1358523671947718
2,-3.1143960927892276,0.351593971209957
2,-3.048019147973583,0.5463756385342178
0,-0.4812497664060462,-2.7528666978322893
0,0.9672061511012354,-1.9962311106952368
2,-3.1008577470718626,0.34624765301773175
0,-0.5895250488373345,-1.6139576084389544
0,0.06690955139536114,-2.4766342714008776
0,-0.5099220875648309,-2.2927912609235177
1,1.6741711015651168,-0.11111568887269607
1,1.948669153149813,-1.082460186841271
0,0.25901470479422667,-0.7235972986818815
1,2.3477114499412925,0.6780896826860482
0,0.6926712772933539,-2.016033204826251
2,-3.248145764176435,0.17254474482459775
1,2.5508321286559745,0.27258785064000524
0,0.026383517421066982,-2.219828802653068
0,-0.49701178550221375,-3.0039574816916375
0,0.14210717725332578,-2.281624931812286
1,1.7670360239199285,-1.193256302107874
2,-3.0992211313132314,0.6935249587105343
2,-2.215180566966538,1.6109559230198878
0,-1.2356600944565104,-1.998472456537335
0,-1.0400759742989945,-1.9985486401815153
2,-2.596652624753541,0.6901506405269964
1,3.4117805886730315,0.9420022115930371
1,2.921924981303943,1.5886519407524853
0,-0.20477476349324603,-2.829892734901671
1,1.747432438988276,0.5922115669079098
2,-2.2710160703460422,1.7551680452776741
1,3.11566138966934,0.8538916631805014
0,-0.3169737990098559,-0.764081654213719
1,3.8303201208287883,1.0587993997846399
0,-0.17712488819786482,-2.976746226696482
0,0.6209324282219315,-1.5462427071100984
1,2.29866942933819,1.5957844588246963
0,-0.8863785449864572,-2.3085081561668614
2,-2.1802098803771237,2.215449376992884
2,-2.409824659103664,1.2497832508359317
2,-3.148229689146852,0.49921590682960953
2,-1.8094947594544142,2.3344803225893362
1,2.2892383019549576,-0.9052876618468795
0,0.8638407748654986,-2.0878154404518976
0,1.2234144892547911,-1.304611089590825
1,1.8242449076617082,0.2925021568148593
0,0.17475790443562683,-1.4949330568568524
1,1.3364337382260705,0.3735590132035518
2,-2.647812869477904,1.4770200911034987
1,1.1130526508832466,0.5081593249257329
0,0.8086628268683052,-1.5946289074647415
0,1.4803381048792483,-1.4292259886893486
2,-2.884407977855356,0.9550163651247965
2,-1.2843167446840493,2.2915130014020937
1,1.9267912236682168,-1.1377829369632884
0,1.1963181356150567,-1.190703521757203
0,-0.6939762013033339,-2.378277781363014
1,1.4763514443886097,-0.16031565040166798
0,-0.3302942761142037,-2.5860736584630053
0,-0.8659545407498405,-2.0125091912063584
2,-2.7863042820616624,0.22024216627860027
0,-1.2736050230043765,-2.07833952439075
1,3.1489453270653307,0.8002528133528999
1,1.8287686639587,0.8780443181156631
2,-2.1113391655321143,1.8864674880975967
2,-2.94316576668971,0.02041256865184754
0,0.7609767084253214,-1.1899659672873486
1,2.7348519908387607,0.13396825636401372
1,0.7863766209655838,0.21192880990280719
1,3.408242326091827,0.34015254196229944
2,-3.042569979694661,0.292434398199753
1,1.7014584480685664,0.395500821655918
1,2.2875930762285943,-0.1433962764130144
0,-1.0699494371360765,-1.746117857356573
1,1.5591662708613259,-0.5395774840342872
2,-1.4260050932214536,2.67969702436182
0,1.4756772201534534,-1.4209481540213647
0,1.601694621613427,-1.5171050799804369
2,-2.91923612132304,0.4009088679568244
2,-2.3447499359823554,1.502692020305129
1,0.8084556333758104,-0.37646142298952556
0,0.26140054800929957,-1.4323172712080123
1,2.420905913834244,-0.2881724070101737
1,1.4424611253476243,0.4760980766011066
0,0.7159805490669917,-2.180402629078073
0,0.6886412021533097,-1.2917900746708035
0,-0.12555603541673577,0.4059159082822169
0,-1.0041282028678555,-2.4597649233520915
1,2.7126194561311405,0.05728119671961429
0,1.382163574780513,-1.7465808256759539
0,0.31213535350732635,-0.5794152072224148
1,3.905769177864509,1.779224860281993
0,-1.3376789644490081,-2.482308971491181
1,1.1623370921881095,-0.2288382306612414
1,1.5345788941350456,1.0920799620884525
0,-1.1166945473477472,-2.38897847785343
0,0.2027476695855926,-2.3209763538795802
0,0.8752629714101154,-1.7334378648742002
0,-0.19286362044498406,-2.833917170262658
1,3.5467670679817953,0.8240594480420627
0,-0.3093472255218121,-2.2140728627183917
0,-0.45679025244785393,-2.4033607055677955
2,-2.8580234950223247,0.7929692547805256
1,3.750842831137507,1.019947706479286
0,0.35220078859621634,-0.34686593195466536
2,-2.84875825353301,0.564265077181689
0,-0.8435908088741038,-2.232226650845437
1,3.5545301800923617,1.605554808843801
2,-1.5780576207274257,2.3981408210668853
2,-2.4158236707125127,1.778340763924118
1,3.9515759357438567,1.614972556411057
2,-1.8450617242214657,1.6073633153606428
1,2.9718607922423868,-0.10035367745327944
2,-2.473596024702208,1.717964114562706
1,3.603480563903447,1.1619183140853748
0,-1.5915220603965008,-1.9946466099990139
1,1.1585515471621886,-0.719700999129933
2,-2.5593953408226167,1.374033385076225
0,-1.2032675684974612,-2.032056408001103
0,-0.3322691386241977,-2.3313728922186256
0,0.31942106358997313,-1.4089840023134428
1,3.581247085145134,1.0825346554617712
2,-2.875417922721834,0.8662989345337107
1,2.4994701296515807,-0.6896401716396606
0,-0.8502347214134728,-1.7990711949658529
1,3.250654355229852,1.5574553329473364
2,-1.2499250031452585,2.56188737889247
2,-2.5281674973542834,1.3330782139244617
1,1.6446615952018626,0.05223746338413571
0,-0.7782723593020208,-2.0435388549441735
0,-0.7220923321432577,-2.7988477165772943
0,0.7866512394158115,-1.611106320427359
0,0.5483995085498148,-2.30092837881237
1,2.361875671115073,0.36548917104033174
0,0.16862471354526676,-0.7301108861874587
1,2.719751415574809,-0.2124387054615376
0,-0.3937331071763387,-2.6306297521528013
1,1.525355208492174,-0.3741485796244283
1,0.7894762696792831,-0.12889517115124202
0,-1.106216190202577,-1.5488695974136653
2,-2.7612593262523095,0.32668539100838484
0,0.9872775695847292,-1.44664544680772
0,0.09963471391327307,-0.43170759244658413
1,3.4219059516715093,1.050735013468986
0,0.32180832296391393,-0.7480001413664441
0,0.05295141813077675,-2.718614905910237
2,-2.9905939588985753,0.38986175353864166
0,-1.0023672672905737,-0.7992577705348969
2,-1.737274976397728,2.4326440871943693
0,-0.19229840464664347,-1.4173969361876602
2,-2.882854481977265,0.08047435261845459
0,-1.3201907514816953,-2.059998872241574
0,-0.4846835760218632,-2.385906343992268
0,-1.0763811685890483,-1.9688215844514232
2,-2.7017451585085888,0.6315662943536235
0,-1.2022335982134162,-2.654989034088266
0,-1.284115625174657,-2.5620732237019515
2,-2.9106795562779455,1.1327561680593115
0,-1.41873886745923,-1.6943965363357523
0,-0.39019428157960506,-1.0715303270071121
0,-0.9090185888888394,-1.7153138754458404
1,1.7784045763902132,0.2133460455100902
0,-0.5658432665550358,-1.4178679219749035
1,2.1046313415009736,-1.2195160002335013
1,2.1004311369157134,1.488418174987246
1,3.530843428235995,1.042082894780486
0,-0.35907316374668585,-2.4343692799312486
0,1.1488300972264567,-1.9795145342369342
0,0.05963785653570847,-1.3747299160604962
0,1.1348969124090775,-1.8120340223544127
1,2.8037614389598837,0.4525363290862975
0,0.30168936825775705,-1.9629493037683798
1,0.961065580489143,-0.22162835954301932
0,-0.7897537109509738,-2.076294847836065
0,-1.2088304830869143,-2.0437414973010886
0,0.4972759269915828,-2.407745584995043
2,-1.8805224267357934,2.142483628184275
1,3.3382729940990217,1.595675863931224
1,2.9591985599442734,-0.040204691278398985
1,3.5707249108441834,1.547868134381131
2,-2.5270460465198368,1.436268601507597
2,-1.686185322690972,2.481532383258597
0,-0.49795554456996494,-2.2254296055414513
1,0.49206998870048063,0.2657233148605333
2,-2.234446729565299,1.2131390119363594
0,-0.008049643224220991,-1.0832345914408432
1,1.0186496812713643,0.4921716024492346
1,1.121005885841891,0.04464646995536571
0,0.7615021259792071,-2.085887967962528
0,-1.3454217593817057,-2.5129920470367386
1,3.1141560073009726,1.1992685857572007
0,-0.18759156843999503,-2.269191414941202
2,-1.193445399653221,2.4346712517200486
1,1.7899028952914229,-1.331567004298042
0,0.21127351804849082,-2.462716783943282
2,-1.5938711966862331,2.4227574203562057
0,-1.405811823086454,-2.5750878028660615
2,-1.255859646728913,2.7624226106056398
0,-0.29446406103653777,-1.4523957107638095
1,2.4963003126056575,1.1577085793720503
0,0.06602354814923245,-2.605479487795435
1,1.7541444234662378,0.38224636830952213
0,-0.8209108362589703,-1.8410299568385253
0,0.5401223428180523,-2.278903119300273
0,0.4943077694844192,-2.2238162712676495
1,2.2727962650916576,1.1425582352977277
1,1.4426346454536416,0.833409123243474
1,2.708947023565872,-0.05598933085780833
0,0.24861752890897293,-1.4713722803739169
2,-2.759056226783759,1.1120439201887664
1,1.3298154026652136,0.40275963743450516
0,-0.060995184215228725,-0.29577937835006846
0,-0.49976892187516975,-2.967806763936571
1,2.0273762813882437,-1.2743469615682983
1,2.7237430745994993,0.6056678953185093
1,2.489612467939876,1.5975332241457667
2,-2.5271813566911563,1.4198887786636398
1,1.9294535150670158,1.176936456914546
2,-2.7260576670383827,0.004786795349927153
2,-1.5320741640366415,2.5073549097826504
2,-1.5418672653502805,2.164356070981523
1,1.0822825579165578,0.24361734431614457
1,2.159440352915488,0.9815928635050979
2,-3.2360558372327146,0.16630775948308396
2,-2.487232675289289,1.377518579625973
0,-1.137527449270943,-2.277464108145876
0,-0.7936792158421749,-2.2156982518648847
1,2.6635606180862683,0.05474355899386951
0,-0.11239410886559924,-0.8260118496082886
0,-1.4767843900177686,-2.3194310660111626
0,-0.060565030754398105,-0.7868994291525977
0,-0.13357170857133854,-0.7400669627206901
0,1.068922092680198,-2.031950663427348
1,2.0832461539177993,1.3405917448484772
2,-2.929705304952287,0.45254138490528556
2,-3.1156984539314383,0.3716159441240506
2,-2.3508583257106084,1.435949135934436
0,-1.468013096671932,-2.054592805280449
0,-0.31686679936704065,-2.386461115945804
1,3.838004026318603,1.780601369112567
0,-0.9196407682593652,-1.8798917511209194
1,2.851369733189878,1.1719067704413704
1,0.4021613055944672,0.5540037167809655
0,-1.0616985182412662,-1.9507287707496042
1,3.7459955073810978,1.3151307996903303
1,2.3884607577948986,-0.02717955084723206
1,0.8290242821615015,0.9652950493851244
0,-1.086027490428589,-1.6195589569648037
1,2.1052868487596363,-0.04812409226803871
2,-2.6351905470251724,0.8382380583138422
2,-1.6132008800161874,2.426828183707928
2,-2.165770569243236,1.8967866025664697
0,0.6090985784371913,-2.4594844121742128
0,-0.039372604394098426,0.4166883927867435
1,1.0024264082859622,0.2262429083106125
0,-0.8514257324288503,-2.3623062740845215
1,1.6485390795865573,0.7677436804460988
1,2.7240628404145943,1.2544201913494302
0,-0.2537687037390418,-2.3477767487509453
0,0.047336777072539304,-1.3759279160179492
1,2.6537699315522802,0.5746150884433181
1,1.109638368231593,1.1897472204407196
1,2.223458262125742,-0.26112432276529546
1,2.73831867314938,-0.41814431464157453
1,3.1198487457056374,0.7233737157431068
0,-0.1423233823462207,-1.6205308897179163
0,-0.346903636581664,-1.6373623984658592
0,0.5803698053896909,-1.151978404425712
0,0.3510900293990919,0.14001677861511094
0,-0.4602563711153859,-2.1002788110055706
2,-1.3868933021229575,2.7282607111064636
1,1.395430122275501,-0.7633130836078605
0,-0.6497742084741607,-1.5899790649607888
1,1.1011488260794768,0.4705109581150615
0,-0.9291963276792967,-1.7074003886913705
0,-0.7760150750857564,-2.7208163243584194
0,0.7942790461314058,-2.056018540968435
0,-1.2234691970249894,-2.248467132415678
2,-3.252295541047058,0.17404611994113744
1,1.1551400313797808,0.09353255823035793
1,2.1627561939363686,1.157691619402704
2,-2.655006224992877,1.0589426674890996
1,2.7496187446084326,0.873264757325908
0,1.4762254483616157,-1.130091034085628
0,-0.6287761716225855,-1.8542877939418982
0,0.041500532672100854,-2.6377384586322745
0,-0.0369270989439906,-1.2714972550440398
1,2.756847364258374,-0.3949014898215308
0,0.4635290823764223,-0.4860221986537454
1,3.1260663755174227,1.032770165844986
0,1.0716085172761733,-1.8666752394977377
0,0.35546603375339814,-0.2456664246474295
0,0.22566296817313486,-1.9123672646978553
2,-2.1645957337212813,1.7233311175582957
0,-0.6082014492593071,-2.905207112864514
1,1.7892358416535736,0.5062450032906225
1,3.1171606627632102,-0.09548381537528694
0,-0.4817022285081185,-2.5936378374504594
0,-0.23729579427320108,-0.9961945093797877
1,2.2302927012964813,1.5435760810076453
2,-2.8818803049531674,0.17998548168225997
0,-0.28753188307535704,-2.5136969847750845
0,-0.015812620660158483,-2.6510231603952694
0,-1.3805810007226658,-1.872794423037531
0,0.349990535369512,-1.3407224302277452
2,-3.055792880794397,-0.022587154372629925
0,0.5648192122812251,-1.8694906591211586
0,-0.6704732014902908,-2.4645403266663095
0,-0.3988316981386921,-2.219396720448545
0,0.6617000126595278,-1.5291277356679709
1,2.4352274274471397,0.21058081015589547
2,-3.062073120119246,-0.018452094194271795
0,-1.3789993405879173,-1.8408547321192408
2,-2.054956192538821,1.800537244198896
0,-0.6132702740262852,-1.9804309831943487
0,-1.0947967981511795,-1.8443162006950844
1,2.7578374100533085,0.7789333835014784
0,-0.6878244973602758,-1.8086502624444956
1,3.0078486372982653,1.287187020980702
0,1.3699314567883973,-1.7478994504922394
1,2.9441498800895665,0.8415528865652938
2,-2.219935557206356,1.5154358629259994
0,-1.3731202586374878,-2.5561586978442996
1,1.334864718997488,1.1450001904708174
0,0.024443969845760805,-0.8356936036008121
1,2.500396644771343,-0.055358623990543254
2,-2.270702693560238,1.1062466420317716
2,-2.1838794395349748,2.1916688322383204
1,1.5660352403543312,0.6660208915099813
2,-2.60335001201816,1.4172468878744535
1,2.5148044744977422,0.8937917854480437
0,0.5047435959278582,-1.167301507383542
2,-2.441181751004565,1.0493668023005294
0,0.4427918409314552,-0.8619487763759094
0,1.5634493004869503,-1.3451999977723466
1,0.5636112576252725,0.3687131784431176
0,0.3598128721705226,-1.392637384299677
0,1.2234377895720945,-1.9196618198387254
1,1.3296848117366402,-0.5027792604806763
2,-3.047692927777946,0.7637333003972793
2,-1.6450969612886184,1.9048404692109222
0,0.28166176048275177,-0.8854423814878496
0,0.9236772885949918,-0.906272355371494
0,-1.0296126363712377,-1.7294417849403407
2,-3.055792880794397,-0.022587154372629925
0,-1.1937935158404525,-2.3046673531770514
1,2.263666561856972,-0.4680341264261575
1,2.7967937726406347,0.023507426540013476
1,1.9081047504555484,0.6843915422873709
2,-2.1283974379171764,1.8126410255524619
2,-2.6244546526966666,0.7362001187622873
0,-0.04593180174414141,-2.5724402332087366
0,0.7519439309065576,-2.0623012438867736
1,2.5577493116198315,0.2409796457868173
0,-0.03072395926224525,-1.4856278730073806
1,0.8199246395058305,0.5032770005547575
0,0.7993923225836149,-2.0479587737164064
0,1.1100587509260842,-1.1755482215676554
0,-0.2852887171730694,-1.1337155005244701
0,0.847850520801579,-1.6308037941387612
2,-1.1716463515970226,2.4534636135785095
2,-2.6453788355955385,0.8365595627618481
1,1.1277317671665423,0.5701197267924794
0,0.45301697135503066,-2.310351167940222
1,1.1331161057709018,-0.5204977257530957
1,1.875437841386819,1.1299543817358626
2,-2.717149756728535,1.0688262492085747
0,-0.10682229194501996,-2.737622081343954
1,3.932834716638605,1.2395587413709794
2,-3.069542718486367,-0.01574961898450028
0,-1.1368523204225556,-2.0231092148080534
2,-1.994342802944837,1.967765742850554
1,2.236377256865259,-0.4762520211999434
0,0.34209508882396655,-0.5343675518917682
0,-1.1682832306688586,-2.151015139834199
1,1.8288677017768633,1.824305881645102
1,1.4740413335836198,0.7789243639605781
1,3.5354979291152455,1.7097474537636792
0,0.3321388918277254,-2.1636052397749514
2,-2.453954423530112,1.1163930090297125
1,1.5291283603081625,0.21402814024793143
1,1.4121907651834231,0.8581712743380403
0,0.9655008840069523,-1.80593872383339
1,3.7470265375593055,1.7910599201393884
2,-2.9449777440049276,0.16818996501314593
2,-3.2509950339669564,0.171712709902627
0,0.46244847680283463,-2.4440656913798415
0,-0.8091207906038855,-1.1092741072692927
2,-2.023753354391504,2.2963171266266333
2,-2.6440476108203197,1.374193124822784
0,-1.0387410243245563,-1.5927036577658653
1,1.3745040722472086,1.3280776012383535
0,0.08950946613614857,-2.4524225756169105
0,-1.4823063921058817,-2.45803629071786
1,2.848057570598528,-0.2007045187680444
0,1.375901075344053,-1.4073569281382237
0,-1.4184042208440526,-1.5563056441308685
0,0.2759147331128619,-2.172339407429283
2,-3.0931600384614786,0.00019561889463098892
1,2.9594762960375567,0.48832183418945097
2,-2.3090355779855796,1.889725760558848
1,1.7579802023994688,-1.3863869270389373
1,1.8368053530142658,1.287452142889601
0,0.8515096968350073,-1.498823585179888
1,3.297501489507437,0.37519981331662633
2,-2.682610671768051,1.0021400479485547
2,-2.9711436662614554,0.412808000432714
2,-1.0708503372022324,2.3322025365346164
0,1.0590734892961295,-0.9029638668526527
2,-1.4462876733562104,2.681925615766853
0,0.7030640148662364,-1.929845339538358
2,-1.800897587725173,2.267744425808256
1,2.8344144228916095,0.1789715802719129
1,1.2689121206626375,0.9250804783927966
2,-1.7011320919014379,2.699560565235086
2,-2.767248054378502,0.9881923471315377
2,-3.0924648651039477,0.8180872290617937
0,0.1386973742855398,-2.555657536650169
1,0.8489714976141745,0.017856300467647516
1,3.967418166562732,1.8124631912055678
0,-0.5062469812296925,-1.2981099523623534
1,1.787433516823656,0.9778510738297846
0,0.3509751834416911,-0.3718870327412896
1,1.6064269585012414,0.06268837669989327
1,1.6632139955936827,-1.3443203307170752
0,-0.10228869622069953,-2.495012902948409
0,-0.9087441449607253,-2.103918754852761
0,0.38064387552473283,-2.4715247380116936
1,3.6839725964771617,1.1147091900648018
1,2.7274424766302268,1.532320177577856
0,0.3324437082469596,-2.3349173642306575
2,-2.4774315204117445,0.1690675673966872
0,0.8636839475462826,-0.7987929213624108
2,-2.1575420455035204,2.1578600942461157
2,-3.1339003708379836,0.21385283763901636
1,2.2361018438563267,0.4209180812032869
0,-0.6828883794154421,-2.682585241465022
2,-1.8359772848240097,2.428092292731789
2,-2.9880071306872127,0.5935665407728572
0,-0.03191670287052001,-2.5670040015303606
1,1.995181397201904,1.5778930573403187
0,-0.5099729524692842,-2.418136362802233
1,4.0451459744280935,1.5170964022955622
0,-0.23461265798217917,-2.371423674514887
1,2.166028327992408,1.2915171569476063
0,-0.7403078281669233,-2.742998547579065
1,0.5920868634268103,0.31753994970744437
2,-2.929904929808291,0.8213168264194799
1,2.36741605314017,0.46684185353998864
2,-3.11766066702364,0.20611447718096282
0,-0.17214968565503438,-2.1017859141912916
2,-2.12605645135198,2.202435470935619
0,0.3293534833574592,0.16913372122553075
0,0.7095418264874401,-2.11093070628533
0,-0.25735554506262714,-0.5920746866269112
2,-3.2468452570963335,0.17021133478608724
0,0.3876988214886147,-0.5885259343291509
2,-2.1670868754734096,2.113148645350699
2,-1.9872601742998952,2.465371364887006
1,3.5552233123050514,1.1762398021693783
1,3.100679731252315,1.3662901614270972
1,2.0203566553401027,-0.0328643109371502
0,-0.10373443407513022,-0.9237856186174892
1,2.7678067815389067,0.8952996785705426
0,0.17781272174801344,0.12920372991443715
0,-0.27751377966726787,-1.7916818951517643
0,1.0424942999368914,-1.4210503005695205
0,1.0501412875559897,-1.318248564983742
0,0.4933231484444537,-1.1047133175449404
2,-1.0380143280184797,2.336908834294053
1,2.071180277096994,-0.210248659241967
1,2.563890799950969,0.12650635214921177
2,-3.032436448979307,0.025906384597229604
1,0.9901747756047781,0.2118358745753281
0,0.45762093223674694,-0.23946144271209846
0,-0.5685218161911157,-1.7813395960568152
1,3.931892404163646,1.591770450448187
1,2.4821909410678007,-0.8215210753983986
1,3.01351208691211,0.10979067480051763
1,2.585085716968844,0.42764883379266605
1,3.0397705345272277,1.6113323207548178
1,1.3292218676228753,-0.48557364952398635
0,0.7139932745291803,-1.0733532847783234
1,3.1010238226873867,1.4227854808155014
2,-2.594276281109549,1.5571267473336676
2,-1.381691488909841,1.98426885785962
0,0.7459648775136282,-1.555991959169333
2,-2.32413568391909,1.503172877111175
2,-2.692388900367424,-0.009257340597593477
0,-1.0820034583139082,-2.2691790359082535
2,-2.961273272330865,0.08316848877894223
1,2.2044410826665195,-0.1362588761991944
2,-2.035660709071088,1.0490317738321513
2,-1.6639564353942904,2.3306288865513363
0,-0.2188006414089344,-0.7834013881480424
1,2.400986005982199,0.40318828026324316
0,-0.30163274813889623,-2.642382069450936
0,0.9706919279610287,-1.61627041975193
1,1.2206631390191613,0.7418835910410526
0,0.5602713422366344,-2.011765970526539
1,3.338506826322063,0.6500931662251397
0,0.19147442622777,-2.0989344873579507
2,-2.2541249188422836,1.779783152710288
0,-0.976195842685149,-1.5617036374935624
1,3.142842673841743,1.4403389409521687
0,0.6512361518869686,-2.1086105061503955
0,0.3134240819688102,-2.1261138780136353
0,0.24176752786911587,-1.7174082022903898
1,1.2783469759698942,0.5214699846719899
1,0.8479619392012862,-0.16631630817988646
1,0.8559091956582604,-0.012683918277605705
0,-1.2624728707601198,-2.0848298645359744
0,0.26551687721385353,-1.3302341765355286
2,-2.277615517395473,1.0626787237503066
2,-1.7507132221233805,2.3432335823916244
1,1.1353050490255154,-0.3776909527549851
2,-1.8638554625127457,1.8876210510444762
2,-2.1191463472534844,1.8522060091692623
2,-2.3818501902058187,1.2956076841724784
1,2.395454124259771,0.029181924925804514
0,1.7239930364561582,-1.6079974853257237
0,-0.13870437862647056,-2.026458602595071
0,-0.008897283404562029,-1.5899885786695447
1,1.8807489818513554,1.161194219993398
0,-0.7330933391543801,-1.9104127470630425
1,1.0346282219403897,0.4751713636929412
0,0.21831541663571574,-1.6346348321706112
0,1.5054315559859441,-1.7979889815125676
0,-0.456803567284382,-2.602646088149698
1,2.4738694218910258,1.4060611754827606
2,-2.8354198381939937,0.5783904583425443
1,1.4983527350752817,0.14084194758464735
1,3.2367310467472334,0.7179102764950751
2,-1.6692302054044361,2.156759148070146
0,0.4165925724281705,-2.1766818576661424
0,-0.5750017969916192,-2.881912400958357
0,0.9229189644456514,-1.3145397352265809
0,0.4173008703181887,-0.8085864381643267
2,-3.1098316649883717,0.2051448619630859
0,0.05011518116553104,-2.671965606019758
0,-0.5747301360488086,-2.569591650407834
0,-0.33357130819112596,-2.0342398462932394
0,0.8711503877549929,-1.139875440905037
0,0.30156014118634344,-1.9243359051039575
2,-1.3803727730842317,2.2723032179293154
1,0.8130360883208657,0.5764946356544381
1,1.313165761356339,-0.7820538202258122
0,-0.35459751914054627,-2.1972335083657777
0,0.5327623556042944,-2.1488360976982697
1,3.5422839460145754,0.9386828033490526
1,3.0185146261249054,-0.08554646726761317
0,-0.7280137475367244,-1.5991610170127033
1,0.8894303374146257,-0.02987542411450682
0,-0.9883838169938107,-1.9035309840823644
0,-1.0758760820708235,-2.726832041300268
1,0.7871871888984074,-0.06883593539966872
0,0.04938717492321326,-2.7800132002262132
1,2.3278562063913903,0.4250576083148958
2,-1.5727488417122373,2.3231223011785014
1,0.8770884147113488,-0.36065974531809036
1,2.013558603737469,-0.037305103303253706
2,-3.074881854399262,-0.0156808288365472
0,0.09138655331699308,-2.478675097521895
0,-0.34192919538018207,-1.3838725892025654
2,-3.1324058628970852,0.3016338302642306
1,2.464916679027409,0.23993604680262925
0,-0.3900419707692524,-2.68160221871822
2,-1.8591819587029883,1.7418440957898769
0,-0.7272734643666263,-2.0681702579214476
2,-3.2290833539838686,0.22012847093314686
2,-2.7272501087963925,0.7857654421144744
0,0.017615986082455737,-1.3106130398817597
0,1.321717405064726,-1.5387003724453274
0,1.182668709247957,-1.231293720375621
0,0.037773714231813235,-0.9013923479606109
2,-2.067659381644424,1.8563050018614056
1,1.938423766302059,-0.6137061088329623
1,2.095466742278736,0.8521366831586094
1,2.0623579992157484,0.9914757854907992
0,0.7358465018178697,-1.584654702054763
0,0.11783145136895344,-0.375265177480057
0,0.07305180546307921,-2.646779061534422
0,-1.5456920087903607,-2.3434421357359936
0,0.4786300613878206,-0.21114580895900043
2,-2.3590774145582527,1.2932801199909818
2,-2.8129284139769775,0.49403973281322344
2,-2.6352577151080863,1.494105084860553
2,-1.551738026037954,2.4838309598334565
1,3.488367645174322,0.9786253360728063
1,1.9440419887733906,-0.5002465320622521
0,0.4679854295188484,-1.7043568757327214
2,-1.586717962931254,2.056898148857601
1,2.600893769308465,0.41966307675429715
2,-2.7641735196102024,1.232403448310553
1,1.929353406887664,-0.9321452501378067
0,-0.9996372350097691,-2.3077957511639124
1,2.0367841065436614,1.2011387641143707
0,-0.22032282708631523,-1.7858318357580947
2,-2.6468312036558594,0.7383027675100626
1,0.5758117050985059,0.7770638173815944
2,-3.0762891250456867,0.19110847459542235
2,-2.892841996981006,0.9619016647422844
0,1.5004314840221091,-1.294123823189572
0,-0.24110511825536857,-0.7596366003904963
0,-0.5080537516848485,-1.8945814728923827
2,-3.139487251190941,0.6539790595919802
0,0.8692106140174841,-1.904424942727179
0,-0.19528711913864746,-1.4958759060800055
1,3.3480948707721643,0.5330894485668468
0,-1.3090908043576261,-2.670466356288845
1,3.415387207778674,1.3905642622443737
1,1.7348866876996922,1.200117543386281
1,2.9057666137974274,0.45824563859192186
0,-1.167703805003123,-1.9707254590038847
1,2.6793696629800756,-0.08415980631835324
0,0.23633579214774714,-0.5902097161004546
0,0.3872074255709216,-0.5051008290116984
0,0.8674076893482379,-1.631820233990504
0,0.16047028319894202,-1.7465004014857024
1,1.2316405539341249,-0.3428274697861147
2,-3.1341567265380146,0.5386528732776592
1,2.026852003142979,1.0504757434678735
1,0.9941082801962902,1.125401248501546
0,0.8679445635011184,-1.5340273571297307
1,0.8336702968190122,0.15529515782685446
2,-1.4998131205556982,2.02982364182349
0,0.7127320838497957,-1.951463466763645
2,-2.89759184603802,0.8238045135239654
1,1.6907846646543685,0.748900648907179
0,0.6631509165109915,-1.2815978020521792
0,-0.7525045186769674,-2.532305668844092
1,0.845652459071,0.5403398590967695
2,-2.8625018207063317,0.8294062627407808
0,0.22324347411394213,-0.3945789114629374
0,1.1125201632994568,-0.9143007138721949
1,1.3407375963386217,-1.0236776626941455
0,0.4565630783648435,-1.0188832908561838
0,-1.595311052206465,-2.1784339703605013
0,-0.02044755899072309,-0.8916547294501181
0,0.36538886301267204,-1.4742603431394874
1,1.9411613219106894,0.16957229721762893
1,1.3101307848801613,-0.9158657112856022
1,2.2709854828828453,1.7531345149772122
0,0.018622213143346625,-0.2860762913946506
0,-0.14571353634322648,-2.423515460705362
0,-0.24108810191666635,-0.4199187008713242
0,-0.14975486344460337,-2.806961017165321
0,0.7102848814087508,-1.3115480978335423
0,0.5495852090800679,-1.7397560609224914
0,-0.14724724600424882,-1.2846664532007617
1,2.681478252192889,0.574285946262404
2,-1.6121880226087941,2.0461973860213005
2,-2.2841323521425245,1.5177470181803516
0,0.5107142702260526,-0.7682975772216462
2,-2.18772751879696,1.617225819577813
0,-0.2370669914109327,-2.7218971551060918
0,-1.4867438545072633,-2.3158277657314668
2,-3.2102579737483445,0.21468132420630348
1,2.548115472580372,0.7291405037092051
0,-0.12757978621420413,-2.8183424543960407
1,3.338441875546531,0.5503197849307435
0,1.6726827762567742,-1.6064202568431358
1,2.7907278281208705,0.3521390414118799
0,-0.14957449335162515,-1.6015057958833467
1,1.8975426978810874,-1.1508092026725696
1,2.3366015454555527,1.6575629792934903
0,1.0571712434789102,-1.8619852137057233
2,-3.2040156642979465,0.24479830570982197
0,-1.0791919104635208,-2.2844208106972737
2,-1.1648804338941616,2.2552045791693023
0,0.02407503341357664,-1.1971393767515963
1,1.8229004605690768,-0.6812977776855298
0,0.6157286201803946,-2.2574808713589394
0,0.1753255211540095,-1.4540773075856088
0,1.072369640374302,-1.5548076872944832
0,0.7493574162608838,-2.075876250076654
0,-0.6095019563394086,-2.902873702826003
0,-0.13583562328814944,-1.7483283598606323
0,0.25755994107010566,-1.0359505584066269
0,-0.1819843177385912,-2.6987473922021255
1,1.2493453341239023,0.031424133225615505
2,-2.313899877980732,0.35401607559306214
1,1.6804469038106902,0.05695234119337936
0,-1.047823770939111,-2.31168527262082
1,1.4492979483747552,-0.8464117409691373
1,1.7078806038230923,0.8520176751032397
1,1.6419957590309577,-1.249447730543101
1,0.8432508664819464,0.44101615372503267
2,-3.0778218128560635,0.05186491538556143
2,-3.227756283491469,0.16330500925000446
0,-0.461954376287069,-0.9678805216075244
0,-0.7964808860367447,-2.5036745245928937
2,-1.6221475228223927,1.7867735451419502
0,-0.6124535780102407,-2.4729264517412237
0,0.04889848198041685,-0.7554602355474532
0,-0.07361308609471262,-2.7125908115605735
2,-1.3198898195903068,2.44691203168967
0,-0.601202402598163,-2.905876453059083
1,2.6661232756449906,1.6112332456000678
1,1.8709769802091443,-0.31619254886823694
2,-2.5401821529709983,1.0851099576648782
0,0.8966203795084021,-1.0775506353594206
1,1.0646299502478993,0.21873785808411478
1,3.3815135973565145,0.7845589244194494
2,-2.9436779499101715,0.021354623503607117
2,-1.4584325319929312,2.147554738553853
2,-2.3801879954333036,1.2511401906982729
0,-0.20908191837491835,-2.329593683618623
0,-0.5999018955180615,-2.908209863097593
1,2.8080996407167453,2.015736175050051
1,2.6957029838592725,0.15890800638489044
2,-2.7012443076143393,0.9870141265251722
0,0.14395276344602626,-2.1136987476627564
1,2.6878735749855363,1.1815453094516024
2,-2.3778280552799718,1.4767480377360516
1,2.2270841243342496,-0.9420920569636141
0,0.9189532952858274,-1.8229091085735487
2,-2.42510881111269,1.3285124149889507
2,-1.1884040913357343,2.3111947338715924
1,2.2402304941215467,1.2036593542395801
0,-0.5492444737877809,-1.4934122657793494
2,-2.7724672490889493,1.108858320328874
0,-0.2629322914311658,-2.393666164626035
0,0.6549491497789068,-0.6265260085487497
0,0.4299308579531481,-0.5681803354525958
1,2.199257504830178,0.6900908246675141
1,2.9025279848627856,1.8889543316512283
0,0.5445540449491911,-1.9874024405518205
0,0.29028984274266667,-1.9667204009775054
1,2.9238488885031213,1.8247142718901461
0,1.1948082269912637,-1.93083596528116
0,0.2600393270223494,-2.5570809825219336
1,3.1630544741575424,0.6850713441496459
2,-2.999001058034167,0.685036571832093
0,0.2274528612874086,-0.4302101315110901
2,-2.4107342209451454,1.4283941781297322
0,-0.19601518209635432,-2.045032967518516
0,1.4560629205846927,-1.1353790791819376
1,1.2223859543723243,-0.9306240156608067
0,-0.1824218328049158,-2.110965236468661
0,0.9782314525024514,-0.8614124549860874
1,1.4657610054970034,-0.803792490818814
0,-1.096616276373899,-1.9466576573815337
2,-1.903657858665191,2.3384775291507753
0,0.2869259349632014,-1.7492788579904985
0,0.3429578680876562,-2.2739173586320485
1,3.5042469370951936,0.9996707612081885
0,-1.2428878817237339,-2.026951650900869
1,1.7493265966678562,-1.013636747970775
0,-0.6178015100806541,-2.899870952592924
0,-0.15737875079474586,-1.2970727849554586
0,-0.2334335482651031,-2.3019136321037768
1,2.32891194069558,0.9135057048189941
2,-3.104339749523163,0.20240115697147854
0,-1.0357483644668317,-2.3945734801228262
0,0.7726701135554934,-1.200481612923704
2,-2.257501489583568,1.88807130878618
0,-0.12591816191987115,-2.5278434718049914
0,-1.3686664564518523,-2.27666282786204
0,0.5936394907928901,-1.6551386862556288
1,2.9833582554844886,0.2750387952473629
0,0.4238416958426541,-1.7765043912328962
0,0.8297185399912879,-1.3167051635305431
2,-1.027123110600948,2.5822587613404204
1,2.3800406048478644,0.1107261544964217
2,-2.79700647090141,0.18738269887655312
1,3.956157517288445,1.6069464912009317
1,1.3727157298235622,-0.913027703753186
2,-2.7313468490112633,1.480665346444461
0,-0.6212798654002947,-2.864273144031161
1,0.7959742837767516,0.22795729387328212
0,0.9714178475898052,-2.074139147759564
2,-3.0301755606624416,0.3199587981394819
0,0.7394352887746005,-1.5187864694000393
0,-0.4854441135774139,-1.5975321897254886
1,3.663592121048172,1.94880132529244
0,0.21495672694720552,-2.2105271933621986
2,-3.248145764176435,0.17254474482459775
1,1.8608777370726055,1.483574296165771
1,2.8623625896991385,0.5242896597357305
1,1.901159115825473,-1.12114664882815
0,0.7742720063128407,-1.15490741340297
0,-0.5948892755323764,-1.6856755884757328
2,-2.9822288388098657,0.12169051350105253
0,0.07358824464012478,-1.8765871279965116
1,3.067362482850786,-0.0004883491310297972
2,-1.6867522023563242,2.493429623747179
1,3.611116314923027,0.8175885915461298
2,-2.834249721467906,0.25636580122035263
2,-2.7379056196613547,0.8198323236271239
1,3.125762310790959,0.282294115648273
0,-0.5765934092254934,-1.9050893815989007
0,0.885271116803509,-1.7672045721678822
2,-1.7274881329519647,2.4626181984959237
2,-2.168868715208674,1.8752323685897387
1,2.8913937504007476,1.7418892606868681
1,2.768648870793398,1.5460677592134635
1,1.8579923079645215,0.8789184035980921
0,0.17407016136931963,-2.8679119414019616
1,4.046505212621058,1.8266026809968041
0,0.5906136468936722,-1.1341308459888113
1,1.584202050204373,-0.8358703939615871
2,-2.8774391241863038,1.2782861686584412
1,2.45599758920309,0.4814799505387556
2,-2.744121703702841,0.01071435616863281
2,-1.8497100156925095,1.6518835136572214
2,-2.933687386174239,0.4286556425068832
1,1.3791426578299741,-0.8633502620703866
1,2.4341656260703517,1.565744047704851
0,0.8894474863464271,-1.5010350826743952
0,0.43857830186776897,-1.8917692302375742
0,-0.5839566403489787,-1.6182351735560945
0,0.4410028299698894,-0.12971298737353618
1,3.0379053054093363,1.4171968273535862
1,2.2719426492907075,-0.5212670583343201
2,-1.3916229714015331,1.943092675125175
0,-1.2812448089143995,-1.433908159669898
1,2.6921372281844924,-0.04745045706160611
1,1.3799380205483522,0.7383908675835853
2,-2.4962945410812827,1.3248597807975548
0,-0.8548304707173661,-1.933354853067244
1,1.7733951556179388,0.02331809425714443
0,-0.016181510942452265,-0.8016882452748337
1,4.031210462922281,1.5090009934743476
2,-1.0927683387705818,2.3597039053794115
1,0.4593536690975766,0.6054722326074817
1,1.603218878245667,-1.1759126307329926
2,-3.0188599529350624,0.781910935548392
1,1.5719959673762647,1.126183824161961
0,-0.41378003319677403,-1.3646492618305242
2,-2.9034062692035363,0.03244844781009787
0,0.46364776410967895,-2.439580107347274
0,0.06692299073026614,-2.113766054118372
1,3.751902983312213,1.7863985935722095
0,-0.9326310912351733,-2.3014676111969266
1,1.4538551503654689,-0.805625416033549
1,2.8985423980389067,0.1804203371650035
0,0.49802532055972387,-2.229370336599905
0,-0.13155217676636766,-2.3614216167226854
1,2.3046741842446448,-0.5188139255849495
1,3.37690991804889,0.8048978251425075
0,-0.7018534829293147,-1.2341983515488522
2,-2.8627063762727265,0.2531055858125684
0,-0.047564770603544276,-1.0417261556707689
0,0.4643749362331299,-2.439534054957289
2,-3.1298871903695944,0.6486428993203901
2,-1.1213069707555587,2.560010776005088
2,-3.1153491662762267,0.23590925423131393
2,-2.2467386214183955,1.976840644168644
2,-2.1975819775847962,1.9522001996307055
1,1.8496635108749404,0.8256386459110905
0,-0.20552588033416308,-2.8632275405556102
0,1.2832825176757685,-1.9537479156410718
0,-0.48507429124554763,-2.427144613501472
0,-1.7185405621005356,-2.225717183716793
1,1.7649141727196516,1.0150058240075166
0,-0.4192416221125527,-2.0745789238304777
0,-0.8888521997130827,-1.9547009485874163
1,2.0651101847528643,-0.9069286313152933
0,-0.7278584975550549,-2.747502672928684
0,-1.3003437799774813,-1.7650892127750784
0,-0.5737836829621918,-2.8764089622626923
1,3.596922678587603,1.3245989441617274
2,-2.0931037322030686,1.4764023520545517
0,0.11650468728076363,-1.950635849343165
2,-2.489665605703857,0.8224100879055176
0,0.055638963098781274,-0.48745901071543946
2,-2.06148135389959,1.5123927189360487
0,0.5900282755938236,-0.6329908440787878
0,0.47035206974421584,-1.6081440655402142
0,-0.5148923819740705,-1.166007390293851
0,-1.333798747538126,-2.134339340269478
1,3.1435454695464218,1.018219797404869
2,-3.235594562898608,0.19297925952410694
1,2.891868794388669,1.7507613943931553
2,-2.7782281886177254,0.8856214080898327
0,-0.07539304427208848,-2.8901484758770457
0,-0.41497492391918533,-2.47048433400347
1,0.31073722870316123,0.7571714411925685
2,-2.5311255414252285,0.5598880029083513
2,-2.6710373099174767,0.8958911441016497
0,-0.6869153165729045,-1.8913338678598388
2,-2.300175333958123,1.7175882102910829
0,-0.2306586834011159,-0.18522486022175993
0,1.4138480921699734,-1.692409181089022
0,-1.2367768502635001,-1.7821011338657404
0,1.4928436033992094,-1.334997126330424
0,-0.4962964713839574,-0.6505279187575078
1,2.0253816916327407,-0.7507116220940924
2,-2.6360021114814196,0.4291220487877536
0,0.8351625882380203,-1.667097238333374
0,0.4210510177727671,-2.2178490127303876
1,2.7110740817242975,1.3108386348598386
0,-0.04349335505512675,-1.6375162134657835
0,0.3990112795828523,-2.608577310607615
0,0.9944067837164506,-1.4230705588472057
0,1.1661547702856256,-1.9163979390555246
1,3.0258352434084532,0.7746050086077629
1,2.7313647135222237,0.4125108596562519
1,3.4596509060598435,1.038420415143795
0,1.048199548695679,-1.334545185795508
1,2.6618771291581944,-0.19351177719891033
2,-3.08573493139506,0.02952807665154067
0,0.46072708568688786,-0.7830418958141405
1,2.73264503039806,-0.26623089526821986
0,0.8330189946119912,-0.8815627082110389
2,-1.7591231695497427,2.0364489567420936
2,-2.742893447510116,0.7266981838311994
2,-2.579244238163952,1.2335170986395367
1,2.103455068277512,0.01620718728795839
1,2.711000043612076,0.06975733973780163
1,2.4965878979869154,0.7542508996533919
1,2.4838343942106036,0.8078705717262016
0,-1.2603905965319706,-2.4848500813727075
0,1.6126847302576268,-1.6423044023909572
1,1.1410021258788188,-0.2832311792459653
0,0.7166830832153819,-1.7993390200943944
0,-0.6591948940836556,-2.026826735311547
0,-0.1565585123368191,-2.3039935077167066
0,-1.308970764191319,-2.5038218545172577
1,2.6793006264043036,0.34431345500263244
1,0.9760909970110505,0.6021679029004848
1,2.2972137666419092,-0.6959385149197692
0,-0.8460894284288898,-0.5277548572557149
2,-2.658262857896186,1.1721257155013571
1,2.855028467012193,0.45328030574553335
1,2.9174690224158653,0.6759017601800325
1,2.6532741397742914,1.5647245773685436
1,2.4704235649305164,1.0642098977852155
1,1.5166375768415523,0.920953538153511
1,2.484442092354713,-0.10083354616973483
2,-2.5243256248098125,0.9828605727901019
0,1.1561676264785228,-1.700429652497824
1,2.8766450264829464,0.32291056504508553
2,-3.243995987305812,0.171043369708058
1,1.4079952907589774,0.32554470347896824
0,-0.41978045735681513,-2.6923924041858003
1,1.837384724087387,0.831232664685856
0,-0.7498411995472964,-1.8406335615165033
1,1.3369757330693444,0.7525660956846449
2,-1.7030371687546484,2.027328367605001
0,-0.2544143572309311,0.02612510037848352
1,1.5386437224183407,1.002373264716548
0,1.4977590790049737,-1.258039149201919
2,-2.7543467734170672,1.359713985834562
2,-1.7242426530929926,2.670756734733177
0,0.37745019850463457,-1.6385267478657308
1,1.1071916530435915,0.5883051465219323
1,1.780707856584319,0.07330562097176599
1,1.8797517784817204,1.3251541472318202
1,3.9333179049898073,1.5905793819917835
0,0.6385482155622517,-1.733646899679393
0,0.15188235911316955,-2.145133842020082
0,-0.43480651388279873,-1.0869340116018311
0,0.9108461385576998,-1.8664635021457046
2,-1.7412804152445513,2.0011418592839143
1,1.018662882922819,0.3846775185042294
2,-1.7133845353303838,1.7518386456796695
1,1.8992830289382172,-1.0998372739077178
0,-0.19620735895544036,-2.86571311786738
2,-2.447956146102982,1.2806961919098963
2,-2.6823859809094777,0.9909281561577193
0,-0.958257588759341,-2.318982675544636
0,-0.9478585331502425,-1.0436664921888636
2,-2.6227166205321213,0.46277121606135885
2,-2.7899957025318036,0.9744139069278234
0,-0.22626903079489008,-2.0447452042797885
2,-1.3223818837717232,2.4599721989843712
0,1.051195629094851,-1.2290395333742596
0,0.6021598857109881,-0.5708426995350532
0,-0.7973681526596221,-1.846850831486512
2,-2.1126075430744327,1.853712220463107
0,-0.2894604931639094,-2.7850037416405904
1,1.895012709635186,1.0576911461475547
2,-1.287738844485091,2.7516268967867394
0,0.1517616789360984,-1.6641970627293825
1,2.1565486256029343,-0.07616171776610448
0,-1.1408779848991766,-2.6419421190385766
0,-0.42589820464010986,-0.7759081434329389
1,3.6761795562407196,1.279106053374
2,-2.9317166739393024,0.9988268463681198
2,-1.650564619238994,2.583796848375018
2,-2.3459523254292547,1.550470023968889
2,-2.9745967884507527,1.066979618328858
0,-0.21632322124176565,-2.730919029651363
1,1.0964916724936131,1.0516514885734762
1,0.6437140704843887,-0.2924785541206776
1,2.1183218879573102,-0.3253699690409881
1,1.3774820056426895,-1.02345923073049
0,-0.3715653781525248,-2.519435484834316
0,-1.249611819884247,-1.8825723836412225
2,-1.5766522814815684,2.0241924073988002
0,1.0256395543267345,-1.633865462460422
0,-0.7013096958440488,-2.3169063774856533
2,-2.1624673807114037,1.8009700282010999
0,-0.487345540841764,-2.3047870918922415
1,1.8507357552987322,0.8017351498685696
2,-3.0674122560321404,-0.01838330404631866
0,0.4617950844955126,-2.172857350394055
1,3.3766259940403147,0.576013781170387
0,-0.9575965522342884,-1.5249271574758811
1,0.6607153410727598,-0.06261438928679244
0,-0.9039716771227502,-2.5601091341895095
0,1.2255416526194702,-1.6816670678596513
2,-2.951167549259655,0.5181198044227072
1,3.4056646303394142,0.39174472290696355
1,2.2212432060033365,0.14037310148581902
2,-3.2404190495665297,0.1996307652716512
2,-2.0144276393010996,1.931724655245378
1,2.1690121549489443,-0.13820190661843668
1,3.8819750976255873,1.811693398152951
0,0.8143713565853015,-1.7595782215159426
2,-2.660407795872493,0.6924843373608722
0,0.4861714744717209,-2.7453063699915745
1,2.3346929404582486,1.7974374679312792
0,-0.3735809663254074,-1.1087825687442212
1,1.3572045997767335,-0.7308500489223392
1,3.5059799316604314,0.6476254498632915
2,-1.765933415099961,2.272111991812922
2,-1.907530764715774,1.7501435577509268
1,2.3901135648638685,0.2222803467263421
1,1.45060971456469,0.4607128204887858
2,-2.7899423036033144,0.2794432787752474
0,0.644709432270285,-2.022226562450772
0,-1.2138139326153756,-2.4350480186000825
0,-0.5743199787358915,-1.5326455894323379
1,1.9377150736659638,-0.5997902948897698
0,0.8918495009721857,-1.8772317672387384
0,0.4652666539602921,-1.3413694428176604
1,1.720379385490353,0.727457686689826
2,-3.2443553909739595,0.1693105097161634
1,1.666774428695944,0.30850665669580263
2,-2.170858021246329,2.007991937673843
1,2.2831291372207767,0.7192411500116695
1,1.1247059549764693,0.3567537273588456
1,3.1928026399487424,1.4904429799727892
0,-0.9301947686240848,-2.1837885237890537
1,3.2326353846200586,0.5544651148897428
0,0.4984059980668215,-1.9378847268381
0,1.1688415649426842,-2.0944186420036965
0,0.18488828697079926,-2.137678229204174
0,-0.20113595254230143,-0.5751989548619577
0,-0.9301241560022773,-2.193187546365871
1,1.5651870817545537,0.47320855225527636
0,-0.6396486723157343,-1.0023191347277063
0,0.36180105712576366,-0.05463859363644863
2,-2.3133518202969188,1.1818371627513766
2,-1.3826071501874742,2.639982391168202
1,3.099630200793607,0.1916859308066423
0,0.8327431810572652,-0.7236374549114515
0,-0.48294382879132147,-2.4297782985632903
1,3.522218219990374,1.0219084812527108
0,-0.3351361666372218,-2.4373573587564454
0,-0.17930532045688546,-1.0051132640014135
0,0.935141224981206,-1.710646487076653
0,-0.6064550187291324,-2.1008684821684045
2,-1.7527168362301313,2.6290986262470244
2,-2.4363988975291653,1.5281863605054666
0,-0.33393520796484727,-0.28894635848583283
0,-0.6489921147008253,-2.336907776406411
0,0.897217847904037,-1.9246717222405354
0,0.4028837113924944,-2.364709102927826
0,0.5227370498678056,-0.7759990030886073
1,2.213892100668766,-0.015262843153577066
0,-0.45854314896854637,-2.943629771179073
2,-1.796785674305883,2.0605353716805785
1,2.0340420874918577,0.058714342873416425
0,-0.246937417062904,-0.42971731328778784
1,2.876825417062751,0.9878308676040233
0,1.4216240921097325,-1.136270323994612
0,-1.239228243033308,-1.7552437395406069
1,0.5917528640498504,0.7087225834597763
1,3.2666491236721886,1.1181814403012504
0,-0.7780722036590526,-0.32941514687411694
1,0.8114805062693261,-0.37879427684969763
0,-0.5589402965267567,-2.88500595148337
2,-2.0792085722581604,2.3210281852931858
1,3.753922003403639,1.1599486319087968
0,-0.7474895321179007,-1.8245625384845794
0,-0.026409920927783465,-1.9351078422966037
1,1.7411130916559883,-0.8942237144008834
1,1.9947690915015046,-0.99032927001044
0,0.2541552475693269,-2.073393263284641
1,0.9788346564929152,0.048359637815822455
1,1.6382476718152175,0.6639022551315398
1,2.7029700978167206,1.3387808867793787
2,-3.150793591416832,0.30735009943906055
0,1.0313624786346265,-0.8992598098253815
1,2.8837416902876614,0.2060068181677188
0,0.904639985825991,-1.704095722293098
1,0.5487225922415881,-0.08538416665379735
0,0.3986281131664283,-1.2395249690838976
1,1.2501188316517367,-0.3482987041424624
2,-2.1692315488642793,1.9672254547535362
0,0.26145447729522725,-1.2258328895859956
1,1.6684177473456951,1.002921125554182
0,-0.9771880725090938,-2.2781303082547297
1,1.6918174243471413,-0.508831153489368
1,3.851235008193636,1.2265023176111898
2,-3.063965744136726,0.6189309566382222
2,-2.4778333162705684,1.4698616943696208
1,2.1557289555534065,-0.2925275875203724
1,2.92093376899247,0.8209927560325534
1,1.873159631968854,-0.2528796928579272
0,-0.22280185761752758,-1.7776237292681925
0,0.7459202526685685,-2.273779749574603
0,-1.474660596601152,-2.287793486359105
1,1.8006266546684255,0.20293862384691386
1,1.3745962636219229,-0.7394959193303388
0,-0.5676220188431937,-1.6791805338346582
0,-0.887232722570088,-1.33778839446629
0,-1.5337240387983417,-2.351375383948068
0,0.03196102390958527,-1.7620165120853708
0,1.4213235201178773,-1.4972714725185057
0,-0.4085204857872188,-2.6983291145040065
0,-0.5071533875972783,-1.187428926070588
0,0.42738586904738846,-2.450510794238917
1,1.8461671899886156,-0.9729915514543439
2,-1.8854278344496227,2.157215330824029
1,2.9597001442571855,1.0436619598255708
2,-1.440939446483188,2.48114037604257
1,1.9213949376243455,-1.4062652482131914
1,1.883962559357461,0.9022567451385681
1,0.943594287369673,0.04986155251224387
1,2.3102659869869764,0.7674438133225578
0,1.3948268091098774,-1.5492575467179823
0,0.1006373198060842,-0.23790140145005506
1,1.888972660129933,1.4931045413416935
0,-0.4893775419334004,-1.0741907331585696
0,-0.2107226811428726,-2.462325001047237
2,-3.0105746684414223,0.4830817135906791
2,-2.057933712092312,2.242494227192899
1,0.7106384268014847,0.7281487057715388
2,-1.7203971417014228,2.667000616722954
1,1.924662479442353,-0.5236507920944016
1,0.9655816863583409,0.09642134068352821
0,0.11816774264128957,-0.9115871882331102
0,-1.0404822180022522,-2.47546582795448
1,3.1566478424945283,0.9040153018944215
1,1.1460403673134132,0.582970581912296
2,-2.5412365180644207,1.5268611076697207
0,-1.0566019792566799,-2.0247445763150655
1,2.3270664581342713,1.058233104027216
0,-1.1814460848668746,-2.467318162075766
0,1.3602764393770754,-1.4559353518786788
0,0.6803553181853788,-0.690802963734646
0,-0.31198802055412167,-1.2185667183541968
1,3.695520043506895,1.0744810989920064
2,-1.6747268128239927,1.7310384114303945
1,2.0355657216350087,-0.749080974747687
1,0.7728627036445836,-0.16621984506590975
0,0.6802710496006492,-1.350210593736669
2,-3.2664047824071756,0.1791507953373726
0,0.2523897400177303,-2.3266007533252586
2,-3.0349420414756283,0.028309393275059658
0,-0.6003180439413294,-2.0984877343299586
1,2.502623159513854,1.5025112632195659
2,-2.4344784455020116,0.6862267179977648
2,-2.71829036016003,1.5029224286185268
0,-0.1626105816105301,-2.704847420343886
0,1.4318854835600714,-1.6229241731698614
0,-0.9389670451420433,-2.089572552680878
0,-0.5399021929583744,-1.8758424741115656
0,0.546635198432721,-2.2202242635066693
0,1.1278511171023466,-1.7492288969028882
0,0.23573682977426652,-2.0149042522279896
2,-2.6972826162874406,1.2237129832077098
0,0.06411765895932509,-2.4726143880225346
0,-0.9376404437937091,-2.546064998241989
0,0.5704906832371738,-2.120191246442936
2,-2.717973235860792,0.08233941553975727
1,2.4325049866166895,-0.21987990401949814
2,-2.8096502239949634,0.49174755255654856
1,2.129842703638098,-1.1841101571741688
0,-0.6811210942775822,-1.7690319998945945
0,0.0647504002118611,-0.7082288821556113
1,1.2415971565587556,0.23652716709411606
0,0.4318568760534245,-1.9724966192536275
0,-0.4186567506655172,-1.9877387402275408
0,-0.4721704076054859,-1.3187698920637392
0,-0.3142259324337767,-2.2395560002192987
1,1.5642285966313638,0.6880251298948105
2,-2.960575301326053,0.495783928820007
0,-1.2413884126879509,-1.9280812804270666
2,-2.7712485881817015,0.3642741516857755
2,-1.253391270908114,2.5367199887219947
0,0.8047118303590008,-1.3707904535899298
0,-1.1259060301335435,-1.9268276722885396
1,3.4452237694386043,1.0050565008227565
1,1.510670352757544,0.9277859321549313
2,-2.3432006267939656,1.3144604872552268
0,-1.1768643852837029,-2.6660304198027065
2,-1.5163920176844923,2.1650068450273925
2,-2.079172141466617,1.1863613958149752
0,-0.19014306429395475,-1.7910579979385528
1,3.1919422717235344,0.4519548596102012
0,0.18879679106124836,-1.1088122524140818
0,0.21420916022788983,-0.48666936697510854
1,2.656989048386397,1.5555593068583704
0,0.19481954735100937,-2.1141727643817565
2,-1.296316300099848,2.524359996536617
2,-2.6338632051094,1.3014268567697282
0,-1.4950158079779103,-1.6437897867764941
0,-1.2379559884411024,-1.7143720746310556
1,2.6889376359033883,0.18683381356537826
0,-0.11263650588475643,-0.7259614542401577
1,2.0239300626542933,1.6500764992599137
0,0.768523033391887,-1.9073909730864211
0,-0.07775496386407493,-2.51243320247421
1,1.035585730825822,0.2800641062907353
0,-1.0666423701659826,-2.730070989783325
1,3.3566655018633433,0.5248003818340138
2,-2.790651086490755,1.4097285081623676
0,-0.9325372378338648,-2.087408629657496
0,-0.3917167647568389,-1.5152807155768815
1,0.9407456193012906,0.8198062776670727
0,0.14648953315633295,-2.1123080079183434
1,3.366755093717584,0.39067148783222433
1,2.059058022688593,0.06926545440271675
0,-0.4580347822156791,-1.8766362420259528
2,-2.82028742140582,0.709031812221591
2,-2.9549280008327554,0.7496165650462763
1,3.583568730300924,1.4975570126930675
1,2.2249834656400287,0.9014562423111303
1,2.0045109686179217,-0.8088271963958038
2,-3.056844011899726,0.41113394959475236
0,-0.5528637401456878,-1.8260231333577794
1,1.530804199230288,0.3286423450445022
0,0.20481356845335896,-1.0261014281702947
2,-3.049382470340833,0.29690736757990693
0,-0.360892479821629,-0.24000144343927005
2,-1.7182787072630772,2.6894630778534108
0,0.925728686710518,-2.3475988468407754
2,-2.2990902624400933,1.3006576312413418
0,0.54511527501336,-0.8333580264781068
1,3.2308422030106003,1.8996510795649435
0,-0.5965820740215632,-2.909410963190825
2,-1.3820442612736128,2.5112094901945023
0,-0.3597488549385847,-2.287854316438439
2,-2.374277048006135,1.2965245722200816
0,0.40683337703515016,-2.1348231550638226
1,3.2988188683859754,1.0236864549519766
0,-0.7702648295374506,-1.8151275004640692
0,0.0988983034185471,-1.7247472435454816
0,0.8167556133261705,-1.4978505286225392
0,0.6181412249003435,-2.223705376736526
2,-3.069902122154514,-0.017482478976394877
0,-0.21953356641496183,-0.18658707405629898
0,0.09582502824916547,-2.019343572688178
0,0.7661216282861926,-1.9404028527779307
0,-0.3821936891181458,-2.5996479707055937
2,-2.8498685039656118,0.4935265585102042
0,-0.15155425575262327,-2.8470244038541592
0,0.8535474752359489,-0.9077226912796128
2,-2.7016559492260326,1.1726387829864506
2,-2.758736797249451,1.358635724419929
0,0.853440210948163,-2.078655242432744
0,1.351341735923275,-1.0430058092175931
0,0.7080260394100765,-1.233203459738813
0,-1.4801042115142669,-2.3182299659179306
0,0.7490011828286799,-1.5848759975293232
1,2.4909436796055733,0.010546926531222856
2,-2.928585973623616,0.013274758240409856
1,3.2480763065575635,0.8539958592310568
1,2.4372074828826853,-0.20751833292007793
0,-0.8183602516652276,-1.835043373429201
0,0.501543804204441,-1.5573723740855598
1,0.8380168033835951,0.08978335022522724
2,-1.5266126443670205,2.0144894028212934
1,2.46400036437546,1.7192412873213962
0,0.0005285881829167338,-2.6516222231371027
0,-0.517157823485077,-1.5032122033678224
1,1.7934901324425947,-1.311363536181706
0,-0.6971768649839182,-1.707192573763877
1,1.6555678380393881,0.6282198300209144
0,0.5185929277447119,-0.4241672216000952
0,0.6118870461344739,-2.0727344995297607
0,-0.8311344408246043,-1.6798293987103572
2,-1.8462325630945318,0.9931881329497794
1,0.746748187510143,0.3184151214268315
0,0.1414921711780177,-0.411546043990532
2,-1.48789497933898,2.275713818208057
0,-0.32997439712919896,-2.610743692742734
0,1.0517890736965583,-0.9972677914358391
0,-0.4458430175917876,-2.022490366329137
1,1.7589546420363238,-1.3478534570017762
0,0.007540346209670479,-0.865381813819116
2,-2.2632583964642565,1.7928708373163587
1,1.675221694799064,-0.6686020264297382
1,1.5008883379456022,-0.6408066286050303
2,-2.9369981739095476,1.2111363973581086
1,2.969561094106848,1.0582662685463136
0,0.7108780643334078,-1.6871880958303858
1,2.8441053727423706,0.47373542433802857
1,1.115268602175919,0.6978124643477441
2,-2.731791358323173,1.3987979830496744
1,0.7154027628074591,-0.11477389764043469
2,-2.5485343907302944,1.4575238637024093
0,-0.11763654378506286,-1.290053487876988
2,-2.092937257116154,1.1120907428989233
2,-3.0825321295454406,0.4558547057252643
2,-1.9310805369616812,2.3779707548383926
0,-0.5425159641530184,-1.8829320668576552
0,0.8023595417205269,-1.7597817475139923
0,-1.097509390581895,-2.052252938168952
2,-3.008797732898402,0.777669602289403
1,1.0224039018484885,-0.3236156207869402
1,2.2990401541528906,0.10598122072447286
0,-0.08276403606207401,-0.5955988852140303
1,2.6751877386058425,1.9735338597138186
1,1.4323918319770315,-0.7289326166454057
0,-0.07681810669855271,-2.9296815614525986
2,-2.9593833000188168,0.6380883910316519
0,-0.5661551503369475,-2.4942086799790455
0,1.2988683404725343,-1.1584477626039953
1,3.6384926129334936,1.3321263220596062
0,0.8161390817469577,-0.7392327272610053
2,-2.7289009130765436,1.2456949885549085
1,1.9983873540479768,-0.25889020449463807
0,0.6584935816911316,-0.9405073497727741
0,0.6232039723992951,-0.6277135689623805
0,-0.6499864755764602,-1.4869293264236294
1,1.074744220963994,1.2976167151274252
0,-0.06469555695495022,-2.67261301613499
0,1.0365567594682905,-0.880628917040233
2,-3.134353293968233,0.30530011450798455
1,3.659718251549651,1.9646995200332311
1,1.5978428395739759,-1.0475000450339103
1,0.6099233467110518,0.5599882057939396
0,-0.7831252697847297,-2.716380989156753
1,1.5464220428448987,0.7797735290906384
1,1.5303400498430708,-0.6840718140692468
0,-0.47375917232956455,-2.383384120122079
0,-0.723740419821095,-1.4893334246467813
0,0.5828218188173463,-0.6120825725724869
0,-0.5619342159764898,-0.9546961619176362
0,0.0758900733723257,-2.177279543442645
2,-2.6296413218356944,1.608420070374068
0,0.8801442334463575,-2.068656784590732
1,2.7887765214222706,0.26454264350547496
1,3.6552632973917802,1.0273884953984016
1,2.232119201484487,-0.5685542719020251
0,-0.02092861930343412,-2.284215261424287
0,-1.1361021657774113,-2.185046888639622
1,2.0245617821720177,-1.009691546850105
1,1.7208016979038505,0.44978486457093914
1,1.8204690949331126,-1.294987786019261
0,0.44946112538268057,-2.3496092119913277
2,-3.1089291905698455,0.005900844337482003
0,-0.3171338910054347,-2.7687997062006087
1,3.1953755142801272,0.01809195512334072
1,3.4182728663720012,0.4632364300296551
2,-1.7996605303170792,2.2212944445917944
0,0.05260504728790494,-2.672866431089682
2,-3.0123640441859063,0.0747029857023786
1,3.0369014188762673,0.7831116702022968
1,1.773638101425821,0.8970579445375058
0,-0.9212099902003303,-2.157835699208875
2,-1.1899874716006422,2.318640573306046
0,0.2043734314203592,-2.080410115020768
0,-0.757142441411309,-1.502786818558744
1,2.949264043908037,0.6562426763083351
2,-1.847933962092554,1.7960547267204703
2,-2.958322015223798,0.4931163564288593
2,-3.0950578578991528,0.22532484119196183
2,-1.3832995186714157,2.1753039334412123
1,1.773727642106913,-1.020342305450759
0,1.414032502762361,-1.1983196953941697
0,1.161580803535798,-1.024718973065364
0,-0.6900439023844405,-1.137179037066872
0,0.022513266952791655,-0.13511175939456402
2,-1.405709023027427,2.281489938151239
0,-0.0012096730975376113,-2.6591761958993074
0,-0.5970829959667823,-2.5064314504152128
0,-0.49957284071936947,-1.216781622471895
2,-3.0249354044956642,0.577235805319054
0,-0.7415400962731031,-1.068077659359004
0,-0.5600876694148851,-2.249644811514877
0,-0.5302100004671959,-2.9919464807593195
1,2.7016772891941567,0.29139891548440167
1,1.4061709305699857,0.6467504589044828
0,-0.021758677722404418,-2.555830084951049
0,-0.4004042206095503,-0.8280233199258131
2,-3.2485051678445824,0.1708118848327032
0,-0.9649762502302464,-1.7445010507288652
2,-2.246584201341666,1.7932276822421676
0,-1.1668233295287258,-1.924806963200674
0,-0.2291501271461816,-2.4570939224418833
2,-2.7061975516936,1.1675235551740697
0,-0.5669263774028184,-0.7986386238891404
0,1.3531473071967108,-1.524871338460369
1,2.9927291409882697,0.540444220228631
0,-0.319003757161994,-2.1387807450087544
1,1.623623126451303,1.2740283182363283
1,2.9612855900213275,1.797922036263282
2,-2.501871908073062,0.7876110626559834
0,0.9868204079064552,-1.1417348303810453
1,2.3115549476024997,0.49178115413847
1,1.0398241585548202,0.2651174236259447
0,-0.9462510653957976,-2.569943556307339
1,2.2648102546926636,-1.0133651633261722
1,1.7612315237771834,-1.3172717961680214
0,-0.8086221908890534,-2.2497898834000116
1,1.860568849820687,-1.1541446818973002
1,1.4649255286307876,0.28769929658714616
2,-2.1767262691323954,2.1268871853142297
2,-1.2090521567802266,2.5530838371920095
0,0.7833291120501079,-1.4857495967063823
1,1.919811821825661,1.0596909018872998
1,3.173196190718833,0.5561846966256584
1,3.754354511728364,1.1191876706664008
0,1.2883995227434908,-0.9057895380844553
1,2.8785268444624696,0.016801709585133162
1,3.463497294890958,0.8424231878310726
2,-2.724750639016016,0.3070083983635332
1,3.048638885769066,1.0586412464819905
0,-0.6254428476222516,-1.5786984380883695
0,-0.5053522663617014,-1.5531726967885588
1,1.2606434889583369,-0.710088150748638
0,0.33132002899300944,0.05760535760157042
0,-0.13682852710685323,-1.3020657089418175
0,-0.47121493118328633,-0.7680098688560334
1,3.6086034144070736,1.3155690199943875
1,1.3626202471192785,0.32472942977159736
0,0.45790277800421575,-2.284761252628186
1,0.6047347812616829,1.1442851356091417
0,1.1279883053044262,-1.9630383976928023
0,-0.28768773971312506,-1.9859906148233701
2,-2.8565967060977147,0.6256376361608341
0,-0.16131316440148125,-0.08809404238513789
2,-2.54594029967462,0.20723114818020566
2,-2.603681259711475,0.929297294265875
2,-3.2381862996869404,0.16894144454490234
0,-0.14073252156117894,-0.48658014402759153
1,3.4243965700174517,0.6029211770134792
0,-0.08245928612773212,-1.588161768113123
2,-1.4488417280530512,2.2963914600454607
1,2.260827134387954,-0.5926359061641078
1,3.4510942876662467,1.1076368153104967
2,-2.585294330809324,0.5416183429786898
0,0.4479284462111535,-2.2904636051497644
0,-1.148834338175848,-2.3029817594670643
1,2.5715410588006917,-0.3276159601081634
1,2.3102906311135207,0.8212515333068238
0,1.3357971866781946,-1.764999888976343
2,-3.1041813578182142,0.6696519717193012
0,0.6998344962104914,-1.5655477760052912
1,2.147317925600067,0.05570814059310042
0,0.1355853724427688,-2.4123661810331107
1,1.3997325737783535,-0.7706518961628114
0,-0.16290026478283262,-1.3692938667535126
0,0.13561041357211162,-0.5709411519111943
1,2.9904316727704345,1.420177045193158
1,3.1267389731272357,0.9091091648407519
1,1.0000451558266983,-0.2646705253144063
0,0.8681788280709504,-1.9526707247536526
0,0.5432729666830771,-1.4846066673660934
1,1.7023184202966577,-0.9527367089821989
2,-1.5473845013512286,2.461486617218687
0,-0.24017936656979227,-2.76305961470489
0,1.1634592964325394,-1.648029792544323
2,-2.5084672332260154,0.759983777307311
1,1.72892749497172,1.5660613143185573
0,0.5965870255987628,-2.1133168082229346
0,-0.5690917404970717,-2.7170103754347807
1,3.615562442107624,0.552732608403888
0,0.9123324421754986,-0.7610704426483138
1,3.5917809454841914,1.900479160498716
0,0.606083903026617,-2.030159148979478
1,2.3273509252732496,0.4279848117965154
1,1.9574310685511167,-1.3556516360464528
1,3.169733787723265,0.5562065580030062
0,0.5427632311450645,-1.5109463151586828
0,1.2367480324728177,-1.544543735318437
1,3.204070369133879,0.42971772186340956
1,1.2234442267791787,0.3022604738321799
0,0.5417968671012099,-0.7379925680200428
0,0.41021210192200924,-0.05261174167997815
1,2.39924650762853,-0.013717186735266229
0,0.24570839890057877,-0.019784519362673447
2,-2.6969128344920485,0.877397993771977
1,2.5206775218532043,1.6873442253045936
0,-0.541367507552195,-1.9295045662441628
0,-0.06246274569271885,-0.8171434940168448
0,-0.3677469187712836,-1.5137830890407553
0,0.44251464865136114,-2.418062433675477
2,-1.7562139049533056,2.6205725354728666
1,3.5318497838932985,0.9009011989301641
0,-0.5581923759335687,-1.9603067651859372
1,0.22303622407938145,0.40460999010239534
0,0.04234282745974011,-2.3260168785870974
1,2.7974829622690187,0.51496155820476
2,-1.302549914931719,2.71937272408108
1,1.3167776815982317,-0.22109950415912452
1,1.5782956889301356,1.3196235396986535
0,0.6328823996667812,-2.334530659832173
0,-0.9610870508831497,-1.3858676090262587
0,-0.7210705053200803,-2.1632977486480782
1,2.3511829776850792,1.2272403820803812
0,-0.15780430286340785,-2.1932598785590858
2,-3.11315148648487,0.20634596205631778
0,-0.2723908339754413,-2.793042377121952
1,3.2331591128263115,0.7857242023218296
1,1.4931048920937666,1.5279363491477747
1,2.248697739093719,0.5513846963690626
0,-0.29607197442618466,-0.3198220505332688
0,0.6852583971819142,-0.9981835942003218
1,2.7443596680826614,0.9714723676535555
1,2.702687627019341,0.22432879589079352
0,0.3410621380544612,0.014526320213321849
2,-1.8146113273209665,2.10229873301755
1,3.1437925289541937,-0.090510349120975
1,1.703597633413312,-1.1714235078475639
0,-0.2817294585374461,-2.154504172465355
0,1.3116749677808115,-1.1800659351167448
0,-0.12977266532859477,-1.3847931750387112
0,0.060545219902394046,-0.6371838680643169
0,-0.2556337716033462,-2.003859591869149
1,1.424074266349634,0.22417731068795754
0,0.7047498083588641,-1.756643257418162
0,0.1886520876195094,-2.2013411920914616
1,2.1065937388524847,0.9176966001394131
2,-1.8570478466517855,2.24633992289421
1,0.738907202424171,-0.12491950934678868
2,-2.895102665529696,0.588904784711449
0,-1.3314046584643244,-2.077568269437834
1,1.5988230589430938,-0.3467244044161203
1,1.7846038141677087,1.573025723816181
0,-1.1574160080106906,-2.6712038853468956
1,2.206107307635278,-0.03176535607965297
0,-0.9319074476338975,-2.0995178311538853
1,0.5690813157861266,0.5215429538972282
1,3.6291452841160927,1.2320826742341602
0,0.11351010911227066,0.03756206573995078
1,3.108049647506033,1.0320402408458642
1,0.7714655294991666,-0.3747515940300812
1,3.0312999020728855,0.6649993831066481
0,-0.2605713935696713,-1.098303426951624
2,-2.8400460652043664,0.882208775473484
2,-2.569227386893047,0.6055321794062207
2,-2.5481601718504163,1.7239920103822535
1,1.2630596644210528,0.30362719448494413
0,-0.46240151944254054,-1.4200220635828118
0,0.6066386786559684,-1.4738173091028046
1,0.8246362020697879,0.7046431781520168
0,0.37252961694031184,-0.2437070132654785
0,0.37339702605066927,-1.622819228885721
1,2.8330564405057554,0.742069559664899
1,2.4516111257875592,0.5969378061492123
2,-3.2630849609106773,0.17794969524414073
0,-0.9086381128072335,-1.5732009679103547
0,0.032118187618499994,-0.20031436942849123
0,0.9087932287211433,-1.2285988189914185
1,1.3824075554021997,0.07243553581478464
0,-0.3108911778537302,-2.813937111364417
0,0.44526062350970275,-1.4412794903357187
1,1.333455730136639,1.0585849413603041
1,1.9580442267764322,1.26421288741151
0,0.7433010481705055,-1.3866013117867968
1,1.9413162488740745,0.6513998891560555
1,4.0081594761394115,1.623157420143472
0,-0.3817175741092501,-0.921529304200488
1,3.7204768127268846,1.6692528779100775
1,1.2727953354103556,0.6919623060012419
0,0.39671323239258705,-1.445431141497453
0,1.2221114872783674,-1.3948829395814752
0,-0.3750207920756151,-1.4189178223266594
0,0.044669281686312845,-2.467440922478346
1,1.8587626228181962,-0.813995733919019
0,-0.5172801056396307,-0.5427904734698323
2,-2.0104728687970157,2.192541891642241
2,-2.9764355882848985,0.5523246816186826
0,-1.0046664851372191,-2.2171208190999723
0,0.32213977129961346,-1.8221195363820935
2,-2.9451541356295676,0.5654335628417408
2,-1.3891929536032157,2.6135967650882366
2,-1.4407669615478216,2.671430234790892
0,0.8310155184786729,-1.822536761047749
2,-2.009545487955825,2.2093015824807143
1,1.1508720326844777,0.3703630509276303
1,2.366017049315334,1.298422263284041
0,-0.45376332732750124,-2.939069276540656
2,-2.675485143605456,0.9011089571229143
0,0.8965676806128048,-1.4088515730559517
1,2.637988368348827,0.06705667725246023
1,2.5545261934846235,-0.6638012449595257
1,3.236238550744239,0.9963840295950227
0,0.016468702302456395,-2.6193761734943117
0,-1.0127550837935413,-2.432806808757356
2,-2.5400391719554225,0.8946679273623417
0,-0.5970565131680635,-2.2362371827900556
1,1.532660335173611,1.097190243820094
1,2.506133778566677,-0.0927587609435952
0,-0.24159199086862593,-2.7648483198121205
0,0.9732847596520008,-1.4736668578811005
1,0.7818825990127083,0.6062070887138334
0,1.1501557060720367,-1.7016946223664575
0,-0.4058519704853616,-2.0479543858293523
1,1.4917599727458313,-0.7945011052993245
0,-0.968783291866776,-2.2434584134292472
0,-1.3749385406088341,-2.0789343827811955
2,-3.1278678759531973,0.649775209265669
0,0.5912887697848905,-0.8366670023482579
0,1.077993862088255,-2.164598398879835
0,-0.551753519538555,-1.508072063412567
1,0.4453253553050768,0.922233770735188
0,-0.5916023417768159,-2.911212613330673
1,2.529441727160443,-0.1814239184406401
0,-0.14616263979459493,-2.4812976877783135
2,-2.3079868557067185,1.2875031301877016
0,0.07936278270740066,-2.4281040934893845
2,-3.235332028136648,0.19627382116256908
2,-2.214114469808523,1.60803199457159
0,0.29442542642619296,-1.7796975659696583
2,-2.6421757052504593,1.2713553744012047
2,-2.893239813342261,1.2535309781358448
1,2.1621934940798733,0.3310506180185754
1,1.8653176918686074,-0.1460482505316103
1,1.9000949558900246,-0.6084426848254225
1,3.019478426354741,0.7507969489347714
1,0.9865619367949381,1.238104914708387
2,-1.7696888308299354,1.7995161586800736
0,1.1333720746277645,-1.8829808710286882
1,2.7160569807714334,0.7284526846805519
0,-1.1716364933795964,-2.405730420722594
1,2.2219823710028876,0.09358577709449506
0,0.7296366308495252,-1.7913840490926343
1,3.052570271433203,0.4126539819901284
0,-0.4028708896766737,-2.211028856054402
1,2.317267271420645,0.11625682298373274
0,-0.05350994129544134,-0.6303186026298078
0,0.5223281691711774,-2.0662613103356824
1,2.0236482436766963,0.45677171083938567
1,3.6832301326626675,1.7448961867488897
2,-2.5316020608144028,1.421223554169521
1,1.2320301662629967,1.4295160503565376
0,0.0922222818763091,-2.4393653817220327
1,2.7016251715793054,0.5041488665705885
0,1.4617688390283818,-1.2964205925517145
1,1.6509494322257383,0.19107827324143162
0,0.9829005222602575,-1.3131563254635221
0,0.2778684805420332,-1.9656946558500037
1,2.4613377858027268,1.5950267261399989
0,0.14992452857203936,-1.9663207721666256
2,-2.249493538327224,0.9239904101939553
0,-0.26982361279785233,-1.7642653956462986
1,2.161999896726817,-0.0016776518362670578
1,1.4722837699910658,-0.8674691776058943
1,1.5447757415390981,0.26619205227237874
0,-1.1134137584192472,-1.7912697514618512
0,-0.02168286987528531,-1.9594094865007572
0,0.1805488401562615,-1.9609294023210662
0,1.5185633045180449,-1.5708065499036694
0,-0.42098436590207033,-1.2950805602360385
1,1.5588408342393993,1.0970694068641464
2,-1.430604575491959,2.0449972781473913
0,-0.772905794532298,-1.8352418693773873
1,2.566382853199389,-0.29830606151432637
1,2.369698832426362,0.44967552719790416
2,-3.253955451795307,0.1746466699877534
0,-1.4394371905183947,-2.2631449055930184
1,2.1438236265045325,0.14774648742360208
1,2.860002643879941,1.4791233733979114
0,-0.0606527577669258,-2.6085645375101802
1,2.6148194697208695,0.8384045102541458
1,0.831431464870269,0.2149779208332842
1,0.9223145475809947,0.5093941316116561
0,-0.3894358679926682,-2.7284116452863003
2,-3.034471171837019,0.3203050163192486
0,-0.9518940427768543,-2.105064196388423
0,-0.8578086815096544,-1.3118356843243006
0,-1.029481069830537,-2.1180515425131707
0,0.4645418714543204,-1.912442535883216
2,-2.338785900969138,1.6420328581909718
1,0.9508808595366978,0.20204435489343675
1,1.6626023898193072,0.46314079185613677
0,-1.0606560134231753,-1.9910297524864542
2,-2.560840411481037,0.9435531769486067
0,-0.16585099587343902,-1.0839758759908598
2,-2.724525618076992,0.7431926166101015
1,2.102359720716685,0.2559637730910741
0,-0.08869961065164123,-2.6101183074885133
0,0.7085476413468443,-1.3122536926567228
1,2.4701391566708573,0.8346535793677654
0,0.5011012082801019,-2.0883149021933654
0,0.7408215184675885,-0.3972848336215673
0,-0.40848043090265984,-1.4743559506629522
0,0.081883637336162,-2.7764095380905283
0,0.6748426991617965,-0.5979464075259511
0,0.009280904932971179,-2.3735307450895533
1,2.660038706842023,1.5428431966018619
1,2.6681577366985665,0.6480357175279269
0,-0.5755844807440349,-2.479686920356451
0,-1.2932016120829526,-2.5095270799601086
0,-0.191704681263959,-2.969608416285045
1,0.7889192119548449,-0.08330481194759769
1,1.675273859570331,-0.7592207955878818
1,3.0348892981443014,0.700623563438072
0,-1.1741232604520158,-2.2737208960173554
1,1.9046372065130428,0.7266898801216193
2,-2.456414270775516,1.2193073724173122
1,2.379174923445978,0.03229243152474687
0,-1.3918425409377333,-1.9498340101036558
0,-0.7261062395221922,-1.8958923526885432
0,-0.14630117840316811,-1.1394766989904563
2,-1.1828317004605422,2.419336862537907
0,0.4452732634697687,-2.448277155924928
0,-0.11962645440042358,-2.1581476818968297
0,-0.18367349114115944,-2.3469741635066113
2,-1.9396007322800584,2.0640157308990483
1,0.8272744985532692,0.09733207000885233
0,-1.108483366986898,-2.3111499392078656
0,0.2075648915050646,-2.4624110298838278
1,0.9009563578329498,0.9226045233263743
0,-1.3057330851762834,-1.827584692611999
0,0.054332908062120766,-2.1019263302388085
2,-2.336544173625774,1.7597705027981159
1,1.5779657036654373,-0.37598499980024885
0,-1.037274394318244,-0.9016695366759926
2,-3.244825942679937,0.17134364473136593
0,0.04053529000344208,-0.9373215068010263
2,-1.25392513991595,2.527282014851397
0,-1.3928673348662723,-2.012068021816067
0,0.8750496085016118,-1.3087942447207999
1,2.247460536777829,0.9986591054143321
0,-0.4237567260632844,-1.5935634415742124
1,2.410670416607677,0.5221808951586225
0,-1.078814061166115,-2.2281813925105087
2,-2.769004741514942,1.4523066681445864
0,-0.908233803489852,-2.1922605446661354
1,2.388898020091065,0.8122054849080786
1,1.4575050932573594,-0.9295534058476702
0,-1.007542532869472,-1.591449267200814
1,1.7670651788298195,-0.27181811634810804
1,1.0234539268265537,-0.46987473964887794
0,-0.736988006670425,-2.7441996476722967
0,-0.3252990157484308,-2.2654984169742147
0,0.1816798871012953,0.29698111699912044
2,-1.4302167041926483,2.034698181177842
2,-1.6417013855682738,1.9325896376308878
1,3.405275056945501,1.005346217264383
1,0.5654259635319294,-0.029332296010745426
2,-3.229706238597182,0.19486944701736797
1,2.4795124192204145,-0.00844444494760932
1,0.6034716984146986,0.8160274277065402
2,-2.492897833456711,1.3083748875988321
0,1.1649252274419346,-1.915932841086203
0,0.27998670528989217,-1.6477552554264003
1,2.1787865610577133,1.0317790163657474
0,-0.91782217368774,-2.0726328022024756
1,3.9284950865055506,1.4492254611984068
0,-0.24621697982850332,-2.8002764028729965
2,-2.699062543911812,1.428288240123438
2,-3.1116281721388543,0.6420368488076154
1,2.9750971019543675,0.21848939819086416
1,2.5177466458870565,1.3724498246826402
0,-0.0353914710295338,-1.979577597413131
1,2.943380371300342,0.3232181552163828
0,0.6206478781082396,-1.3876809662918486
0,-1.1612209724110016,-1.4824191987590805
0,0.11862276283950846,-2.619106532023823
2,-1.313838260585781,2.5050314299016647
0,0.4406441481771329,-2.150377100558093
2,-2.615049202801653,0.8733440696915837
2,-2.6311344254398135,0.4401092130022873
2,-2.554698265348791,1.469026188188971
0,-0.9565863555818626,-2.39355498425415
2,-1.9014811675679573,1.7925189463415117
2,-1.740464736646106,2.647727947561312
0,0.1417807389819712,-2.1184963255258356
0,-0.33109169577517045,-2.4886953800537657
1,3.9788889683797573,1.8260019345968042
0,-0.9331607034139198,-2.1032722323537234
1,2.1535148960550567,0.4553959182257183
2,-3.099440277786328,0.004330679072989174
1,1.6308418800120457,-0.6297287469394759
2,-3.1881271635721395,0.23522271347988138
0,-0.09935073627979978,-0.7238994920419789
0,-0.3679588306930463,-1.5569625155293367
1,2.437537416791543,1.2132125730714474
1,2.3582168707194677,0.3516431074833977
1,1.9266023664155179,-0.15705676196396345
0,-0.003249084283126036,-2.141338832350402
1,1.8067033697325934,-0.7181673811484051
1,2.256768552567484,0.39059869451213525
1,2.1788336964856994,1.0980924849445366
0,-0.5214398950199736,-2.9969823660076007
2,-2.4243649887102787,0.8873641201406028
1,2.1716504326212065,1.6096319293971018
0,-0.98892930101582,-2.3859518933318435
2,-2.203542717567715,1.4381067051807388
2,-2.3397433280281126,1.9888458827715874
1,2.654304522649703,1.5145845080142442
2,-2.238845114868095,1.573175422451528
1,3.737436731696791,1.4813936398776724
2,-1.8479718086432424,1.7342691220159647
0,0.7262713604004762,-1.4593685987664191
0,0.3805516512931651,-1.9144774177583326
2,-3.0770123168534878,-0.013047143774728709
2,-2.7500763827137167,1.0600371788462042
1,1.7309876587415345,-0.5442115498536214
0,-1.097921480400238,-2.275781625169297
0,0.14595670775539452,-0.18103412601871915
2,-2.552680434128154,0.9965707743774087
0,0.13680536720552866,-2.5727302016965687
2,-2.9633481055702044,0.8728719010992132
1,0.9160791052014334,0.02625318193586847
0,0.8413601730003759,-1.6344395677356276
2,-3.231085668510187,0.19737315455186533
2,-1.47827375865554,2.118734624920695
0,0.9499877971924262,-1.7775279341604389
2,-2.037851196247942,2.1896559927905086
0,0.5405902242345384,-1.4232544966703253
0,-0.3226755637460442,-2.0497454517667784
0,-0.3116578129374978,-0.24792048166255126
0,0.07227236004099907,-0.9932841174109248
0,-1.0784962890124516,-2.2275396126820572
0,-0.15071544396399772,-2.4474140784059273
0,-0.5937331525041198,-1.2581936118476151
0,-0.6045971488823892,-0.9074104794014941
0,0.6274347701117235,-0.9782097562267633
0,-0.6315147268132976,-0.6913093861426844
0,0.8919919887294558,-1.3819703443653009
0,-0.1821398086507111,-2.836239820887095
1,2.6899058396306392,-0.19931298393861924
0,0.5289825471698278,-0.270562555567169
1,2.038538033038432,1.4129781704601987
1,2.2892667361181687,0.5797327446690904
2,-2.93403625757434,0.01710954339546006
0,-0.01609766492617211,-0.571661214843836
2,-3.217920138896285,0.1907681195283849
2,-3.0728259908008275,0.3926429397477607
0,0.9813962501620954,-1.3978331663073769
1,3.4882554576681906,1.0144943885404973
0,-0.06764556410403355,-2.362315210294039
0,1.3922042155468206,-1.2850744848874238
0,-0.08502495457463635,-1.3999400861865758
1,2.430350728872059,-0.27545716155483757
2,-2.563633555021129,0.49290922443506346
0,-0.43283912903095945,-1.4195703941377456
0,0.12806275963731528,-2.5391179344082833
0,0.8265403582552007,-1.9634003005435499
2,-3.164704031433601,0.08197059177474203
1,2.111776364569028,-0.9745863325149949
0,-1.5401716575268698,-1.912447853131879
2,-2.0680280480837845,1.905055039191443
2,-2.788367023680313,0.509452038245839
2,-2.8017487029152934,0.2918341947363757
0,-0.2517052773860806,-1.2474497851669515
0,-0.4476040961223806,-1.5687124746690366
1,2.2671139783158987,0.582224212622795
2,-3.1110596530240717,0.008534529399300383
2,-3.1544352705291336,0.27861347835414385
0,-0.4593187475636558,-2.59763762809307
2,-2.017233056915048,1.6122590702512145
2,-2.8550293517942538,0.9072496259701148
0,-0.4561820747128661,-2.665746516477649
0,-0.4196824782813773,-2.2290097746620847
1,1.5702204443028123,0.26513686903032285
2,-3.2756410550888693,0.386909713987219
1,1.043996918355327,-0.4793255983853521
0,-0.023681715707704443,-0.8905766389271317
2,-2.557089299667602,1.149515248724013
0,0.3353235667392448,0.020788189431075438
1,1.4867080961642944,-0.8937872044058706
0,-0.9871428863011091,-2.4555491211625045
0,-0.11332349401533848,-2.6139112384737997
1,3.141504711347065,1.295838324055603
2,-1.3184058751475372,1.9447504480772175
0,-1.23555912396871,-2.2422301470741637
0,1.1049638827091912,-1.8528080201530133
0,1.2695200201589452,-1.6524677343501544
1,1.7319126014248345,0.6022990532763752
1,1.2852185026695864,-0.26776151689602323
2,-2.882306488953993,-0.11596393578866021
0,-0.5974120293956877,-2.909110688167517
1,1.6865440007490236,-1.0672280091316724
0,0.29138157606482135,-2.177138546255136
0,-0.8045817968816755,-1.6231179126279234
0,0.4227561750696084,-0.0017727493199737251
2,-2.9117893392789025,0.33856555308468506
1,2.0935571415091654,-1.0098820899818342
1,2.183585559625513,-0.19275044897183452
2,-2.4939626374734423,1.0320758169407613
2,-1.442453038451112,2.2955656258028947
1,1.3597268690714541,0.29564856918474935
2,-3.1228969687888837,0.5577322756355205
1,0.9866541989599684,0.9523233417358445
0,-0.6970711432741671,-2.679957679762632
2,-2.9924416755490824,0.48636554388698766
1,0.9815368967539908,-0.5471940137630656
0,-0.7243403293934713,-1.776589692213445
0,0.318484229670333,-2.5725921711056636
2,-2.826237879664139,0.1503047379025803
0,0.4578547488457836,-0.29497803653534344
0,-1.0965954636054334,-2.0129229431728843
0,0.40818272080179363,-1.1354086951177056
1,2.8160531730939704,0.5962414869791353
2,-2.16710290408613,1.9014339701391747
0,0.07356319088360719,-2.2963014197162446
1,1.4601997209720612,-0.16997490285760503
2,-2.165691215234201,1.7890897311498108
0,-0.2988466658507145,-2.5757054108707442
1,1.6547008009071935,0.9296317892113962
2,-3.1291362100284976,0.549842446217969
0,-0.849455621463048,-1.1759683243157644
1,2.348218240787877,0.6921939903968486
0,-0.16348559366148113,-0.8440543498991012
1,2.001206030129648,0.5524305460813967
0,-0.28945484332994936,-1.3635758702491816
1,3.6384536106948744,0.9231908630237728
1,1.4463400689534451,-0.9005082427095561
0,0.1802703489996547,-1.9564000863156354
0,0.9395355924437949,-1.6118150065722212
0,0.33378082757219035,-0.4669936276643703
1,3.384462587419513,0.7020919038724985
2,-1.3058264122900147,2.1912980601228207
0,0.7961503607667713,-1.9787981817740912
2,-3.253955451795307,0.1746466699877534
0,-0.3919213783047278,-2.7043346149701657
0,-1.3145627614108,-2.4602415918810254
0,0.42053726849119655,-1.7686411878892283
2,-2.997766895879192,0.7283479831613429
1,3.68288881310657,1.0459744053550568
0,0.9843955775875735,-1.578803747085635
2,-2.5495189861517247,0.5042723367078229
1,1.6318924831033783,0.5531877194435098
0,0.8099259400644575,-1.8725637418808727
1,1.9224911249402947,-0.7260584642667649
0,-0.8163482708703012,-2.3190431396047426
1,1.4174069433856848,0.9178088616327298
0,-0.13161170108173348,-2.445260898230436
2,-2.4646667192469924,1.4023807220426154
1,1.9700765272813243,-0.6772822566354502
0,-0.3540642726120857,-0.6986072070779072
1,1.7893529897111062,-0.939869618369993
1,1.421894677542895,-0.5283302764893858
0,-0.7225193616421602,-2.7475714630766364
2,-2.067624996669543,1.3342405616916466
2,-1.8997993494228083,1.9519375042321283
1,3.649952394945827,1.2496977870923058
0,0.47994875577063767,-1.6512343212064762
0,-0.27990504382199455,-0.6594905084249137
2,-1.8658613673784474,1.8817645869316328
2,-2.9081806921353883,0.1800254345513857
0,0.5246163470485297,-2.106209386113653
2,-1.7376764700453637,2.6604283183999
1,2.8080869013434433,1.766707277235924
2,-2.2410779139708286,2.1202961945776058
2,-3.247315808802311,0.17224446980128977
0,0.5031515937040946,-0.5602911132567167
2,-3.2381862996869404,0.16894144454490234
1,3.115119192050046,0.9835201488789328
1,0.3913453403999331,1.0824027495112614
0,1.2311125505982161,-1.8635061133125308
1,3.8700532210750174,1.4771728536392497
2,-2.447698749402233,1.3293119681797532
0,0.25785032151910064,-0.8258962725074124
2,-1.4436749028396854,2.272757668446002
0,0.22571946921325642,-2.216432702141253
1,0.8904591408204046,-0.3972308679508695
0,1.2613218932921448,-1.6180764657241968
1,2.7385626149238886,-0.3291237652815294
0,-0.04837003426601599,-2.386852560352765
2,-2.226373168869722,1.6715484278152233
2,-1.1152482899211766,2.503918657660571
2,-2.9254229029563015,0.0419446167618186
2,-2.647160683293952,1.156521816962489
0,1.1099559911539962,-1.705842993565157
2,-2.151467916115484,1.7948731259495687
2,-2.160629463013034,0.98068399850774
2,-2.806593925133088,0.9548427343655609
0,-0.736988006670425,-2.7441996476722967
0,0.8196816749722822,-1.6723444911481595
0,-0.0510203271792498,0.5419998173618028
1,1.9850820027803355,-0.5262622973490657
0,-0.5384033921492505,-2.849232006384097
1,2.17655971556206,0.05503299007393431
1,2.926916112222803,0.4969772659418504
0,-0.12377430286730211,-0.7486099164454628
1,1.1196636249065837,0.3270778369533216
1,1.637642712895655,-0.557242641554881
1,3.6102863055045864,1.463704662136801
1,0.6922297418635454,0.01781983631229036
2,-3.042965361434174,0.414804455897296
1,2.5780764881137106,1.4253586910931646
0,0.0331694385732703,-0.9011085364869801
0,-0.38757514661935955,-1.7924395709870626
1,1.7775730311993967,0.269297123725036
1,2.5832775463280235,1.412688194598764
1,1.625244618222374,1.3295428012099388
2,-3.1118509794047684,0.20401255201780727
1,1.520940639675028,-0.5734332478743154
2,-2.037270800079288,2.1565829984071985
0,0.8845998211881853,-1.5132111644162975
0,-0.5247597165164716,-2.995781265914369
0,0.14149706398146455,-2.7672753692945884
0,-0.028706712280829688,-1.7057856674834424
2,-2.0901206855958283,1.8912994783001253
1,2.6990944866802655,1.3473823016626294
0,1.1182954922011668,-1.2365873026816063
0,-1.1941822942982987,-2.2488056844163444
2,-2.632892763333566,1.1693440286903023
0,0.5347314805946504,-0.6543747809208219
1,3.0459503212773424,0.08971797305522022
0,0.6273098417804783,-1.5779139829361233
0,-0.3020471548669925,-1.8977358650540042
1,3.8012632305195213,1.2265775872947953
1,2.069846190698357,-0.974258353177343
1,1.1643701926348562,0.6729616139656716
0,0.8677626519587761,-1.1691277878846273
0,0.22459465074969975,-2.6511950190545055
0,-0.8088415905183325,-2.180749602438551
0,0.2449053376786577,-1.7987546940152932
0,0.8918822986900415,-1.7622723052903808
0,-0.02018732034147281,-1.3926934178065762
0,0.22604859250565673,-2.299180859837171
2,-1.3310933910912779,2.7266966591417603
0,0.03589331570555193,-1.0265964850979004
2,-2.92743641993219,0.04867156881222279
2,-2.11324555203889,1.8897723165680202
1,3.662012821248049,1.0979630647616856
0,-0.034822889129712487,-2.2740420242503205
0,0.7109760491097492,-1.8127765912499774
1,2.097748145006555,0.8947731563158312
0,-0.4684751837630565,-2.433150113967631
1,2.759974288414285,1.1772873486870672
2,-2.6716981633992605,0.3517671845940717
0,0.40958321834631245,-2.6215315977347164
0,-1.3092628107036075,-2.4297840403475375
0,-1.192380897290245,-2.454136440974503
1,2.9063437289953185,0.6917427594017143
1,3.871507287291502,1.7566433757862705
1,0.8433511159443261,0.03519161463183723
2,-1.0987260833624863,1.9652964409326126
0,0.23508899015387816,-1.8398701016904626
2,-2.6946260702461973,0.4504705518184074
1,2.1929701342686507,1.2484458739507973
0,-0.3824368213315242,-2.7290809854808695
0,-0.15026601092971875,-2.324599528362314
1,1.461082569704102,-0.8341648997937113
2,-1.2975139328337777,2.747346645648265
1,0.5154467336214312,0.14901437472006052
2,-2.183881353572434,1.4052364346973287
0,0.3268514055717648,-2.236223226483784
0,0.059161813429180365,-1.875644358313348
0,-0.44109855236643986,-1.3400235179839504
1,3.13945041531921,0.19601588420067872
2,-2.5539557722486994,1.726913232432691
2,-3.1047580103306167,0.601396197518977
0,-0.6549879626423689,-1.9426156848313685
1,1.2023371889515189,0.1024033997908218
0,0.1470394323576743,-2.5363657045849752
1,0.5151545657006106,0.10907141075629301
1,0.9968348435271339,-0.35992553539106276
0,0.522090275871125,-1.6075789574583623
0,1.2766035376620801,-0.962744658271917
0,-0.43951108724678367,-2.411289250996928
0,-0.17186657470084815,-2.834786370941773
0,-0.3473472036484352,-2.6453825931427204
1,2.436729854914089,-0.2185286016068807
1,3.2039016966008003,1.7920485659322445
2,-1.6658819024333968,2.0944823031444915
0,-0.17807338814503626,-2.0670278372223696
1,2.3801995999888557,-0.16001871039733293
0,0.14837322857074503,-2.147289364374059
1,2.4624725890871266,0.3895065569538735
0,-0.6443045184363037,-2.1214440479539944
0,0.22971389978315887,-0.8176973743249006
0,-1.0876448787183832,-2.253001504216338
0,0.7040823229039435,-1.385035197270907
2,-2.004871400550055,1.8713251107569957
1,2.759688545082972,1.7623533536132627
0,-0.7639965656353851,-2.487575994652647
2,-2.6020870526349578,1.362647798814564
0,-0.35144238809479295,-2.06504645722489
0,1.1438280094188114,-2.0253940216182653
2,-2.119611640691514,1.9265824644800242
2,-3.0551641665464753,0.4763740075348844
2,-3.035274909855957,0.030536607552916817
2,-1.9209387152942767,1.5850416271155832
0,-1.31644036255844,-2.5011193793074864
1,1.9319074503937232,0.023648892895867857
2,-2.3710808726484465,0.5987389209492469
0,-0.11590599048276481,-1.5952595536324077
0,-0.6224174541857477,-2.6956465440748203
0,0.014882190523958033,-2.173418721363187
0,0.9647369474022736,-2.1425926957466257
1,1.4732601838970045,1.005761205399393
0,0.03275593951579714,-2.6824711824458047
1,2.7026201932846545,0.04924410763654308
2,-3.12490276659107,0.5203833995391582
0,0.2051381023990979,-0.24525462441128085
0,-1.1658136969493011,-2.3238781265526334
1,1.0154035982018175,-0.24019587460779482
2,-2.6415752030561537,1.1756311510498592
2,-2.847128456127049,0.24647213296777437
1,1.259503756745818,0.2525358500485715
2,-2.320062796631955,1.4808386505894913
2,-2.2553555007625783,2.1037733048031693
0,-0.8244168340191067,-1.6435264869321307
1,2.153171689938281,-0.644404781640277
1,1.0622559269759684,-0.44912809391156655
1,2.497531212201959,0.9901103981536088
0,-0.529229293748772,-1.6874811889590118
0,-0.9446368311363329,-2.0410277474405967
2,-2.200927651213992,1.1963372503899428
1,2.1541866313184275,-0.7949446875889683
0,0.3330646591201259,-0.6498736689194464
2,-1.1871899856387462,2.4370561286485786
2,-1.3442755220207339,2.7257769477157168
2,-2.0085734654978187,1.7461084310829995
1,1.594026627987959,-0.877072789300081
0,-0.17324643480416205,-0.15701696664870363
1,1.5017634496078527,-0.6244330358115657
0,-0.9437219340988565,-1.6371279651578858
1,2.0531001028344074,0.2918456719838096
1,2.787679454777983,0.27520979578767796
0,-0.0719052292861288,-2.582357018798048
0,0.39748384430200917,-2.3802881482991674
0,-1.316910914264417,-2.499086244292283
2,-3.244825942679937,0.17134364473136593
1,1.424361881500467,-0.662729654409091
0,-0.7868899890054022,-1.8371524214589774
0,-1.1499024037798586,-1.3655252104464974
1,1.643176800454778,-0.9450011364964386
0,0.7389830555794141,-0.9312235729764805
0,-0.41691576054906454,-0.8868988286854137
2,-1.8604033078527964,1.9200626254533282
1,3.7240476912044556,1.3268228162127333
2,-3.0193650062111574,0.047252613458687254
2,-2.0687709641535355,2.3713052441801654
1,1.1471124701517947,0.5750348974482105
0,0.5221065186771153,-2.136689814743535
0,0.529888245524578,-0.32296710195991213
1,3.247634225001671,1.4558822453082025
0,0.21949489485758844,-2.1707357431040832
2,-1.8706759029886757,2.469570323100415
0,0.43188004529733937,-1.221026637426323
0,-0.09595517028848494,-1.1884970564669088
2,-1.9175829756217544,1.7621726376563005
2,-1.8734534549148425,2.4634710300440767
1,2.421224764759094,-0.12693655163788387
1,2.2628027747211394,0.4006132909962206
0,1.0548738038064713,-1.673235857487472
0,0.541768021609935,-2.0512735396690243
0,0.979232185538042,-2.25470348958124
0,1.5013348296287057,-1.3748168242676653
0,-0.24693864316093175,-2.1073093101988114
2,-2.225445266346351,1.7105805828848581
0,0.4941790581711379,-2.3889365120395523
1,2.311700584455633,-0.49029565521869234
0,-1.0785617295953607,-1.3560956951833356
1,1.6993950468325485,0.4080933318043256
0,-0.3584193574518282,-1.0835317483429585
0,-0.20132047347142923,-1.6491398434565538
0,-0.061341550184360494,-2.5650021477739915
0,-0.9395968279225679,-1.5522904008348308
1,2.3402093659799705,0.27286706728401994
1,0.870756053195747,0.266538030468566
2,-1.946559932443399,1.628357754443091
1,1.927266763611266,0.9519484955172914
1,0.5967143328769526,-0.11744812647733574
0,-1.4133881850198984,-2.367929434262831
1,1.5528305750514182,-0.8810390467813636
2,-2.661503213623612,0.2691010723742168
0,-1.1749532158261402,-2.273420620994047
0,0.07171674388022539,-0.8382761964873877
1,1.5187518031789318,1.4501361345327792
0,1.2550617373708448,-1.611468526216809
0,0.24208179019158965,-1.9073063884508872
0,-0.46029933779224574,-1.820689930204838
2,-2.373214906684118,1.8250450499361468
1,1.8525240048683227,-0.5365693761882371
0,-1.3445713358615654,-1.7658859282920676
0,0.1184042723987343,-1.3554744702694397
1,0.8426118573374692,-0.378025119535264
1,0.5002800464295423,0.21357805246421602
0,0.5549746886293799,-0.13410170421975498
1,2.1302473212111153,-0.5009376645329783
0,-1.262532794812469,-2.4021216109876153
0,0.04402859024513944,-1.1945185829222413
0,0.6628006485848457,-1.100950014934141
0,0.44587259405385543,-2.147132171259035
2,-1.7973139549374246,2.572406310637973
0,-0.456352155471773,-1.744644454051232
1,3.07957702954978,0.4927674096393915
2,-2.659399676974061,0.6991156535509531
0,0.3651764820895696,-1.6774148226747856
0,-0.6906784771165447,-1.2580898366041005
2,-2.0742379852066897,1.8808872500790614
1,1.1014808098113424,-0.7213243998471964
2,-2.1729460859304237,1.7892162430679357
0,0.31531173714210214,-0.5731705956406892
2,-2.223504588612508,1.70772078017372
2,-2.940546714189117,0.7980032859768338
0,-0.022828889859960594,-1.6031088379281901
0,0.6118810605008739,-2.116164619833408
1,1.7008407874191294,0.7589514650226132
0,0.07141879058606498,-2.380437705704023
2,-3.031938536683353,1.0738703649698187
2,-2.7057258160633832,1.3568932353598688
0,0.697437677742715,-2.4189940024665604
0,1.4064597602583617,-1.1299458438561873
0,0.6541371020320631,-1.964953340064418
1,1.7903539377739583,1.1737807075718145
0,-0.5636790831231973,-2.476635473772129
1,2.1845007263894547,-0.8474897673329744
1,3.3414923369959455,1.933647015968541
2,-1.9962182931355492,2.0008157318602784
0,0.44331141788493694,-2.4118980410831923
2,-2.0270484815130683,1.7369958843140634
1,2.207991832493972,-0.34870901856222486
2,-2.2252833088974784,1.8555556800028057
0,-1.527488185798599,-2.41851567287551
0,0.32746685926618946,-2.3483194111075587
1,2.8480999380324485,1.753490144695844
1,1.9251905734832382,0.9467414435057538
1,1.6815207391079385,-0.16987882802282217
0,-0.7209111691839174,-1.1447735030008046
1,0.42384352386524193,0.05102048758425146
2,-2.654288405022364,1.0783668001485824
1,2.823669610290739,-0.3295142792833097
2,-2.2830361363408826,1.6295075272704533
2,-2.3911557496268894,1.2800809531515212
0,0.15061566713767033,-1.9811789643098574
1,2.5551680926768903,-0.31862219476997483
1,2.0460458753414823,-0.2555370914450644
0,-0.43137676137683434,-2.6109996858482587
1,3.166492161915576,0.7532275882312305
0,-0.8813741883474182,-1.9068279384876352
2,-2.607366042114801,1.3179748001599383
1,1.535687656557141,-0.49062007959982085
1,0.4730501806457511,0.37918860008735866
2,-2.7270877284699084,0.7195035901351081
2,-2.6389290802425776,0.43947868050959876
2,-2.115758917706392,1.6562179178956373
0,0.49582199651072484,-2.051830233715916
0,-0.4762736965273946,-1.053962306885123
2,-2.9269725682977317,0.4730366717220283
2,-1.9510070772493115,1.900003730612003
0,-0.0884369043148033,-1.457313260475321
0,0.13715905374398374,-1.8467288046911878
0,0.43550074046800025,-0.8379158078970969
0,-0.9871609708325266,-1.5263231328243922
1,3.41885286671926,0.18991616983510035
0,1.1145783620488858,-1.8959051738980526
2,-3.067398843943913,0.611145421680686
1,3.6480892764837245,0.7261556713685845
1,2.6333216060465694,0.7536338383620478
1,3.2545748963378727,0.22898979398568686
1,3.748466039370684,1.6935061613021325
0,-0.4618279792143011,-1.2681415190152066
0,-0.909781364741622,-2.5580072090263535
2,-3.1732851400793143,0.25938839768784083
2,-2.3470197484440143,1.4600155915787896
0,-0.9359683735873414,-2.0272553976891228
0,0.07697856900185746,-2.3694548572558456
2,-2.2985668167583553,1.821500675487777
0,0.1898167767185603,-2.1216646463732434
0,0.12360734331952278,-1.6977361221949538
0,1.524873537317013,-1.6010448352487845
2,-2.11044362336308,2.147726261550994
1,2.4765801128521217,0.5202754429004361
2,-3.00151870000954,0.5011480974689787
1,1.1100254740868207,0.5258240161311027
2,-1.738158785411934,1.4330924422134554
1,1.8022693796577212,-0.5625906495695634
0,-0.7009145089019589,-2.4223098903935467
1,1.552157020253067,0.4277614498176321
0,-0.23581975050004028,-1.6323854099212927
0,-0.7972388264782637,-1.9481402548144466
0,-0.04788977491744209,-0.43549995054047064
0,0.2697001915508181,-2.472206890211269
0,-0.39240030154968686,-1.629017301343018
0,1.136382702205578,-1.0525738951426498
2,-1.6908628114094235,2.428953441285487
0,-0.8542323586395186,-2.1906791164502972
2,-1.7528727301790699,1.9537751827504435
0,0.12486945394135779,-2.2314897314151922
0,-1.1808723828773937,-1.3084153258893843
0,-0.9517844722565507,-2.1860454039518222
1,1.674220414962793,1.1502449964382475
1,2.2140607470239226,0.9557732115443297
1,3.4212368815548713,1.2555960457791544
2,-2.9375625273030166,0.9190033591552518
2,-1.556856392166843,2.4177029293004337
0,-1.2821073498003943,-2.303514331911681
0,-0.496790342723229,-1.1831918070819731
1,1.0103316517288807,0.9162051173611204
1,3.172013523884093,1.374946609659816
1,2.44359426206986,0.7427836145946498
0,-0.0853014388862865,-1.3432975999688337
0,-1.6002921658437235,-1.989610724750732
0,-1.0640276439841867,-2.2309114280863973
1,2.5813718112622657,-0.10246382299408835
2,-1.1749712978282714,2.293077864916345
1,1.6955535573038232,-1.0754106633984528
0,-0.8871930193219284,-2.4423526378287326
1,1.5767820366204612,0.5005099608249656
0,-0.2877405060701811,-0.918833058767077
0,-0.8181997373493974,-2.5598986097179575
0,0.5160993341832549,-2.398441297594658
1,3.0752235137698882,1.3235462049641415
0,0.22283418691385865,-2.416652475103715
1,2.940033809080888,1.186916910220487
1,1.124855385153259,0.4772152115444066
2,-2.0515295394454407,1.8993507591912313
2,-3.0225524504770074,0.05015638409981288
0,-0.5156302074011015,-2.9990842911707567
1,2.3139508507984647,1.7923153322699308
0,0.7415707901661841,-0.6247214216176682
2,-1.285162695216371,2.739092110069515
1,1.7883810040946495,-1.1394447130467913
1,3.2781323594043297,1.0520881342472892
1,2.478260802494391,1.107487335947758
2,-2.875750219793553,0.5422463015561672
2,-2.6428114142960046,0.40758420251973293
1,2.8252383260262155,0.275461271221949
0,-0.9467041252548791,-2.0172235329510277
2,-3.2489757195505597,0.17284501984790562
0,-1.398299010394692,-1.8332268850304627
0,-0.9207893907453641,-2.0626037601859477
0,-0.17585235188628218,-1.4254769549346178
0,1.1002513967434298,-1.169669229564208
1,3.3629677734116727,0.6182859331740653
0,0.0018365592175245138,-1.9490505832932417
0,-0.2861914723426985,-1.9178568878882403
1,3.450228255707568,1.7337495871027842
1,1.4541843560057557,0.028558875894863944
2,-1.691773286017694,1.9773434247700081
1,3.8938682285920994,1.1412512940295867
0,-0.7549982381317639,-1.426734255081785
0,-0.6996740489707269,-2.0177377848543157
2,-2.79864110838887,1.270515047145787
2,-2.918365370529937,0.8321028663602565
1,2.274359755785656,0.24218842615204195
1,0.7412117221814551,0.5047376603194684
0,1.2122029214282124,-1.5832354582998147
0,0.9462772932352944,-1.775672453264015
1,2.9269844596414405,0.8249993193492244
0,0.2261667930320831,-2.1252701901208857
0,0.2679659400495394,-0.7045005784166707
1,1.0853345369261502,0.4738579857060516
1,2.0177437416452975,-0.9461555454093573
1,1.1800870582178844,0.07634942438848702
0,-1.3890160589732745,-2.354676137890954
0,-1.171793215478039,-2.23654485205459
1,3.8468261205629384,1.7762153797343898
2,-2.1442146177550288,2.1090424258453115
0,-1.026730651581169,-1.6905298665635689
1,2.0706552990220697,0.1343299195710992
2,-3.099721143151568,0.460106592721019
2,-3.2098172356369035,0.2133310759117253
1,2.7544814695691384,-0.3141710606874868
0,0.31154988549790796,-1.3052549886179141
2,-2.043517693134817,1.8530386325103578
0,0.9530485300745563,-1.4900361412438237
1,1.2043848155196617,1.5018547611248998
0,1.255733200975683,-1.4811314316239275
1,1.6196709101515123,-0.15827957089915812
1,1.4390238201034284,0.5326314907250337
0,-1.6233554674390998,-1.9227780398016878
0,0.8787566092689443,-1.5261647832807765
0,-0.5392356745953935,-2.4889499135242508
0,0.6896728641581031,-1.6930223116281358
2,-1.695754212909559,2.2436240840851047
1,3.6539728375289853,1.4979226921971043
2,-3.0481578141265273,0.5357805716745967
0,0.6974948626351672,-1.6915485858636659
2,-3.215541533235916,0.21861863219868183
2,-2.91799029442925,-0.1582570865383397
2,-3.033700252559986,0.74477383526768
1,1.5994867530619372,-0.1327873267597427
0,-0.6467060860235165,-2.1345030866587726
1,1.1197053307008151,0.19219248868879335
0,0.9619141783107716,-1.7463910426084936
1,1.379681781039106,0.4671906551160372
0,-0.42842721623864044,-2.910181211458245
1,1.9242508954923307,-0.7206239538150737
1,1.4383384395331116,-0.23834792263117033
0,-0.282375612621836,-2.7853314418555524
0,-1.1734643032792924,-2.470962692137297
2,-3.12679017613901,0.20941750243735024
1,2.3193227364252564,-0.13868539481555942
0,-0.22950025655281198,-2.3845523894695404
0,1.1904051437502117,-1.1780100244061869
0,-1.128808046632885,-2.2815301179929497
1,1.263975874865694,-0.5775390202919232
0,1.1370085730333412,-1.4173461539222323
0,-0.9566091239344854,-2.2824254868927314
2,-1.880702276571736,1.7673400844732765
0,0.8178094014615132,-2.2432937829412816
1,2.905133789322123,0.19323507907610182
1,2.8779963011826837,0.3236326980769123
1,2.7657343722783696,2.0138943790818375
1,0.835024402442401,0.04617715258109297
0,0.3729259377847617,-1.1616894079113507
1,2.642866937469905,0.006644598763026088
1,2.767413260748167,0.3857335178536095
2,-2.9201926043367017,1.2355894639147331
2,-2.9576648152937954,0.5508971272002521
1,3.0254214295144113,1.8187160998378054
0,-0.4443795508294137,-2.603042578512613
0,0.33857233691304855,-1.2222395948259708
0,0.14744138264804746,-2.296989391427943
0,1.270424229367671,-1.114155639963667
1,2.2892354176595133,0.6013209078418144
0,-0.220965375091543,-2.5816829062783944
1,3.424005888913739,0.9169573253580194
0,-0.9440916035986742,-1.6547104932922616
2,-2.11848313122178,1.6811220278566477
0,1.3287317087318367,-1.2895148536916818
2,-1.9218671743217868,2.4141605868034066
0,-0.26049465939879546,-2.2541602745105505
0,0.469514811208317,-0.13368506276190284
1,3.2993304040549214,1.3754835568311439
0,-1.182163633167187,-2.104648339875888
1,1.95928466262297,-0.5731396425224833
1,2.252677227562622,-0.21263537605370947
0,1.1381955244960615,-1.0709372734181828
1,2.1835587444687037,1.0614498561960801
0,-0.9426997508845518,-1.4527023235367604
0,-0.22629935170929374,-0.8674937661651143
0,0.13553136637341268,-1.951331607692037
0,-0.294006671163735,-1.2730390096081639
2,-2.7266535784820345,1.4771756900540494
2,-2.438095162897325,1.5566880660959141
0,0.8379957191685603,-2.379295192170409
1,1.4916105671370674,1.2051041707220802
1,1.722560506260443,0.3499788224557289
1,1.7222484954801391,1.1975225262186533
0,-1.431597122443895,-2.5135939512749848
0,-0.18851124126207788,-0.011594789298858155
2,-2.4563983141231254,0.8833748893488795
1,2.143220408154236,-0.13475721671127883
0,-0.3276272087061888,-2.250521663802508
1,1.5921504136297353,0.27257150051421886
1,3.426229112346091,1.5915514655459606
2,-1.6331820959364722,2.0859948876519105
0,-1.3225409409860454,-2.260120527558022
1,1.327343955542302,0.880998870807911
1,2.8174680956096094,1.3349764968503064
2,-3.1199277258800997,0.6450395990406947
0,-0.298622532952709,-2.3677327822929657
0,0.7848208307835245,-2.310588294452276
2,-3.2030786959494373,0.21250154378383102
2,-1.4597609739919581,1.774888540013076
0,-0.6070822858456795,-0.9695811635599334
1,1.910882280697421,-1.0434799542437796
0,-0.7905948681518509,-2.7136785139469817
1,1.2429341945832761,-0.7772219265983514
1,3.24101067378093,0.5686784315503026
0,0.376894361564701,-2.440967797825713
0,-0.9175387710156968,-2.3822791563718138
1,3.2960212616131312,1.784764380392754
1,2.7044833736589373,1.50861939633074
1,2.591251232851019,-0.34076530159486845
1,2.117886075636237,0.3351068059965656
1,0.9640809909017143,0.0022232268537641375
1,2.2038029928575553,-0.29369917070231705
1,1.3684841299524566,1.0207216965018797
0,-0.38739009463934243,-2.6368793264655674
1,2.8462423701074657,0.8708849963814735
2,-2.995290945339604,0.48553350896501674
0,0.20570313247107655,-0.3313257369585244
0,0.5037211063265521,-0.7470209648367216
1,2.408354975892535,0.3808426365543317
1,3.489286246419163,0.9932349039646794
0,-1.3706653340298496,-2.11568179832904
0,-0.354127191138743,-2.778393641738084
2,-2.893453157241372,0.2890412093215942
1,1.5746959238984688,1.0310119247531853
0,-1.028702911284833,-1.0423994475153355
2,-1.8553387492221862,2.4793657638360944
1,1.787755964809566,-0.22024406856371903
0,0.10294633437583334,-0.733164993978655
1,1.7520083573901313,0.007500467191711768
0,-1.2767689528528654,-2.4851939103301466
0,1.1718357904833905,-1.3680383065474322
0,-0.5999018955180615,-2.908209863097593
2,-2.6691874089956267,0.9800627228773496
0,-0.5261715426186494,-1.12400740030736
2,-2.56128401040893,1.696019073029214
0,1.1655401193353685,-1.1589396506523462
1,0.8070056204927344,-0.01758106521779587
0,-0.48032874518176794,-2.9728758577007666
1,1.9187787955418254,-0.7484456567633431
1,1.3888529937622183,0.820244001007635
2,-2.67174546174394,1.3085467616850939
2,-3.2267688810260617,0.19181189212025018
1,3.3389147779990784,0.9741482063145885
0,-0.5993658313888481,-1.6871174724483522
0,-0.4725582769478116,-1.3321893536993041
2,-3.082617056086214,0.5915028015364395
2,-2.875871811754695,1.1850922533115922
0,0.4387949293826056,-1.9507165129952457
0,1.1527786335783252,-1.9338783598645617
0,-0.002956972709532907,-0.5094008346060498
2,-3.1367705774003727,0.5347230657718852
0,0.8422708855696346,-1.996014508462645
0,-0.036434689544274534,-2.6485184028244997
1,3.436185610641803,1.3442547304335803
1,2.8692832065346305,0.45269691578103255
1,1.7982794329593395,0.8200019427365319
1,1.9119383624684794,-0.229387317406817
2,-2.850385968183402,1.2582513410870853
2,-3.2531254964211826,0.17434639496444532
2,-2.090725061408901,2.1663379278521844
0,0.4698671464804166,-0.32766902928679964
1,3.3679896970942034,1.38710013540828
1,1.4071393216977353,-0.6431097596455992
1,1.826072421638632,0.20299893790623336
2,-1.3058805771243711,2.416920398084858
0,0.9050589865615442,-0.5754296791315104
0,-0.2980620314173515,-2.582566123710895
1,3.4832940095824863,1.257475901386562
0,-0.0797046311888808,-2.3418111206282743
0,1.312841684467809,-1.6251518596278907
1,3.7785472734549796,1.183620486143652
2,-2.5955347243325155,0.8908039386317617
0,-0.751256612976954,-2.691363420539382
2,-1.241344083687562,2.53521111311885
1,0.6723536277138544,-0.18165337799459147
1,2.5975730565061,-0.47354557871032854
1,2.4206667710206653,0.2732701388659564
0,0.32645865756249837,-2.424293949437827
0,-0.2707740936770081,-2.5794845572831644
1,1.1657192716503568,0.5505154734082601
2,-1.5622447514004905,2.5157768855221874
0,-0.06799585216758508,-2.674858740084453
2,-2.9333617727033614,0.6576703230079886
0,-0.22212757689218907,-0.9859423434198871
0,0.4809411770326659,-0.4807662775783964
2,-2.4771105852840294,1.1266205615316212
0,-0.1977985917930016,-2.7012462861823883
1,2.2335913611019604,-0.37751358117990386
0,-0.10737542722601473,-1.9616137421928286
0,0.4731309984419523,-1.1567653006127019
1,0.7580919531416468,0.15358061117982996
0,0.9904639811663906,-0.9972890064344795
1,2.612721118157118,1.4703529457659552
1,2.2610854387688195,0.1318354228735434
0,0.8135661814202608,-1.247551629715864
0,0.048258162960493095,0.23166319392008788
1,3.1307570624661767,1.3223914547728244
1,3.0258014787249117,-0.005145887183569786
1,3.1068745930163866,0.6229605061315848
0,-0.014708747470788763,-1.8339518364018919
1,1.4021670789846494,-0.7967154379452559
1,2.2421589739087207,0.45650974752776863
2,-3.0612431647451213,-0.018752369217579723
0,-1.1861065913055613,-2.0493957389211555
0,1.1496175261906088,-1.4274028432828578
0,0.967086351321074,-2.034952547715958
1,2.5948055107631243,-0.4040062061377192
2,-2.5505017014100586,1.3043054097140676
0,1.0218015524460418,-1.4267077286493717
0,-0.4867628050608178,-2.318162555406232
0,-0.8514357059522217,-1.831892728575139
0,-0.10595590951339146,-2.0193337487177487
0,0.0568485239069272,-1.9835988854690716
2,-2.330517092385522,1.8765150874359695
2,-3.042284909784617,0.23885387994207874
1,2.3384702735812204,0.0670825115694797
1,1.8895492217593333,-0.7326489557283264
0,-0.5655609182228419,-1.4782514186503422
1,2.1572701074938205,0.7896051562209814
1,3.128250774715246,1.080593219529141
0,0.7671433068043733,-1.5983340898893692
1,2.307829825498989,0.5393498395593679
1,2.305686649209966,1.5067074242089993
1,1.218910443768476,-0.18483288906590672
2,-3.0549629254202726,-0.022887429395937853
0,-0.5534955919645735,-1.5218845532749532
0,-0.36040017186094064,-2.6988068197851436
0,-0.2502255802664357,-2.4336907201791522
2,-2.0082812933888734,1.2820968909084998
0,1.0874515513431464,-2.0757620260989977
1,1.4864617344540738,0.7856536969760883
1,0.8720972694125597,0.8630120026236122
0,0.5173378275869984,-2.714345004565249
1,3.007551805057325,0.5549605606408453
1,1.6485210804894075,-0.9946039715156394
2,-2.269768848676753,1.1731370926065714
2,-2.8708455703605615,1.1889936429960524
1,1.7503635168618383,-0.3986394348797538
2,-1.6236383795335219,2.4695651809595187
0,-0.42721142673050805,-2.49451218138083
2,-1.955534920408313,2.0811249833290013
0,-0.8660905669191132,-1.8483290416682194
0,0.1376288380651366,-1.5173684978205328
0,0.211428205476137,-2.2160489169205437
1,3.21433288540982,0.04416472049792264
2,-3.2706613228441217,0.3851080638473713
1,0.8734302891307837,0.4183937934266306
0,-0.7226535950362349,-0.3440048250515987
2,-2.8826917301945643,0.945081921969712
0,0.7247993376801071,-2.161055893111219
1,2.6640096682372922,1.5658878528695985
0,-0.028826015064924715,-0.8732900107072864
2,-3.2360558372327146,0.16630775948308396
2,-1.9637388208573552,2.3758056475461307
1,3.2493731330735263,1.085513941714478
1,1.3088347973867365,0.2802676141277945
1,0.9897475078315368,-0.12081197547689748
0,1.1372883696155405,-1.334044745778852
0,-0.6847990001731924,-1.0835920375880987
1,2.2947162867441984,-0.0738090839004899
1,1.6463726091892834,-1.1035959652521063
1,0.8892163702212662,0.014013075636982647
1,3.5328408106293625,1.2297722875869235
0,1.2666060800104768,-1.2930465201179762
1,1.1876765059952847,0.5474516826661349
0,-1.0120923948277116,-1.7681560158801057
1,1.1433706493163844,0.33978021190279456
1,3.9359990506322795,1.8006933841482424
1,2.7883637805923693,0.20304042731276595
1,2.7379831690432868,-0.07578769434579002
0,0.3724013612933402,-0.9469648727256941
0,-0.6944482957627016,-1.5117806761603594
1,3.253058509426341,0.6985405962053921
2,-2.186498874912409,1.7011856568939128
1,2.0793765316613726,0.8448394604296259
0,-0.5407088623733426,-2.509192460814237
1,3.3962084296825097,1.7171084579675886
1,1.4296194868437087,-0.9033824230274857
2,-1.8508200297104191,2.0267141117314553
1,0.7323215848395648,-0.009213439806187267
1,0.5652364380894798,0.33037655722269466
1,1.4721400770370574,-1.0015860061498756
1,1.1552591045810814,-0.3092541973505366
1,2.3352492705116297,0.004308073258888934
0,1.0085280017694822,-1.1242002124546437
0,0.09208439762176016,-0.47769279899961264
0,0.25987150855832286,-0.34259027228104205
2,-1.2872503865310039,2.7597787587673848
1,1.6264920060142551,0.6760037541507234
1,0.38607320787770305,0.4681326887202025
0,-0.21871805772640524,-0.6844798526431864
2,-2.484064243569871,1.491410015390236
0,-0.6147164763067077,-2.595438389515217
1,1.8297494567458013,1.1418335015426393
2,-2.8847428922088474,0.9779557325260481
2,-2.9054326778601642,0.9653988216193002
0,0.06497542807121764,-0.4500068327339268
2,-1.9248783306022637,2.3842998350732314
0,-0.9458961725136323,-2.445196791014137
1,0.555462238008147,0.7960667155490031
1,1.8993057441983439,1.1475293911058808
2,-2.049226723745979,1.3504190822289805
0,-0.1792553506520907,-2.9741125416346637
1,1.8905891092744078,-0.3748120927333545
1,1.7346521887745647,-1.4217914772153093
0,-0.40509020508174487,-1.091557531224883
1,0.5988225176580547,0.44721219010265423
2,-2.9925748306807267,0.38182163414664205
1,1.012140955308768,-0.371720945311265
0,0.1262869602109543,-2.260307588906897
1,2.2482131849649747,0.4658584899021676
1,1.4509027318408028,0.7022445922491292
1,2.8436092447422414,0.02937415349764949
2,-3.255615362543556,0.17524722003436927
2,-2.5937927172009916,1.6572996346086672
1,3.8344907840105096,1.2144764988316266
0,0.575607142922559,-1.9034600717628605
1,2.440969516712609,-0.7407901878232312
0,1.0453623507252023,-1.27622963708438
0,0.6981742330137797,-0.6022454031271971
0,0.6307378870254022,-0.4677870661718228
0,-0.3753107873515442,-0.4134793211231494
0,-0.825010072506418,-1.821591325152786
0,-0.054468380741978906,-0.8215387034798954
1,1.6752216572178869,-0.6411547768765119
1,1.5525224025321485,-0.6309124065636855
0,0.1189334714998056,-2.2550953434071146
1,1.4216580676512462,0.3483790759840189
1,1.2548584645839205,-0.589658502974769
2,-2.01649967737813,2.378427852082123
0,-0.09396440434943,-2.0247055858526544
0,-0.16959940811676447,-2.4292965954653836
0,-0.8567632113471799,-1.5641337501728756
2,-2.4322490722024037,1.3882460277865825
0,-0.9847927758272065,-1.5289396604522691
2,-2.6391996752602425,1.373121064087556
1,2.3436282060159828,0.7421425001577151
0,0.09097212104561869,-2.2623997581028767
2,-3.0808479571993503,0.7140996549140683
0,0.3456379275179465,-0.9673240239000755
1,1.011199534576662,0.6815594232853099
1,3.778354033500164,1.2169324683598057
1,3.315251347149611,0.9059026041648481
0,-0.8389958265900126,-2.3575556265196673
0,-0.8811111153710931,-1.3074754177900905
0,-0.5715061705656077,-1.9284833984729155
0,0.6574072566804203,-2.4443394238209737
0,0.6631790052873254,-1.4022981608400062
1,1.7418931078996147,0.12225825222416162
1,1.2762403744406199,-0.38631100310053473
0,-0.10204592396552592,-1.289976724386837
1,2.566089873355849,0.476857264413889
0,-0.609861360007556,-2.904606562817898
2,-3.084481915220609,-0.010344668564957249
2,-2.7592747600202707,1.0457175669430028
0,-0.6148410922523033,-2.9028049126780506
2,-2.6392759511731283,1.3844468459510644
0,0.036147755245648894,-0.68537677943259
0,-0.8510842129644622,-1.3926164613663576
0,-0.6128217778359066,-2.9016726027327717
1,1.9394885943266793,-0.7919928378871273
1,2.5529177749067875,-0.5362929810940722
0,-0.15218306008743493,-2.4885368714298775
2,-3.243166031931688,0.17074309468475007
0,-0.958277664140295,-0.8331050416417103
1,3.29599828209574,0.7038390323737309
0,0.0894990448885867,-0.1842140283141044
1,1.5812112242041843,1.1825946200531756
0,-0.40220202500200514,-2.5334273335728996
1,0.9712868314835963,0.6278407541143415
0,0.4534417813958931,-2.4061929503669313
1,2.3408962151524935,0.15911786905351977
1,1.915540608634693,-0.850407059777382
0,-1.3556898230203893,-2.2136012717584457
1,1.9610917893902537,0.6571550498350818
1,0.6225513580213278,0.29497503379015744
0,-0.3456574782621202,-1.7190353212294605
0,-0.00822591492239011,-1.12423477470924
1,2.0502795350907537,1.2566214204508936
0,-0.8940755112299743,-1.7422505460067914
0,-1.1694235719727504,-2.036231682552951
0,-0.7632297240635808,-1.7545542817605109
0,-1.3451485628161293,-2.4796064962814093
1,2.480149369782746,0.1639876393328935
0,-0.012773476157650399,-2.5393732925555654
2,-2.3778073712864254,1.478674126671685
0,-0.35756654659988296,-0.4265826945545356
0,-0.6413133399300684,-0.6535889158240877
0,0.5157428373316586,-1.9780479731571452
2,-2.097663989692255,2.2901398143849225
1,2.266458878835093,-0.11635648795596648
0,-0.6466766091744467,-1.462498344375334
2,-1.7225352458295748,2.659900811835176
0,-0.2798171600066711,-2.7823313052814647
0,0.2482957336385094,0.28188689337478195
0,0.15814832894108433,-1.2313613851221654
2,-2.663218990120315,0.8035796293635037
1,1.9377040778575794,-1.1352879189795255
1,1.9681637462106472,-0.05311285126306309
1,1.7491016737098333,-0.6249399031045703
0,-1.72399084605126,-2.2218823985617426
1,3.6360591953728307,1.5823305629260904
0,-0.2324119624509148,-2.4050079498302837
0,0.6640449511891823,-0.9808273493274422
0,0.20927400836221763,-0.7049032654312614
2,-2.8556393915563287,1.2096503065493724
0,0.02706057616063906,-2.317842013831695
1,0.6527658548090262,0.6040479857897388
1,2.313049837428852,-0.7716324177159861
0,0.055251331968272976,-1.7630034406760817
0,-0.47791327087128194,-1.8298902752524975
1,0.9444420567711808,0.3788727696114781
0,-0.3092327568999069,-0.5683486322564117
0,-0.80409049598928,-2.5650032851141926
1,1.6290461243594478,-1.2628474975465505
1,2.545653418710885,0.09214984956888916
0,-0.16640451333793993,-2.6526409978561816
1,1.5926877302703717,1.0739078996084745
0,-0.8067234239283647,-2.709706148496026
2,-2.8821113129542244,0.8717578079827415
2,-2.8579026295597374,1.1097935153165346
1,1.707275031746543,-1.4135493365100391
2,-2.8585991732785208,0.5418082675951721
1,2.4048710568938434,-0.13914537041585373
2,-2.8189571663801116,1.1862560228439254
0,-0.1792380846912413,-2.4325821768073332
0,1.2786966123688668,-1.8630065018827107
0,0.25408709392010675,-1.8019278661345879
2,-3.054159683647617,0.2979135025991404
1,2.973647098433981,0.026808897015218824
1,3.868642760943156,1.7393704438146713
0,1.0200879986791986,-1.9610431663334675
2,-2.9349147168509893,1.233832195700729
2,-2.9260944353127387,1.2353122394867035
0,-1.3656910055849976,-2.110403703497548
0,-0.2879811510489032,-0.6787540557993929
1,2.9050283863487696,1.4970294463673275
1,0.5417163241854674,0.5302187507726761
0,0.6405365196450792,-2.393372044632239
0,-0.18629330931496865,-1.4403395136569923
2,-3.2204708875389825,0.1893090180391227
1,2.034654745494062,1.2631844377072179
0,0.08041417359997594,-0.6599007495055506
1,2.3515634564385977,1.2621250657024534
1,1.3687992725080977,0.5760838853182768
1,1.2079643737819679,0.005194721405099356
1,3.370405401373074,0.9539055490813386
2,-2.6486368245831944,0.7596365426547363
2,-2.0524206021326767,2.2106889551209115
2,-2.3419983393576738,1.887583690349976
2,-1.5737435479526272,1.9564437200505198
1,2.9399565166031945,-0.03240592689894628
2,-2.2927522492880734,1.6102245705102247
2,-1.2718880651227686,2.4777970541234637
0,-0.5874525649061932,-2.9127139884472126
0,-0.5959685037484159,-2.6731192303035103
0,-0.2054141427856251,-0.9269758446801315
1,1.0527512364847365,0.024688321990390755
2,-2.7008902718483667,0.1103150103268275
1,2.3353972373181078,1.0612603424725822
1,2.053026740200948,0.8111180153707855
0,-0.19703022567179443,-1.8376492776271485
1,1.472805165291669,0.6165315044850618
0,0.8274128821636165,-1.5035650904669662
0,-1.3083398007667344,-1.4323212343618372
1,3.6084225689319824,1.4138589855556691
1,1.9306088715196363,-0.4173949455244221
0,0.16790430912204152,-1.4634137809420527
0,-1.0313551693070526,-2.1624082270050677
1,3.304679118733054,0.8426396232132256
1,2.2058048522427502,-0.6969978057911438
0,-1.4034287205304037,-2.3715327345425266
0,-0.264091075060757,-1.1445338395510605
2,-3.063733030867495,-0.017851544147655884
0,-0.29036409410318226,-2.5078998822572243
0,0.5166310383917303,-0.08328890429412383
0,-0.6246502685202848,-2.262233573006251
2,-3.201368131048757,0.21123092237125685
2,-1.753019694118605,2.6634898795020776
0,-0.7891893976101508,-2.0374711162466945
1,2.1052924648958564,-1.0663460808931462
1,1.8271517525527816,0.1751253841095815
0,0.844656641675593,-1.4893723083890251
2,-2.9636228646123506,0.38908664043507696
0,-0.2566469960239749,-2.7946399675780986
2,-2.146188910089518,2.1244874471181463
0,-0.6091770961529919,-2.1330415329761174
0,-0.1452271803129841,-2.9864238175902895
1,1.5433085565141251,1.1841763535279377
0,0.7415884492062502,-2.323905287266425
0,0.6743427773422915,-2.120104052723167
2,-2.0214041666935163,2.048680207907845
0,0.37570595708500004,-1.8046041383308695
1,2.845838352652683,1.2272488041583487
0,0.22275252584107796,-2.430737112466339
0,-0.05714630930587647,-1.1248745247595147
0,0.4474214005231853,-0.5650966731372998
0,-0.2547569333218281,-2.8882739988097823
0,1.2160377248480208,-1.235133950518157
2,-2.634855690515777,1.2698185630616474
0,0.10244617078067231,-0.8696722796168905
1,0.9811463096967032,0.3836779092923569
2,-2.202052935498043,1.843840802970758
1,2.4700782524386553,0.620910285695353
0,-0.07848991770200098,0.07707999732392243
0,-0.698973004068473,-2.0511702400012113
0,0.49207042368512854,-0.8789366877170479
0,-0.1404133987351422,-2.2608417943474266
1,2.5789490353105684,0.006317998567222649
2,-3.2240407957302106,0.1903563338763623
2,-2.216698250620014,2.0759190706760187
1,1.942317488541458,1.3826026177860298
2,-2.7945886794087085,1.069230556351799
2,-2.9135868796465676,0.8010414957507715
2,-3.153370182377195,0.27937784089943646
0,0.08800846134865702,-0.8563274398604124
2,-2.289740467062202,1.2353946639381599
0,-0.8102041166433146,-1.5621877788142973
0,0.43110997103257803,-2.3391529629459633
2,-1.6865329915307687,2.0475386553178505
2,-1.8667464121710053,2.179146633980528
2,-2.0969173548297873,1.839488472821747
0,0.813185076693674,-2.004655357878496
1,2.885333898709391,1.8099603384452774
0,-0.4841375723050995,-2.631900781918239
1,1.29835827559179,1.2788098353497948
0,-0.10529093829041287,-0.06083450230874969
0,-0.8327542162585917,-2.5568684342932246
1,2.1339656429170644,-0.5443549989949047
0,-0.48948884971924905,-0.5186211192157277
1,1.2291936050385692,-0.581089090612989
0,-0.034650193688018804,-2.550677821059475
1,2.0387950739590206,-0.9603434628737135
1,1.7695588107023628,-1.4019689389937346
0,0.19459762233076736,-0.4454479388470888
1,2.471741731160285,0.5355769037303819
2,-2.591795718900829,1.2164777629383867
0,-1.2580302231825093,-2.5406119160044014
2,-2.8094482616100653,0.3353783110630002
0,0.7688881694248584,-0.6153632513329995
1,1.813065170524729,-0.38076822796477094
0,-1.1637259837227683,-1.9023457947264928
2,-2.715118596596594,1.2572787423302656
1,0.2834846582862492,0.6545294227130165
1,1.7692161215433058,0.19075955060745597
0,0.2805938528819576,-2.3915289147416714
1,2.6603463620101495,0.71017151902492
0,0.10168651530660695,-0.4200843877708062
0,-0.9924361135677042,-1.182210072848331
0,0.19997191849655585,-0.8333054287652846
1,3.6803001506778448,1.2961466145195049
0,0.022692161068783412,-2.263050993874295
2,-2.7203941880295774,1.3528465250373414
1,3.5597774652076435,1.2211538979847916
1,1.4854877739520995,-0.1089749649513038
0,-0.20201790754473642,-0.24188299248618383
1,1.126484247492758,-0.4608738901508776
0,0.037205548805018945,-1.488149736548169
0,0.3983730383660021,-0.5395147247639056
1,1.7378611508803266,1.5510961949431656
0,0.4750135444323536,-2.0295251360090703
1,1.107671065744934,-0.5791276846750864
1,1.3273659875061798,-0.618754092259187
2,-2.073933559598866,1.581927234513138
1,3.532692141917699,1.0175005328406546
1,1.3929087050762454,-0.19029883589107457
0,0.5328999426541988,-1.5438289403385537
0,-0.6904184551419301,-2.3336436373933465
1,3.078230442505053,0.4814271074791161
0,-0.3743212626507389,-1.3885236108359436
2,-3.2443553909739595,0.1693105097161634
2,-0.9512080955207245,2.280549176967957
0,0.20507449389704735,-2.5899903677387734
1,2.2367721061549237,-0.04371068621254348
1,0.857698713827842,0.6291962619232438
1,2.335300105178549,-0.41022044955562653
0,0.6952305329504267,-1.0871696254244219
1,2.7928223011210047,-0.2937844606908433
0,0.7931081019784799,-1.8402596490811405
0,0.6051098461937405,-2.235898638880158
0,-0.07861212870975315,-2.358520565505697
1,2.5784991407516564,-0.24499779608004524
0,-0.5188509967982179,-2.4767057451379846
2,-1.236458732684196,2.5547660567590236
1,2.7149247155436207,1.2805019930130512
1,1.6153000454416666,0.7599673255979245
1,3.387109744528909,0.6751424889872214
2,-2.2724529160632807,1.6389670162270618
1,1.5138299583316555,0.4743511704403426
2,-2.3582195304599214,1.284736437516817
0,-0.658837427815335,-2.782091564843158
0,-0.4186619325113878,-1.6939484818938344
1,3.7624081268863483,1.587385045332666
1,1.895458506564033,1.093910439479664
2,-2.8152217440138516,1.2791479554570315
2,-2.465996734016862,0.9591760312519686
0,0.9676993025850514,-1.7995218999240152
0,-0.7447569531715706,-1.394326195910868
0,-0.9649174489840424,-1.7494043855456485
1,2.426438842149311,1.9307453166913535
2,-1.7065672652618895,2.365153094107287
1,3.3725124043876984,0.9987544779537206
2,-3.2423360765575633,0.1704428196614421
0,-0.7386280573178392,-2.4764988390231584
0,0.932584217302743,-1.176662923453503
0,0.6434051676568675,-2.1210498631194654
1,1.5213878707234167,0.8380148699469213
2,-2.4307563512924824,0.044234775258674974
1,2.8382592831351428,0.804862553151033
1,2.3593390776969345,-0.6923160364282546
0,-0.9259569580223803,-1.3167408453216576
0,-0.10289614991062154,0.05821371479959358
0,0.031315525554774404,-2.6585376861006274
1,2.2190887243963755,1.4024871356412192
0,-0.16002579502213074,-0.5968473920026258
2,-2.3040666498282314,1.7399619304643426
0,-0.576733461309798,-0.6996250400554543
1,1.316406197574932,0.650712755093605
0,-0.0881706559494021,-0.956239222925362
0,0.9791953264388071,-1.248640362750408
0,0.9266669706722753,-1.6483584428540683
1,1.0676763323891083,0.6609006364559946
2,-2.522493258157989,0.5927328237017494
1,2.3089486322258117,-0.02363364425918718
0,-1.0068596446440372,-2.143595490071842
2,-3.067052852363993,-0.01665044405442412
0,-0.30728392114696446,-1.2798604976920742
1,2.2610168516382316,1.0793587685753272
0,-0.6148410922523033,-2.9028049126780506
2,-1.1420194337785254,2.4867552248394422
2,-2.8313277076549372,1.2558263130343421
0,0.4242498447633932,-0.23397093854261108
1,3.8406021656017075,2.0253069315021897
2,-2.2492071046233137,1.6829751003496927
0,-0.21612450850675888,-2.06012823799669
2,-2.2660665795002926,0.9701576627628059
0,0.36183322468605217,-0.5691325740193652
1,1.766865612679258,-1.3262519449752797
2,-3.2485051678445824,0.1708118848327032
1,2.0527080654355974,0.21275267524589186
1,2.0416955102491894,0.8772064907908736
0,-1.083375369649644,-2.0213543733470773
2,-1.7585413530775957,2.219477687092364
0,-0.27006154551733186,-0.5893473682655723
0,-0.9795154856546997,-1.4975119266028307
0,-0.7534875736612002,-2.443290720130654
0,-0.8994610035636504,-2.0220240294857836
0,-0.17724232286564903,-0.01559475591644166
2,-2.440590492931909,0.6339421374324341
1,3.1685651975346234,0.714539407662631
0,-1.0388941243341323,-1.7822375327044535
1,2.2919495849373654,-0.366594076986394
2,-2.8489986148936244,0.9072470418885535
2,-3.0566228361685215,-0.022286879349321997
2,-1.265362567977002,1.9856682689584513
0,-0.4744355146688017,-1.7957169437662839
2,-1.7039399381926048,1.5893067620869825
1,3.627695058584513,1.5059983354774626
2,-2.452739965301908,1.5439925383099002
1,1.8310245919625756,-0.329969151903387
0,-0.839327664242195,-1.5696600756201393
0,-0.06624562974618106,-2.0000166828630936
0,-0.41214422508046145,-2.4028882765362045
1,3.398449191843546,0.92831108580034
0,0.8529329967048642,-0.6537249704784355
0,0.9638380328515128,-0.9821254094817192
0,0.8003955677183102,-1.7353235760142036
1,1.7764606486783825,0.12868102611597024
0,0.17508334762314842,-1.5685239786682548
1,3.416390749301333,0.7401718202096841
2,-2.3763666453193735,1.7382109217326855
2,-2.645322388428849,1.034499864853923
1,1.7485822624843455,-0.5661850561664485
0,-0.12851254922146166,-2.4317279676994614
0,-0.9968587328833953,-2.005887993370841
0,-0.3653228312215462,-1.8631142670546146
1,1.2720618105514547,-0.7762547505756421
1,0.876518360055908,0.7732701310846211
1,2.3457332305643663,0.0186815339626632
1,1.8272980119589386,1.6021703597676535
0,-0.6020323579722875,-2.905576178035775
2,-1.2331524178623086,2.555177919731023
0,-0.5361849135016371,-1.036704539624387
1,2.447766498311087,-0.7377547628589665
1,2.2151309077261234,-0.02126903708723704
0,1.1177639589608344,-1.67046146000449
0,0.8429088928322688,-1.4944150767046114
0,-0.966712511264493,-2.157904823849963
1,1.9394081581829656,-0.6342013322952753
0,0.7746905285863396,-1.8762142887119784
2,-2.8761012745232315,0.0828963773303556
1,1.767305126490809,0.6786544686602471
2,-2.925227810522198,1.2431408565628836
2,-2.811783147754592,1.2708769974701524
2,-2.4024084270027743,1.1678580866300396
0,0.30358643784113004,-2.5976027829102373
2,-2.118083930632552,2.2403188707178345
0,1.3808214138314105,-1.5409201706710056
0,-0.6295998847181687,-1.31144327479105
1,2.493417570009779,0.2538144096758394
0,0.2895029471397872,-2.2467055438292323
0,-0.04286077453313858,-2.727614880946331
0,0.8068540452446967,-1.8564911764996652
0,0.9945793445452944,-2.1148773652941064
2,-3.0920582771540532,0.19681370003827336
0,-0.9426604480412208,-1.9243327075879995
2,-2.7910337595847166,0.5617427913597984
0,0.5212923472920278,-1.3214153728029516
0,0.6243987490972116,-1.1072243823524432
0,-1.2085705202978452,-2.5986686480413774
0,-0.17866329822888455,-2.4988572390983426
0,-0.576789072595159,-1.267065882210676
0,-0.32178689944607064,-1.5258190127084694
0,1.0620121613987623,-0.8607007365890101
1,1.2640025118164149,0.8943754270857824
1,1.8363204901509889,-0.017403869701343083
0,0.5459991148786227,-0.14689902948356987
1,2.721708082253033,-0.003496666183140096
2,-3.232609829481775,0.19389459425140682
1,0.6378382739259474,-0.213432474718176
2,-1.510175500584598,2.4429553148638132
1,2.170260186066802,-0.18821728683231181
0,1.195166025401002,-1.3044608151279489
1,3.335696965298098,1.4421964734899597
1,1.9571182594500829,-0.8622053973303406
0,0.7933351022569946,-1.6572855541654274
0,0.46510235234977226,-2.5397875525709184
1,0.8712744304910329,-0.10115916119597956
0,-1.4463642811714048,-2.4395402503207118
0,-0.46841832278184414,-0.829499665510207
0,0.4276284029526221,-2.663740467640957
2,-1.918024939598177,2.106259584441076
0,0.45568406999810035,-2.313439819500122
0,0.37817852039866934,-0.06759516176227882
0,1.1100489533412385,-1.2712814724837587
1,2.1224741358589507,-0.049299469965531695
1,1.816506944339679,0.20671625879587502
1,2.8445272026213173,1.6972464220127588
0,-0.3515178219179325,-1.21471012260273
2,-1.846122928290015,2.30141736528159
1,2.87760001732617,0.6415840803696371
0,-0.7991735650533318,-2.516139795947155
0,0.22747764641169282,-2.517590408565938
0,0.6426417788529631,-1.6747311843406567
2,-1.2689131698539382,2.7527744201648128
0,-0.33546061599146004,-0.9245632827251515
1,3.0551090971768318,0.6191561085078621
1,1.7534212896508956,-0.4965738025124188
0,-0.8775616907892625,-2.1520614041306967
0,0.008261926170586686,-2.149492541835409
0,0.7928195205237947,-2.122960221126461
2,-1.9618322915877409,1.9048053438729484
0,-0.07416121880616033,-2.262929263916205
0,-0.00536892775235126,-2.0980015584054463
0,0.8295745614386296,-0.5751578304029756
0,-1.0883559209085043,-2.0048263561262107
1,2.2028884594818674,0.32024233370007565
0,-0.7741752870541083,-1.2291794500918798
0,1.13934548079674,-1.9883029350355839
1,0.4982617542761259,0.6456912494578716
0,-1.5000231404932562,-2.31102336535854
1,1.8561269077332283,0.2637001250051273
1,1.2176648973935185,-0.6229787387033733
0,-1.1755947657335184,-2.4683290070754786
1,2.0527387154387333,-0.42195534473066104
0,0.7652899455611869,-0.7660079440613168
1,1.6431015580510853,0.5445168352305657
1,0.9808386939765673,-0.5288417101852988
0,0.7207068717276026,-0.5139820098030468
0,-0.10757643910173881,-1.4064813050746179
2,-2.491176213223588,1.4140885238883707
0,0.3086004265088443,-1.3720028529886161
0,-0.8390752767614563,-1.949258762849262
0,-0.8701862009668802,-1.7900959611582792
1,3.6555206057110414,1.2485714387325753
2,-1.7810105372126246,2.162403130681457
0,0.34166204070503176,-2.529699273629781
1,3.5505206235650677,1.2945419072816722
1,2.457601619089495,-0.658801746397081
1,3.1435986240209903,0.5353273698583398
2,-2.3385722727519815,1.801935089774554
1,2.4235657102684636,0.6183832169041658
1,1.8169388137929174,-0.34382131793283965
1,1.7729205574505875,-0.49541405101447616
2,-2.6221430798490983,1.4274676577691983
1,1.4980932127165145,-0.8920241383104776
0,-0.556583621283565,-2.2435441659838964
1,1.514524993855397,0.6066812590668321
0,-0.6178015100806541,-2.899870952592924
2,-2.8219647706574005,1.0696693288458354
0,1.1238574059344442,-1.0934488689480233
0,-0.33828686833573907,-0.9835915322581777
1,0.5847949824517235,0.009729660235809824
2,-2.727579924636539,0.9465905055178174
0,-0.06374645447411859,-2.366402629619084
1,2.1524674621893567,0.3152256513851195
0,-0.6020646846040106,-2.1295778691120795
0,-0.6136517332100313,-2.901372327709464
1,3.3634103914716147,1.0048974950246692
1,3.4907783624349915,1.2919334713377348
0,0.18563023039513876,-2.086277519919892
0,-0.6233897915392215,-1.3036534283076968
1,1.8708416479993348,0.9196684516251143
0,1.1397521193511817,-0.9200852524946307
1,1.3480750695545816,1.6258665329520008
1,1.0030963778088002,0.772117238697872
2,-1.6235655446743789,1.8579451253769732
0,-1.3315879343906134,-1.486058358294522
2,-3.0474784012607152,0.03194936799606596
1,2.900702089415087,1.0808905213863471
0,0.19534449577564697,-0.24753116245850884
1,3.07013771589165,0.7059342779246879
1,2.14500595385454,-0.15865882460601133
0,-0.33650968334018216,-0.4114149185125586
0,-0.97941775547961,-1.6904578215409198
2,-2.030529528410172,1.5262561461816175
1,2.517484914315689,-0.47703161931520877
0,0.4959386007626738,-2.4789814854002263
2,-2.8279099336613305,0.29717556448413
0,-0.9196859238991941,-2.393526549038174
1,1.5116103101317298,0.4147147910097253
0,-0.05242956161736023,-2.120120232573249
2,-2.529140463821233,1.1889916039388353
0,1.1435880972983947,-1.0532470319878489
1,2.0561514781004826,-0.8726449444127454
0,0.5301138636033489,-1.7575518607621208
1,1.5308082389948914,-1.1999403823964243
0,1.170235413450067,-1.276015363587304
1,1.0221339640789557,0.1617116184432284
1,2.595982034186651,0.3286176809196715
0,0.35494921973211,-0.04863912939408631
0,1.1037842978174424,-1.9114596782151567
0,0.42423049784444133,-2.156528842477104
2,-3.2398462104351897,0.16954199459151825
0,-0.18422406629078,-2.799894163020033
0,1.1653260536817858,-1.295957657805714
1,3.1821058094678194,0.11409226984132259
1,2.2205080822563006,0.013128294329597001
1,2.482755331979627,-0.24665064668891218
0,0.3423756835481137,-0.2420700142664213
1,1.6082015455168623,0.7376619075224111
0,-0.57226665090706,-1.690643183284669
1,2.2711317494476524,1.531064685852198
0,-1.7423566278483236,-2.0108204546555086
0,-0.6053697035850358,-1.801644565013907
0,-0.2934284437816912,-1.9100381444147903
1,2.0262694985628515,1.326007300080839
0,0.4127847499032603,-1.1471388264684659
0,-1.057273514595917,-1.2889166906558636
0,0.044325193664000284,-0.1892731465941059
1,1.4710668087156804,-0.9350238267613133
1,2.2740704284288578,-0.6324399634375019
0,0.5770434305788957,-0.773972498241678
0,0.5611459554831904,-0.45409814431283846
1,1.4306366059400335,-1.0584639090382888
0,0.4762171561009581,-2.053594002317429
1,2.9915644028458934,1.0004098420021523
1,1.9971716123305572,-0.868327129355895
2,-1.6496484840774464,1.7748673963708055
1,2.0131642763726134,1.2181523383609527
1,0.787509981561273,0.002605543971174684
0,0.5072373782538018,-1.6686638109076881
0,0.09258187745551005,-2.4406561119779493
0,-1.1664104339266919,-1.9278372786188773
2,-1.8981580620904146,1.7839432421138575
0,-1.066437901935765,-2.2454884829542574
1,3.1823910568106597,0.7806789357186625
0,-0.6867216183350247,-1.3059478117431234
1,1.7123346610324104,-0.9492256812525868
2,-2.544933613420036,1.2859945052000934
1,2.1332106000559623,-0.7506211413740745
1,2.084178447906238,1.3682802273102506
0,-0.11152548619962388,-2.717770147732725
0,0.6440867182173505,-1.9988476065920693
0,-0.035991352055189274,-2.711478531231569
0,-0.757773359759214,-1.7382388341063313
1,2.378979301614193,0.8062226295117054
1,1.7293541088496802,-0.8978495993984115
0,1.5245869785849973,-1.3180175325985237
0,1.15865070397712,-1.1809059877441164
0,-1.1474869137604378,-2.2738608078661806
2,-2.167974129260603,1.7452817692513418
0,-0.6122009379084166,-2.26673769835587
2,-2.499463535361383,1.4511614628452516
2,-2.631229793589278,0.5449862730001196
0,-0.34771147750909986,-1.6963025303837493
1,3.3671801334805425,0.43745683850303596
1,3.159409291906266,-0.006607481666040416
1,1.493917353812952,-0.6566561253432763
0,0.9799532493460685,-1.5706072680301848
0,-1.0071213441033535,-2.262954100454175
0,-0.17593067537002202,-1.279620831867734
1,1.2712204915082332,0.8520191524633783
0,-0.5331796284817519,-2.3170610497625796
2,-3.0422221313331144,0.0007967932007023615
1,0.9749820928789338,0.15192156533563253
0,-0.1568465555507278,-2.9822199672639784
0,0.38216941862911985,-1.642103540632987
1,2.91972279359722,0.2428208973477315
0,0.22370149715456064,-2.047112166080145
0,0.014447954174356792,-0.8787360923152843
2,-1.6232722110189297,2.017675901764099
1,1.0730129751979933,-0.07032749529277414
1,3.4160284181012495,1.0991535418374232
0,-0.9589699584739216,-1.6324928297374217
0,-0.0931283309499879,-2.4541088289174295
1,2.858974449098848,0.7977002303256098
